FPS|deltaTimeS|renderingMode|numTris|numDrawCalls|objectCount
50.00002|0.01999999|instanced|1686|7|1
50.00002|0.01999999|instanced|1796662|24|1
10.94688|0.09135021|instanced|1438298|28|1
44.47134|0.02248639|instanced|1794970|17|1
5.034053|0.1986471|instanced|1794970|17|1
79.35249|0.012602|instanced|1794970|17|1
69.6733|0.0143527|instanced|1794970|17|1
67.65668|0.01478051|instanced|1794970|17|1
64.4496|0.015516|instanced|1794970|17|1
62.77661|0.0159295|instanced|1794970|17|1
69.33325|0.01442309|instanced|1794970|17|1
63.14724|0.015836|instanced|1794970|17|1
64.68517|0.0154595|instanced|1794970|17|1
52.39634|0.0190853|instanced|1794970|17|1
78.7656|0.0126959|instanced|1794970|17|1
69.71116|0.01434491|instanced|1794970|17|1
70.80048|0.0141242|instanced|1794970|17|1
70.37|0.0142106|instanced|1794970|17|1
60.40472|0.016555|instanced|1794970|17|1
70.46223|0.014192|instanced|1436362|16|1
38.34591|0.0260784|instanced|1794970|17|1
54.88926|0.0182185|instanced|1794970|17|1
58.17505|0.0171895|instanced|1794970|17|1
58.33319|0.0171429|instanced|1794970|17|1
72.08871|0.0138718|instanced|1794970|17|1
78.6887|0.01270831|instanced|1436362|16|1
44.80589|0.0223185|instanced|1794970|17|1
41.10472|0.0243281|instanced|1794970|17|1
85.56004|0.0116877|instanced|1794970|17|1
57.43066|0.0174123|instanced|1794970|17|1
56.26608|0.0177727|instanced|1794970|17|1
46.77268|0.02138|instanced|1794970|17|1
58.60361|0.0170638|instanced|1794970|17|1
82.68971|0.0120934|instanced|1794970|17|1
44.81572|0.0223136|instanced|1794970|17|1
79.673|0.0125513|instanced|1794970|17|1
93.29668|0.01071849|instanced|1794970|17|1
82.45514|0.01212781|instanced|1794970|17|1
136.1471|0.007344997|instanced|1794970|17|1
115.8655|0.008630698|instanced|1794970|17|1
84.76515|0.0117973|instanced|1794970|17|1
112.8388|0.008862202|instanced|1794970|17|1
134.8163|0.007417503|instanced|1794970|17|1
123.434|0.008101495|instanced|1794970|17|1
126.0017|0.007936401|instanced|1794970|17|1
117.1866|0.008533397|instanced|1794970|17|1
122.0419|0.008193905|instanced|1794970|17|1
66.15289|0.0151165|instanced|1794970|17|1
64.83485|0.0154238|instanced|1794970|17|1
70.95468|0.0140935|instanced|1794970|17|1
118.461|0.008441595|instanced|1794970|17|1
138.2055|0.007235601|instanced|1794970|17|1
162.9275|0.006137698|instanced|1794970|17|1
161.1007|0.006207299|instanced|1794970|17|1
106.2597|0.009410906|instanced|1794970|17|1
99.88519|0.01001149|instanced|1794970|17|1
71.83028|0.01392171|instanced|1794970|17|1
23.12187|0.0432491|instanced|1794970|17|1
86.57111|0.0115512|instanced|1794970|17|1
128.6306|0.007774199|instanced|1794970|17|1
148.6812|0.006725801|instanced|1794970|17|1
134.6911|0.007424398|instanced|1794970|17|1
95.32069|0.0104909|instanced|1794970|17|1
59.6687|0.01675921|instanced|1794970|17|1
111.3152|0.008983497|instanced|1794970|17|1
136.6475|0.007318098|instanced|1436362|16|1
103.4672|0.009664902|instanced|1794970|17|1
83.74085|0.0119416|instanced|1794970|17|1
56.92299|0.0175676|instanced|1794970|17|1
50.53951|0.0197865|instanced|1436362|16|1
47.34557|0.0211213|instanced|1436362|16|1
43.27468|0.0231082|instanced|1794970|17|1
113.0774|0.008843502|instanced|1794970|17|1
172.3395|0.005802501|instanced|1794970|17|1
160.2462|0.006240398|instanced|1794970|17|1
136.1396|0.007345401|instanced|1794970|17|1
116.4931|0.008584198|instanced|1794970|17|1
111.8193|0.008942999|instanced|1794970|17|1
65.37059|0.0152974|instanced|1794970|17|1
84.72205|0.0118033|instanced|1794970|17|1
68.46407|0.0146062|instanced|1794970|17|1
98.30427|0.0101725|instanced|1794970|17|1
101.9046|0.009813102|instanced|1794970|17|1
69.27413|0.0144354|instanced|1794970|17|1
76.43449|0.0130831|instanced|1794970|17|1
160.0666|0.006247399|instanced|1794970|17|1
183.13|0.005460601|instanced|1794970|17|1
105.7496|0.009456299|instanced|1794970|17|1
61.70403|0.0162064|instanced|1794970|17|1
101.9576|0.009808|instanced|1794970|17|1
161.4466|0.006193998|instanced|1794970|17|1
148.2931|0.006743403|instanced|1794970|17|1
145.862|0.006855797|instanced|1794970|17|1
123.136|0.008121103|instanced|1794970|17|1
73.46029|0.0136128|instanced|1794970|17|1
98.02668|0.0102013|instanced|1436362|16|1
93.57253|0.0106869|instanced|1436362|16|1
77.97878|0.012824|instanced|1794970|17|1
64.10423|0.0155996|instanced|1794970|17|1
63.90714|0.0156477|instanced|1794970|17|1
63.77308|0.0156806|instanced|1794970|17|1
75.32615|0.0132756|instanced|1794970|17|1
81.42992|0.0122805|instanced|1794970|16|1
120.6913|0.008285601|instanced|1794970|17|1
124.3952|0.008038896|instanced|1794970|17|1
106.4395|0.009395004|instanced|1794970|17|1
128.5711|0.007777799|instanced|1794970|17|1
169.3051|0.005906498|instanced|1794970|17|1
107.8004|0.009276403|instanced|1436362|17|1
37.77676|0.0264713|instanced|1794970|17|1
58.04302|0.0172286|instanced|1794970|17|1
106.9382|0.009351198|instanced|1794970|17|1
140.9582|0.007094303|instanced|1794970|17|1
146.899|0.006807398|instanced|1794970|17|1
148.8206|0.006719501|instanced|1794970|17|1
143.9947|0.0069447|instanced|1794969|15|1
122.0883|0.008190795|instanced|1794969|15|1
130.8232|0.007643906|instanced|1794970|17|1
120.5313|0.008296599|instanced|1794970|17|1
117.8273|0.008486997|instanced|1794970|17|1
96.68184|0.0103432|instanced|1794970|17|1
50.94555|0.0196288|instanced|1794970|17|1
47.35029|0.0211192|instanced|1794970|17|1
109.1786|0.009159304|instanced|1794970|17|1
81.9995|0.0121952|instanced|1794970|17|1
106.7873|0.009364407|instanced|1794970|17|1
86.95427|0.0115003|instanced|1794970|17|1
107.3699|0.009313598|instanced|1436362|17|1
97.97966|0.0102062|instanced|1794970|17|1
119.5029|0.008367999|instanced|1794970|17|1
104.3253|0.009585403|instanced|1794970|17|1
103.6936|0.0096438|instanced|1436362|17|1
91.04398|0.0109837|instanced|1794970|17|1
107.3469|0.009315597|instanced|1794970|17|1
104.3743|0.009580903|instanced|1794970|17|1
104.8262|0.009539598|instanced|1794970|17|1
95.25442|0.0104982|instanced|1436362|16|1
89.46543|0.0111775|instanced|1794970|17|1
103.5969|0.009652799|instanced|1794970|17|1
86.63483|0.0115427|instanced|1436362|17|1
92.0336|0.0108656|instanced|1794970|17|1
98.5503|0.0101471|instanced|1794970|17|1
92.66209|0.0107919|instanced|1436362|16|1
83.76262|0.0119385|instanced|1077754|15|1
93.9399|0.0106451|instanced|1436362|17|1
93.60846|0.0106828|instanced|1436362|17|1
87.85336|0.0113826|instanced|1794970|17|1
92.47785|0.0108134|instanced|1794970|17|1
121.2018|0.008250701|instanced|1794970|17|1
109.7563|0.009111097|instanced|1794970|17|1
105.084|0.009516199|instanced|1794970|17|1
92.71017|0.0107863|instanced|1794970|17|1
98.58624|0.0101434|instanced|1794970|17|1
122.9575|0.008132894|instanced|1794970|17|1
98.8474|0.0101166|instanced|1794970|17|1
102.5883|0.009747697|instanced|1436362|16|1
113.5073|0.008810006|instanced|1794970|17|1
107.3999|0.009310998|instanced|1794970|17|1
103.7054|0.009642702|instanced|1794970|17|1
103.9318|0.009621697|instanced|1794970|17|1
120.5575|0.008294798|instanced|1436362|16|1
109.8346|0.009104599|instanced|1794970|16|1
101.4302|0.009858999|instanced|1794970|17|1
97.64577|0.0102411|instanced|1794970|17|1
107.1719|0.009330804|instanced|1436362|16|1
88.99012|0.0112372|instanced|1794970|17|1
112.3217|0.008902998|instanced|1436362|16|1
103.4512|0.009666397|instanced|1436362|15|1
96.80068|0.01033051|instanced|1794970|16|1
119.3276|0.008380293|instanced|1436362|17|1
116.8853|0.008555399|instanced|1794970|17|1
103.1246|0.009697002|instanced|1794970|17|1
103.5743|0.009654904|instanced|1436362|17|1
87.39888|0.01144179|instanced|1436362|16|1
89.20766|0.0112098|instanced|1436362|16|1
83.3736|0.0119942|instanced|1794970|17|1
94.86855|0.0105409|instanced|1436362|16|1
109.8563|0.009102799|instanced|1794970|16|1
96.72584|0.0103385|instanced|1436362|17|1
110.4423|0.0090545|instanced|1436362|17|1
96.0993|0.0104059|instanced|1794970|17|1
117.426|0.008516001|instanced|1794970|17|1
90.23889|0.0110817|instanced|1436362|16|1
88.49086|0.0113006|instanced|1794970|17|1
95.58495|0.0104619|instanced|1794970|17|1
89.2594|0.0112033|instanced|1794970|17|1
122.1554|0.008186296|instanced|1794970|17|1
117.8606|0.008484602|instanced|1794970|17|1
109.2311|0.009154904|instanced|1794970|17|1
112.4822|0.008890299|instanced|1794970|17|1
112.9152|0.008856201|instanced|1436362|15|1
81.22622|0.0123113|instanced|1794970|17|1
129.9663|0.007694303|instanced|1794970|17|1
124.0957|0.008058297|instanced|1794970|17|1
108.9075|0.0091821|instanced|1794970|17|1
121.399|0.008237301|instanced|1794970|17|1
110.2949|0.009066603|instanced|1794970|17|1
106.6371|0.009377601|instanced|1794970|17|1
104.7077|0.009550397|instanced|1436362|16|1
92.88072|0.0107665|instanced|1794970|17|1
99.02358|0.0100986|instanced|1794970|17|1
110.6366|0.009038598|instanced|1794970|16|1
111.3722|0.008978898|instanced|1794970|17|1
90.64783|0.0110317|instanced|1794970|17|1
93.52874|0.0106919|instanced|1794970|17|1
129.1673|0.007741901|instanced|1436362|16|1
90.38489|0.0110638|instanced|1794970|17|1
109.884|0.009100503|instanced|1794970|17|1
101.2833|0.009873299|instanced|1794970|17|1
113.8097|0.0087866|instanced|1436362|15|1
94.26936|0.0106079|instanced|1794970|17|1
116.3657|0.008593601|instanced|1794970|16|1
89.4079|0.01118469|instanced|1794970|16|1
100.6714|0.009933305|instanced|1794970|17|1
116.8607|0.0085572|instanced|1794970|17|1
109.4307|0.009138201|instanced|1794970|17|1
102.0179|0.009802197|instanced|1794970|17|1
120.0696|0.0083285|instanced|1794970|17|1
123.1618|0.008119402|instanced|1436362|16|1
89.8723|0.0111269|instanced|1436362|16|1
85.70892|0.0116674|instanced|1794970|17|1
121.5494|0.008227104|instanced|1794970|17|1
119.772|0.008349199|instanced|1794970|17|1
108.4082|0.009224398|instanced|1436362|16|1
96.54189|0.0103582|instanced|1436362|16|1
114.3719|0.008743403|instanced|1794970|17|1
127.6064|0.0078366|instanced|1794970|17|1
91.87548|0.0108843|instanced|1794970|17|1
133.8652|0.007470203|instanced|1794970|17|1
147.6364|0.006773399|instanced|1794970|17|1
160.9943|0.006211401|instanced|1794970|17|1
96.79325|0.0103313|instanced|1794970|17|1
130.7206|0.007649901|instanced|1794970|16|1
99.87218|0.0100128|instanced|1794970|16|1
138.5694|0.007216603|instanced|1794970|17|1
110.2147|0.0090732|instanced|1794970|17|1
133.9944|0.007462996|instanced|1794970|17|1
118.2494|0.008456703|instanced|1794970|17|1
114.4361|0.008738499|instanced|1794970|17|1
115.8923|0.008628699|instanced|1794970|17|1
111.4194|0.008975099|instanced|1794970|17|1
84.14745|0.0118839|instanced|1794970|17|1
139.507|0.007168098|instanced|1794970|17|1
130.3797|0.007669905|instanced|1794970|17|1
88.74138|0.0112687|instanced|1794970|17|1
94.00793|0.0106374|instanced|1794970|17|1
101.3305|0.0098687|instanced|1794970|17|1
98.06422|0.0101974|instanced|1794970|17|1
146.6384|0.006819494|instanced|1794970|17|1
94.82533|0.01054571|instanced|1794970|17|1
87.20068|0.0114678|instanced|1794970|17|1
59.21785|0.0168868|instanced|1794970|16|1
48.91388|0.0204441|instanced|1794970|17|1
68.25751|0.0146504|instanced|1794970|17|1
46.39317|0.0215549|instanced|1794970|17|1
78.97334|0.0126625|instanced|1794970|17|1
60.52205|0.0165229|instanced|1794970|17|1
74.80214|0.0133686|instanced|1794970|17|1
116.2075|0.0086053|instanced|1794970|17|1
121.6309|0.008221598|instanced|1794970|17|1
68.8113|0.0145325|instanced|1436362|17|1
76.19801|0.0131237|instanced|1436362|17|1
79.06264|0.0126482|instanced|1794970|17|1
67.51875|0.0148107|instanced|1794970|16|1
80.15453|0.0124759|instanced|1794970|17|1
128.2858|0.007795096|instanced|1794970|17|1
106.9152|0.009353203|instanced|1794970|17|1
116.0335|0.008618197|instanced|1794970|17|1
76.56911|0.0130601|instanced|1794970|17|1
56.35517|0.0177446|instanced|1794970|17|1
66.644|0.0150051|instanced|1794970|17|1
63.03104|0.0158652|instanced|1794970|17|1
56.57901|0.0176744|instanced|1794970|17|1
59.26698|0.0168728|instanced|1794970|17|1
77.91137|0.0128351|instanced|1794970|17|1
55.55339|0.0180007|instanced|1794970|17|1
72.30031|0.0138312|instanced|1794970|17|1
78.42091|0.0127517|instanced|1794970|17|1
69.11901|0.0144678|instanced|1794970|17|1
65.00386|0.0153837|instanced|1794970|17|1
106.0513|0.009429401|instanced|1794970|17|1
127.9444|0.007815895|instanced|1794970|17|1
95.62329|0.0104577|instanced|1794970|17|1
120.424|0.008303996|instanced|1794970|17|1
73.24129|0.0136535|instanced|1794970|17|1
81.86251|0.0122156|instanced|1794970|17|1
81.66265|0.0122455|instanced|1794970|17|1
105.2577|0.009500496|instanced|1794970|17|1
140.1855|0.007133404|instanced|1794970|17|1
146.2267|0.006838697|instanced|1794970|17|1
101.3007|0.009871598|instanced|1794970|17|1
103.5668|0.009655605|instanced|1794970|17|1
92.75234|0.0107814|instanced|1794970|17|1
111.2644|0.008987599|instanced|1794972|17|1
98.02383|0.0102016|instanced|1794970|17|1
101.1348|0.009887798|instanced|1794970|17|1
96.29366|0.0103849|instanced|1794970|17|1
125.8558|0.007945599|instanced|1794970|17|1
124.8782|0.008007802|instanced|1794970|17|1
127.9901|0.007813103|instanced|1794970|17|1
94.22851|0.0106125|instanced|1794970|17|1
116.8785|0.008555896|instanced|1077754|16|1
106.4475|0.009394303|instanced|1794970|17|1
118.0039|0.008474299|instanced|1794970|17|1
131.5271|0.007602998|instanced|1794970|17|1
123.0224|0.0081286|instanced|1436362|16|1
89.54871|0.01116711|instanced|1794970|17|1
96.11966|0.0104037|instanced|1436362|16|1
104.3341|0.009584595|instanced|1794970|17|1
104.9648|0.009527005|instanced|1794970|17|1
125.7134|0.007954599|instanced|1794970|17|1
132.1353|0.007567999|instanced|1794970|17|1
103.5229|0.009659701|instanced|1794970|17|1
116.5216|0.0085821|instanced|1794970|17|1
93.4361|0.0107025|instanced|1436362|17|1
97.10248|0.0102984|instanced|1794970|17|1
111.652|0.008956399|instanced|1794970|17|1
95.59861|0.0104604|instanced|1794970|17|1
91.62714|0.0109138|instanced|1794970|17|1
103.5593|0.0096563|instanced|1794970|17|1
120.479|0.008300198|instanced|1794970|17|1
108.2403|0.009238705|instanced|1794970|17|1
140.2603|0.007129599|instanced|1794970|17|1
162.6387|0.006148597|instanced|1794970|17|1
111.4591|0.008971903|instanced|1794970|17|1
105.2222|0.009503699|instanced|1794970|17|1
117.1591|0.008535403|instanced|1794970|17|1
124.3889|0.0080393|instanced|1794970|17|1
104.6814|0.009552799|instanced|1794970|16|1
86.40652|0.0115732|instanced|1794970|17|1
136.2139|0.007341397|instanced|1794970|17|1
83.97575|0.0119082|instanced|1794970|17|1
116.1454|0.008609899|instanced|1794970|17|1
145.315|0.006881604|instanced|1794970|17|1
114.0433|0.008768601|instanced|1794970|17|1
126.8376|0.007884098|instanced|1794970|17|1
115.3243|0.008671202|instanced|1794970|17|1
159.4364|0.006272095|instanced|1794970|17|1
100.9826|0.0099027|instanced|1436362|16|1
84.70197|0.0118061|instanced|1794970|17|1
106.3773|0.009400503|instanced|1794970|17|1
130.1863|0.007681299|instanced|1794970|17|1
100.1222|0.009987798|instanced|1794970|17|1
140.5225|0.007116298|instanced|1794970|17|1
85.54977|0.0116891|instanced|1794970|17|1
82.98891|0.0120498|instanced|1794970|17|1
57.77642|0.0173081|instanced|1794970|17|1
99.71581|0.0100285|instanced|1794970|17|1
53.81609|0.0185818|instanced|1794970|17|1
50.77766|0.0196937|instanced|1794970|17|1
76.91306|0.01300169|instanced|1794970|17|1
41.46538|0.0241165|instanced|1794970|17|1
95.05431|0.0105203|instanced|1794970|17|1
83.89054|0.01192029|instanced|1794970|17|1
66.1148|0.01512521|instanced|1436362|16|1
62.78767|0.01592669|instanced|1794970|17|1
85.76325|0.01166001|instanced|1794970|17|1
141.0537|0.007089498|instanced|1794970|17|1
89.89898|0.0111236|instanced|1794970|16|1
84.02937|0.0119006|instanced|1794970|16|1
88.52533|0.0112962|instanced|1794970|17|1
129.2541|0.007736699|instanced|1794970|17|1
113.0915|0.008842397|instanced|1794970|17|1
99.09424|0.0100914|instanced|1794970|17|1
114.0811|0.008765696|instanced|1794970|17|1
146.4858|0.006826601|instanced|1794970|17|1
112.4822|0.008890299|instanced|1794970|16|1
97.92397|0.010212|instanced|1794970|16|1
103.1417|0.009695401|instanced|1436362|17|1
95.9481|0.0104223|instanced|1794970|17|1
103.4811|0.009663599|instanced|1794970|17|1
100.006|0.009999397|instanced|1436362|16|1
99.05994|0.0100949|instanced|1794970|17|1
97.0572|0.0103032|instanced|1794970|17|1
92.0378|0.0108651|instanced|1794970|17|1
112.3899|0.008897598|instanced|1794970|17|1
131.0822|0.007628798|instanced|1794970|17|1
155.1373|0.006445904|instanced|1794970|17|1
115.7194|0.008641596|instanced|1794970|17|1
113.6789|0.008796705|instanced|1794970|17|1
115.5255|0.008656101|instanced|1794970|17|1
138.8696|0.007200999|instanced|1794970|17|1
122.405|0.008169601|instanced|1794970|17|1
139.5966|0.007163499|instanced|1794970|17|1
69.59863|0.0143681|instanced|1794970|17|1
111.9658|0.0089313|instanced|1794970|17|1
164.6742|0.006072598|instanced|1794970|17|1
146.4493|0.006828302|instanced|1794970|17|1
118.4469|0.008442602|instanced|1794970|17|1
150.3918|0.006649299|instanced|1794970|17|1
92.74802|0.0107819|instanced|1794970|17|1
125.5776|0.007963202|instanced|1436362|16|1
83.16773|0.01202389|instanced|1077754|15|1
105.0674|0.009517701|instanced|1794970|17|1
104.2992|0.009587797|instanced|1794970|17|1
119.3459|0.008379004|instanced|1794970|17|1
85.8996|0.0116415|instanced|1077754|15|1
102.1847|0.009786204|instanced|1077754|15|1
131.987|0.007576502|instanced|1794970|17|1
104.4038|0.009578195|instanced|1794970|17|1
122.7129|0.0081491|instanced|1794970|17|1
157.3316|0.006356002|instanced|1794970|17|1
98.27236|0.0101758|instanced|1794970|17|1
123.4995|0.008097201|instanced|1077754|15|1
82.3005|0.01215059|instanced|1794970|17|1
131.5357|0.007602501|instanced|1794970|17|1
123.9219|0.0080696|instanced|1794970|17|1
109.1405|0.0091625|instanced|1794970|17|1
111.8343|0.008941801|instanced|1794970|17|1
111.0322|0.009006399|instanced|1794970|17|1
104.9802|0.009525603|instanced|1794970|17|1
113.5808|0.008804302|instanced|1794970|17|1
115.051|0.008691794|instanced|1436362|16|1
102.0376|0.009800305|instanced|1794970|17|1
124.6261|0.008024001|instanced|1794970|17|1
142.6087|0.007012195|instanced|1794970|17|1
94.0415|0.0106336|instanced|1436362|17|1
96.90863|0.010319|instanced|1794970|17|1
110.7763|0.009027204|instanced|1436362|16|1
85.15276|0.0117436|instanced|1794970|17|1
79.75436|0.0125385|instanced|1794970|17|1
98.35942|0.01016679|instanced|1794970|16|1
133.8544|0.007470805|instanced|1794970|17|1
128.7813|0.007765101|instanced|1794970|17|1
93.7058|0.0106717|instanced|1794970|17|1
125.4296|0.007972598|instanced|1794970|17|1
135.7625|0.007365802|instanced|1794970|17|1
111.566|0.008963301|instanced|1794970|17|1
93.79897|0.0106611|instanced|1794970|17|1
123.9818|0.008065703|instanced|1794970|17|1
133.9998|0.007462699|instanced|1794970|17|1
93.50073|0.0106951|instanced|1794970|17|1
78.8594|0.0126808|instanced|1794970|17|1
117.0494|0.008543403|instanced|1794970|17|1
151.4716|0.006601899|instanced|1794970|17|1
119.2734|0.008384098|instanced|1794970|17|1
111.8856|0.008937699|instanced|1794970|17|1
98.23467|0.0101797|instanced|1794970|17|1
121.7894|0.008210898|instanced|1794970|17|1
65.12623|0.0153548|instanced|1794970|17|1
105.6569|0.009464597|instanced|1794970|17|1
97.34348|0.0102729|instanced|1794970|17|1
86.58083|0.0115499|instanced|1794970|17|1
67.68372|0.0147746|instanced|1794970|17|1
96.66039|0.0103455|instanced|1794970|17|1
111.8506|0.008940497|instanced|1794970|17|1
104.1613|0.009600496|instanced|1794970|17|1
72.45796|0.01380111|instanced|1794970|17|1
69.10709|0.0144703|instanced|1794970|17|1
70.4146|0.0142016|instanced|1794970|17|1
80.41557|0.0124354|instanced|1794970|17|1
70.00056|0.0142856|instanced|1794970|17|1
55.08672|0.0181532|instanced|1794970|17|1
87.11181|0.0114795|instanced|1794970|17|1
87.16039|0.0114731|instanced|1794970|17|1
89.59607|0.0111612|instanced|1436362|16|1
70.19073|0.0142469|instanced|1436362|16|1
102.2558|0.0097794|instanced|1794970|17|1
143.7339|0.006957299|instanced|1794970|17|1
102.663|0.009740604|instanced|1436362|16|1
74.65694|0.0133946|instanced|1794970|17|1
108.6142|0.009206902|instanced|1794970|17|1
116.6712|0.008571096|instanced|1794970|17|1
138.4102|0.007224901|instanced|1794970|17|1
130.5431|0.007660303|instanced|1794970|17|1
108.183|0.009243594|instanced|1794970|17|1
105.6122|0.009468601|instanced|1794970|17|1
104.0388|0.009611798|instanced|1794970|17|1
101.351|0.009866702|instanced|1794970|17|1
108.2473|0.009238102|instanced|1794970|17|1
105.9805|0.0094357|instanced|1794970|17|1
91.8966|0.0108818|instanced|1794970|17|1
115.7594|0.008638605|instanced|1794970|17|1
98.13159|0.0101904|instanced|1794970|17|1
121.196|0.008251098|instanced|1794970|17|1
107.9622|0.0092625|instanced|1794970|17|1
111.5585|0.008963903|instanced|1794970|17|1
110.0401|0.009087599|instanced|1794970|17|1
111.8256|0.008942496|instanced|1794970|17|1
107.2616|0.009323002|instanced|1794970|17|1
89.62578|0.0111575|instanced|1794970|17|1
138.6828|0.0072107|instanced|1794970|17|1
108.045|0.0092554|instanced|1794970|17|1
111.3499|0.008980697|instanced|1794970|17|1
99.42929|0.0100574|instanced|1794970|17|1
74.09547|0.0134961|instanced|1794970|17|1
120.9717|0.008266398|instanced|1794970|17|1
123.2984|0.008110402|instanced|1794970|16|1
117.7108|0.008495401|instanced|1794970|17|1
133.2606|0.007504096|instanced|1794970|17|1
109.8201|0.009105803|instanced|1794970|16|1
111.8118|0.008943602|instanced|1794970|17|1
117.0097|0.008546301|instanced|1794970|17|1
105.0818|0.009516397|instanced|1794970|17|1
92.58488|0.0108009|instanced|1794970|17|1
111.9383|0.008933497|instanced|1794970|17|1
102.5609|0.009750305|instanced|1794970|17|1
97.94898|0.0102094|instanced|1794970|17|1
82.9187|0.01206001|instanced|1794970|17|1
113.425|0.008816398|instanced|1794970|17|1
111.2038|0.008992496|instanced|1794970|17|1
96.0836|0.0104076|instanced|1794970|17|1
110.0195|0.009089299|instanced|1794970|17|1
115.039|0.008692701|instanced|1436362|16|1
90.73589|0.011021|instanced|1794970|17|1
132.0829|0.007571003|instanced|1794970|17|1
126.3983|0.007911501|instanced|1794970|17|1
90.29918|0.0110743|instanced|1794970|17|1
95.05431|0.0105203|instanced|1436362|16|1
84.224|0.0118731|instanced|1436362|16|1
136.3104|0.007336196|instanced|1794970|17|1
154.3901|0.006477098|instanced|1794970|17|1
116.4225|0.008589406|instanced|1794970|17|1
91.84343|0.0108881|instanced|1794970|17|1
95.46811|0.0104747|instanced|1794970|17|1
97.21667|0.0102863|instanced|1794970|17|1
141.5929|0.0070625|instanced|1794970|17|1
111.5935|0.008961097|instanced|1794970|17|1
119.8481|0.008343899|instanced|1794970|17|1
99.58871|0.0100413|instanced|1794970|17|1
81.01754|0.01234301|instanced|1794970|17|1
117.243|0.008529294|instanced|1794970|17|1
111.3399|0.008981505|instanced|1794970|17|1
117.2759|0.008526899|instanced|1794970|17|1
106.8821|0.009356101|instanced|1436362|17|1
100.6138|0.009938995|instanced|1794970|17|1
119.2335|0.008386904|instanced|1794970|17|1
133.8671|0.007470096|instanced|1794970|17|1
95.2018|0.010504|instanced|1794970|17|1
123.3046|0.008109999|instanced|1794970|17|1
140.8908|0.007097697|instanced|1794970|17|1
125.3353|0.0079786|instanced|1794970|17|1
83.75909|0.011939|instanced|1794970|17|1
109.3016|0.009149001|instanced|1794970|17|1
122.9529|0.008133199|instanced|1794970|17|1
128.3977|0.007788301|instanced|1794970|17|1
84.8054|0.0117917|instanced|1794970|17|1
119.7634|0.008349795|instanced|1794970|17|1
116.2641|0.008601106|instanced|1794970|17|1
135.1973|0.007396599|instanced|1794970|17|1
89.16628|0.011215|instanced|1794970|17|1
83.22653|0.0120154|instanced|1436362|16|1
87.9964|0.0113641|instanced|1794970|17|1
126.9213|0.007878898|instanced|1794970|17|1
105.2465|0.009501502|instanced|1794970|17|1
126.5823|0.0079|instanced|1794970|17|1
126.4558|0.007907901|instanced|1794970|17|1
147.5885|0.006775595|instanced|1794970|17|1
101.5311|0.009849199|instanced|1794970|17|1
95.97937|0.01041891|instanced|1794970|17|1
101.8133|0.009821896|instanced|1794970|17|1
120.824|0.008276503|instanced|1794970|17|1
133.588|0.0074857|instanced|1794970|17|1
80.34387|0.0124465|instanced|1794970|17|1
82.88714|0.0120646|instanced|1794970|17|1
91.89062|0.0108825|instanced|1794970|17|1
114.7909|0.008711494|instanced|1436362|17|1
114.7421|0.0087152|instanced|1794970|17|1
132.7298|0.007534106|instanced|1794970|17|1
159.4719|0.006270699|instanced|1794970|17|1
151.7865|0.006588202|instanced|1794970|17|1
147.7848|0.006766596|instanced|1794970|16|1
113.8965|0.008779904|instanced|1794970|16|1
95.90578|0.0104269|instanced|1794970|17|1
113.1824|0.008835296|instanced|1794970|17|1
81.5807|0.0122578|instanced|1794970|17|1
96.00705|0.0104159|instanced|1794970|17|1
88.77917|0.0112639|instanced|1794970|17|1
119.3532|0.008378494|instanced|1794970|17|1
151.692|0.006592304|instanced|1794970|17|1
120.2025|0.008319296|instanced|1794970|17|1
116.5514|0.008579903|instanced|1794970|17|1
125.7719|0.0079509|instanced|1794970|17|1
138.133|0.007239399|instanced|1794970|17|1
137.9538|0.007248803|instanced|1794970|17|1
99.93903|0.0100061|instanced|1794970|17|1
108.6709|0.009202098|instanced|1794970|17|1
141.8722|0.007048597|instanced|1794970|17|1
142.3103|0.007026899|instanced|1794970|17|1
117.0768|0.008541404|instanced|1794970|17|1
114.0056|0.0087715|instanced|1794970|17|1
103.7581|0.009637797|instanced|1794970|17|1
134.0968|0.007457299|instanced|1794970|17|1
113.5087|0.008809899|instanced|1794970|17|1
120.5937|0.008292304|instanced|1794970|17|1
113.0378|0.008846599|instanced|1794970|17|1
120.0048|0.008333|instanced|1794970|17|1
101.461|0.009856002|instanced|1794970|17|1
126.9841|0.007875|instanced|1794970|17|1
119.6817|0.008355499|instanced|1794970|17|1
122.7612|0.008145897|instanced|1794970|17|1
114.0771|0.008766|instanced|1794970|17|1
101.9243|0.009811203|instanced|1794970|17|1
43.02482|0.0232424|instanced|1794970|17|1
128.989|0.007752601|instanced|1794970|17|1
157.8407|0.006335502|instanced|1794970|17|1
139.1092|0.007188598|instanced|1794970|17|1
106.4306|0.009395798|instanced|1794970|17|1
97.91922|0.0102125|instanced|1794970|17|1
127.9296|0.007816801|instanced|1794970|17|1
161.384|0.0061964|instanced|1794970|17|1
91.35169|0.01094671|instanced|1794970|17|1
107.904|0.009267496|instanced|1794970|17|1
87.68622|0.0114043|instanced|1794970|17|1
63.95374|0.0156363|instanced|1794970|17|1
118.1713|0.008462295|instanced|1794970|17|1
104.0215|0.0096134|instanced|1794970|17|1
64.62035|0.015475|instanced|1794970|17|1
62.31421|0.0160477|instanced|1794970|17|1
79.07327|0.0126465|instanced|1794970|17|1
79.32226|0.0126068|instanced|1794970|17|1
81.86322|0.0122155|instanced|1794970|17|1
53.37432|0.0187356|instanced|1794970|17|1
50.69683|0.0197251|instanced|1794970|17|1
45.5048|0.0219757|instanced|1794970|17|1
48.91435|0.0204439|instanced|1794970|17|1
53.50941|0.0186883|instanced|1794970|17|1
46.05472|0.0217133|instanced|1794970|17|1
55.68456|0.0179583|instanced|1794970|17|1
43.39298|0.0230452|instanced|1794970|17|1
50.13361|0.0199467|instanced|1794970|17|1
56.15107|0.0178091|instanced|1794970|17|1
76.57259|0.0130595|instanced|1794970|17|1
54.936|0.018203|instanced|1794970|17|1
54.37206|0.0183918|instanced|1794970|17|1
63.15244|0.0158347|instanced|1794970|17|1
55.48221|0.01802379|instanced|1794970|17|1
57.152|0.0174972|instanced|1794970|17|1
46.9693|0.02129051|instanced|1794970|17|1
49.76437|0.0200947|instanced|1794970|17|1
48.19417|0.0207494|instanced|1794970|17|1
39.75732|0.0251526|instanced|1794970|16|1
78.75382|0.0126978|instanced|1794970|17|1
70.07167|0.0142711|instanced|1794970|17|1
58.41599|0.0171186|instanced|1794970|17|1
32.97479|0.0303262|instanced|1794970|17|1
44.81833|0.0223123|instanced|1794970|17|1
73.18234|0.0136645|instanced|1794970|17|1
53.43677|0.01871371|instanced|1794970|16|1
66.72182|0.0149876|instanced|1794970|17|1
51.08088|0.0195768|instanced|1794970|17|1
55.61364|0.0179812|instanced|1794970|17|1
59.56493|0.0167884|instanced|1794970|17|1
95.03625|0.0105223|instanced|1794970|17|1
93.39164|0.0107076|instanced|1794970|17|1
68.38915|0.0146222|instanced|1794970|17|1
54.80653|0.018246|instanced|1794970|17|1
76.39655|0.0130896|instanced|1794970|17|1
49.23586|0.0203104|instanced|1794970|17|1
100.5572|0.009944594|instanced|1794970|17|1
64.04877|0.0156131|instanced|1794970|17|1
73.15984|0.0136687|instanced|1794970|17|1
54.02544|0.0185098|instanced|1794970|17|1
100.9153|0.009909304|instanced|1794970|17|1
91.78017|0.0108956|instanced|1436362|17|1
88.50812|0.0112984|instanced|1794970|17|1
56.34026|0.0177493|instanced|1794970|17|1
113.1056|0.008841299|instanced|1794970|17|1
155.405|0.0064348|instanced|1794970|17|1
63.85613|0.0156602|instanced|1794970|17|1
64.15645|0.0155869|instanced|1794970|17|1
72.47322|0.0137982|instanced|1794970|17|1
76.47657|0.0130759|instanced|1794970|17|1
65.98657|0.0151546|instanced|1794970|17|1
62.68688|0.0159523|instanced|1794970|17|1
48.03581|0.0208178|instanced|1794970|17|1
68.10042|0.0146842|instanced|1436362|17|1
79.98272|0.0125027|instanced|1794970|17|1
59.95565|0.016679|instanced|1794970|17|1
47.76781|0.0209346|instanced|1794970|17|1
46.96181|0.0212939|instanced|1794970|17|1
49.06216|0.02038231|instanced|1794970|17|1
55.33024|0.0180733|instanced|1794970|17|1
61.94483|0.0161434|instanced|1794970|17|1
65.9313|0.0151673|instanced|1794970|17|1
47.00398|0.02127479|instanced|1794970|17|1
48.71868|0.02052601|instanced|1794970|17|1
86.72428|0.0115308|instanced|1794970|17|1
156.6809|0.006382398|instanced|1794970|17|1
88.45253|0.0113055|instanced|1794970|17|1
43.19057|0.0231532|instanced|1794970|17|1
53.10477|0.0188307|instanced|1794970|17|1
45.89576|0.02178851|instanced|1794970|17|1
56.20219|0.0177929|instanced|1794970|17|1
70.21043|0.0142429|instanced|1794970|17|1
62.29482|0.0160527|instanced|1794970|17|1
55.18521|0.0181208|instanced|1794970|17|1
53.52544|0.0186827|instanced|1794970|17|1
61.34106|0.0163023|instanced|1794970|17|1
61.26551|0.0163224|instanced|1794970|17|1
38.47293|0.0259923|instanced|1794970|17|1
43.21484|0.0231402|instanced|1794970|17|1
67.9648|0.0147135|instanced|1436362|16|1
118.9075|0.0084099|instanced|1436362|16|1
79.63114|0.0125579|instanced|1794970|17|1
61.90495|0.0161538|instanced|1794970|17|1
147.219|0.006792602|instanced|1794970|17|1
77.97331|0.0128249|instanced|1794970|17|1
76.47894|0.0130755|instanced|1794970|17|1
65.04149|0.0153748|instanced|1794970|17|1
87.62321|0.0114125|instanced|1794970|17|1
81.54478|0.0122632|instanced|1794970|17|1
75.91113|0.0131733|instanced|1794970|17|1
78.29079|0.0127729|instanced|1794970|17|1
75.93359|0.0131694|instanced|1794970|17|1
76.85391|0.0130117|instanced|1794970|17|1
74.85646|0.0133589|instanced|1794970|17|1
79.07074|0.0126469|instanced|1794970|17|1
60.67446|0.0164814|instanced|7174090|17|4
51.15403|0.0195488|instanced|7174090|17|4
82.88441|0.01206499|instanced|7174090|17|4
81.34641|0.01229311|instanced|7174090|17|4
82.83839|0.0120717|instanced|7174090|17|4
81.94104|0.0122039|instanced|7174090|17|4
87.29351|0.0114556|instanced|7174090|17|4
87.5864|0.0114173|instanced|7174090|17|4
84.50441|0.0118337|instanced|7174090|17|4
90.2886|0.0110756|instanced|7174090|17|4
87.8626|0.01138141|instanced|5739658|17|4
85.23263|0.0117326|instanced|7174090|17|4
83.38686|0.0119923|instanced|7174090|17|4
94.73461|0.0105558|instanced|7174090|17|4
42.71879|0.0234089|instanced|7174090|17|4
90.99097|0.0109901|instanced|7174090|17|4
89.40626|0.0111849|instanced|7174090|17|4
88.89522|0.0112492|instanced|7174090|17|4
86.40948|0.0115728|instanced|7174090|17|4
90.25356|0.0110799|instanced|7174090|17|4
87.91751|0.0113743|instanced|7174090|17|4
88.3876|0.0113138|instanced|7174090|17|4
88.60848|0.0112856|instanced|7174090|17|4
88.43458|0.01130779|instanced|7174090|17|4
86.68065|0.0115366|instanced|7174090|17|4
92.75405|0.0107812|instanced|7174090|17|4
90.54523|0.0110442|instanced|7174090|17|4
90.77956|0.0110157|instanced|7174090|17|4
89.38304|0.0111878|instanced|7174090|17|4
90.70131|0.0110252|instanced|7174090|17|4
90.27306|0.0110775|instanced|5739658|16|4
93.8016|0.0106608|instanced|7174090|17|4
88.52378|0.0112964|instanced|7174090|17|4
93.60319|0.0106834|instanced|7174090|17|4
90.63386|0.0110334|instanced|7174090|17|4
94.14339|0.01062209|instanced|7174090|17|4
90.53292|0.01104571|instanced|5739658|16|4
52.60141|0.0190109|instanced|7174090|17|4
80.24587|0.0124617|instanced|7174090|17|4
51.68841|0.0193467|instanced|7174090|17|4
58.44809|0.0171092|instanced|7174090|17|4
43.61574|0.0229275|instanced|7174090|17|4
84.35469|0.01185471|instanced|7174090|17|4
84.81549|0.0117903|instanced|7174090|17|4
136.9132|0.007303897|instanced|7174090|17|4
94.6907|0.0105607|instanced|7174090|17|4
81.00182|0.0123454|instanced|7174090|17|4
58.88588|0.016982|instanced|7174090|17|4
55.69232|0.0179558|instanced|7174090|17|4
101.0305|0.009898001|instanced|7174090|17|4
71.66045|0.0139547|instanced|7174090|17|4
56.24802|0.0177784|instanced|7174090|17|4
55.73266|0.0179428|instanced|7174090|17|4
75.16142|0.0133047|instanced|7174090|17|4
69.32262|0.0144253|instanced|7174090|17|4
72.2789|0.0138353|instanced|7174090|17|4
138.9101|0.007198902|instanced|7174090|17|4
133.6452|0.007482497|instanced|7174090|17|4
79.63747|0.0125569|instanced|7174090|16|4
82.2991|0.0121508|instanced|7174090|16|4
107.8761|0.009269898|instanced|7174090|17|4
83.75139|0.0119401|instanced|5739658|17|4
85.41096|0.0117081|instanced|7174090|17|4
81.01759|0.012343|instanced|7174090|17|4
76.41636|0.0130862|instanced|7174090|17|4
70.49451|0.0141855|instanced|7174090|17|4
69.03647|0.0144851|instanced|7174090|17|4
54.49265|0.0183511|instanced|7174090|17|4
109.7128|0.009114704|instanced|7174090|17|4
70.88732|0.01410689|instanced|7174090|17|4
61.42278|0.0162806|instanced|7174090|17|4
101.3171|0.009869997|instanced|7174090|17|4
98.13931|0.0101896|instanced|7174090|17|4
64.79494|0.0154333|instanced|7174090|17|4
43.83601|0.02281229|instanced|7174090|17|4
129.9561|0.007694905|instanced|7174090|17|4
74.75237|0.0133775|instanced|7174090|17|4
78.92913|0.01266959|instanced|7174090|17|4
79.31597|0.0126078|instanced|7174090|17|4
90.30241|0.0110739|instanced|7174090|17|4
89.06145|0.0112282|instanced|7174090|17|4
100.1332|0.0099867|instanced|7174090|17|4
63.45703|0.0157587|instanced|7174090|17|4
104.2111|0.009595904|instanced|7174090|17|4
108.4622|0.009219799|instanced|7174090|17|4
102.3269|0.009772598|instanced|5739658|16|4
99.84322|0.0100157|instanced|5739658|16|4
93.9029|0.0106493|instanced|7174090|17|4
87.32327|0.0114517|instanced|5739658|16|4
79.71747|0.0125443|instanced|5739658|16|4
94.20988|0.0106146|instanced|7174090|17|4
85.75596|0.011661|instanced|7174090|17|4
69.56182|0.0143757|instanced|7174090|17|4
103.798|0.009634099|instanced|7174090|17|4
88.44627|0.0113063|instanced|7174090|17|4
84.91701|0.0117762|instanced|5739658|16|4
84.70274|0.01180599|instanced|7174090|17|4
87.09815|0.0114813|instanced|7174090|17|4
86.44162|0.0115685|instanced|7174090|17|4
85.86564|0.0116461|instanced|7174090|17|4
81.46043|0.0122759|instanced|7174090|17|4
89.37749|0.0111885|instanced|7174090|17|4
85.51685|0.0116936|instanced|7174090|17|4
85.85607|0.0116474|instanced|7174090|17|4
82.48647|0.0121232|instanced|7174090|17|4
85.9535|0.0116342|instanced|7174090|17|4
88.45797|0.0113048|instanced|7174090|17|4
82.90847|0.01206149|instanced|7174090|17|4
82.63369|0.0121016|instanced|7174090|17|4
87.78549|0.0113914|instanced|7174090|17|4
87.49826|0.0114288|instanced|7174090|17|4
86.72273|0.011531|instanced|7174090|17|9
42.09393|0.0237564|instanced|16139290|17|9
85.64063|0.0116767|instanced|16139290|17|9
84.58094|0.01182299|instanced|16139290|17|9
82.9091|0.0120614|instanced|16139290|17|9
85.51395|0.011694|instanced|16139290|17|9
83.86024|0.0119246|instanced|16139290|17|9
84.43595|0.0118433|instanced|16139290|17|9
83.8701|0.0119232|instanced|16139290|17|9
75.96879|0.0131633|instanced|16139290|17|9
96.17973|0.0103972|instanced|16139290|17|9
40.89879|0.0244506|instanced|16139290|17|9
84.19987|0.0118765|instanced|16139290|17|9
83.72968|0.0119432|instanced|16139290|17|9
82.84525|0.0120707|instanced|12911818|16|9
82.50895|0.0121199|instanced|16139290|17|9
82.53548|0.012116|instanced|16139290|17|9
83.76048|0.0119388|instanced|16139290|17|9
78.45967|0.0127454|instanced|16139290|17|9
78.33555|0.0127656|instanced|16139290|17|9
79.36887|0.0125994|instanced|16139290|17|9
78.9453|0.012667|instanced|16139290|17|9
79.09826|0.0126425|instanced|16139290|17|9
78.41847|0.0127521|instanced|16139290|17|9
78.47137|0.0127435|instanced|16139290|17|9
79.57475|0.0125668|instanced|16139290|17|9
78.18915|0.0127895|instanced|16139290|17|9
74.90804|0.0133497|instanced|16139290|17|9
74.12788|0.0134902|instanced|16139290|17|9
74.9912|0.0133349|instanced|16139290|17|9
75.70596|0.013209|instanced|12911818|17|9
74.36436|0.0134473|instanced|16139290|17|9
74.4208|0.0134371|instanced|16139290|17|9
75.08128|0.0133189|instanced|16139290|17|9
55.10645|0.0181467|instanced|16139290|17|9
104.8218|0.009540002|instanced|16139290|17|9
71.7216|0.0139428|instanced|16139290|17|9
71.40205|0.0140052|instanced|16139290|17|9
71.85252|0.0139174|instanced|16139290|16|9
70.08789|0.0142678|instanced|16139290|17|9
71.31649|0.014022|instanced|16139290|17|9
72.15476|0.0138591|instanced|16139290|17|9
68.43127|0.0146132|instanced|16139290|17|9
68.98076|0.0144968|instanced|16139290|17|9
68.15472|0.0146725|instanced|12911818|16|9
70.49303|0.0141858|instanced|16139290|17|9
68.83875|0.0145267|instanced|12911818|17|9
69.55698|0.0143767|instanced|16139290|17|9
68.61157|0.0145748|instanced|16139290|17|9
68.81271|0.0145322|instanced|16139290|17|9
68.39896|0.0146201|instanced|16139290|17|9
68.19888|0.014663|instanced|12911818|16|9
67.7594|0.0147581|instanced|16139290|17|9
67.84951|0.0147385|instanced|16139290|17|9
67.88404|0.014731|instanced|16139290|17|9
67.49279|0.0148164|instanced|16139290|17|9
68.74787|0.0145459|instanced|16139290|17|9
66.6978|0.014993|instanced|16139290|17|9
67.3428|0.0148494|instanced|16139290|16|9
67.86977|0.0147341|instanced|16139290|17|9
68.37279|0.0146257|instanced|16139290|17|9
66.62714|0.0150089|instanced|16139290|17|9
67.79108|0.0147512|instanced|16139290|17|9
67.0556|0.014913|instanced|16139290|17|9
67.83249|0.0147422|instanced|16139290|17|9
67.26714|0.0148661|instanced|16139290|17|9
69.24344|0.0144418|instanced|16139290|17|9
68.01193|0.0147033|instanced|16139290|17|9
67.24589|0.0148708|instanced|16139290|17|9
68.43456|0.0146125|instanced|16139290|17|9
68.12915|0.014678|instanced|16139290|17|9
58.40235|0.0171226|instanced|16139290|16|9
81.29884|0.0123003|instanced|9684346|15|9
68.37607|0.014625|instanced|16139290|17|9
67.04255|0.0149159|instanced|16139290|17|9
70.1513|0.0142549|instanced|16139290|17|16
34.25961|0.0291889|instanced|28690572|17|16
68.15656|0.0146721|instanced|28690572|17|16
68.87434|0.0145192|instanced|28690572|17|16
69.49461|0.0143896|instanced|28690572|17|16
68.05037|0.014695|instanced|28690572|17|16
71.82619|0.0139225|instanced|28690572|17|16
69.97018|0.0142918|instanced|28690572|17|16
69.78366|0.01433|instanced|28690572|17|16
68.14774|0.014674|instanced|17215116|15|16
71.21848|0.0140413|instanced|17215116|15|16
34.65844|0.028853|instanced|28690572|17|16
71.2342|0.0140382|instanced|28690572|17|16
70.3492|0.0142148|instanced|28690572|17|16
59.92008|0.0166889|instanced|28690572|17|16
70.50596|0.0141832|instanced|28690572|17|16
85.88554|0.0116434|instanced|28690572|17|16
68.91466|0.0145107|instanced|28690572|17|16
72.48059|0.0137968|instanced|28690572|17|16
71.14703|0.0140554|instanced|28690572|17|16
71.89846|0.0139085|instanced|28690572|17|16
70.06481|0.0142725|instanced|28690572|17|16
71.95228|0.0138981|instanced|28690572|17|16
68.98405|0.0144961|instanced|22952844|17|16
70.7539|0.0141335|instanced|28690572|17|16
51.96263|0.0192446|instanced|28690572|17|16
70.09478|0.0142664|instanced|28690572|17|16
84.64816|0.01181361|instanced|28690572|17|16
48.63837|0.0205599|instanced|28690572|17|16
87.26463|0.0114594|instanced|28690572|17|16
91.90079|0.0108813|instanced|28690572|17|16
65.84924|0.0151862|instanced|28690572|17|16
65.92914|0.0151678|instanced|28690572|17|16
55.23978|0.0181029|instanced|28690572|17|16
68.91274|0.0145111|instanced|28690572|16|16
82.53481|0.0121161|instanced|28690572|17|16
90.13071|0.011095|instanced|28690572|17|16
89.28809|0.0111997|instanced|28690572|17|16
78.53302|0.0127335|instanced|28690572|17|16
79.4963|0.0125792|instanced|28690572|17|16
73.80672|0.0135489|instanced|28690572|17|16
71.17337|0.0140502|instanced|28690572|17|16
70.51589|0.0141812|instanced|28690572|17|16
71.91763|0.0139048|instanced|28690572|17|16
70.96828|0.0140908|instanced|28690572|17|16
69.83923|0.0143186|instanced|28690572|17|16
72.13032|0.0138638|instanced|28690572|17|16
71.16526|0.0140518|instanced|28690572|17|16
71.20936|0.0140431|instanced|28690572|17|16
69.55651|0.0143768|instanced|28690572|17|16
72.28305|0.0138345|instanced|28690572|17|16
70.24002|0.0142369|instanced|28690572|17|16
70.17394|0.0142503|instanced|28690572|17|16
71.43266|0.0139992|instanced|28690572|16|16
71.48219|0.0139895|instanced|28690572|17|16
65.36802|0.015298|instanced|28690572|17|16
76.94854|0.0129957|instanced|28690572|17|16
68.7895|0.0145371|instanced|28690572|17|16
71.47658|0.0139906|instanced|28690572|16|16
72.10117|0.0138694|instanced|28690572|17|16
70.61398|0.0141615|instanced|28690572|17|16
71.10506|0.0140637|instanced|28690572|17|16
69.73111|0.0143408|instanced|28690572|17|16
70.81202|0.0141219|instanced|28690572|17|16
70.19219|0.0142466|instanced|28690572|17|16
70.47462|0.01418951|instanced|28690572|17|16
70.49007|0.01418639|instanced|28690572|17|16
70.87621|0.01410911|instanced|28690572|17|16
68.2445|0.0146532|instanced|28690572|17|16
71.3847|0.0140086|instanced|28690572|17|16
69.06698|0.0144787|instanced|28690572|17|16
70.23408|0.0142381|instanced|28690572|17|16
67.63337|0.0147856|instanced|28690572|17|16
69.19984|0.0144509|instanced|28690572|16|16
70.57563|0.0141692|instanced|28690572|16|16
69.90121|0.0143059|instanced|28690572|17|16
69.63885|0.0143598|instanced|28690572|17|25
28.77491|0.0347525|instanced|44827932|17|25
50.46145|0.01981711|instanced|44827932|17|25
50.92636|0.0196362|instanced|44827932|17|25
50.6583|0.0197401|instanced|44827932|17|25
50.41339|0.019836|instanced|44827932|17|25
53.22262|0.018789|instanced|44827932|17|25
49.7312|0.0201081|instanced|44827932|17|25
47.71925|0.0209559|instanced|44827932|17|25
48.78263|0.0204991|instanced|44827932|17|25
48.28445|0.0207106|instanced|44827932|17|25
48.82146|0.0204828|instanced|44827932|17|25
48.44139|0.0206435|instanced|44827932|17|25
46.73837|0.0213957|instanced|44827932|17|25
46.94306|0.0213024|instanced|44827932|17|25
46.68294|0.0214211|instanced|44827932|17|25
47.05573|0.0212514|instanced|44827932|17|25
46.87397|0.0213338|instanced|44827932|17|25
44.58931|0.0224269|instanced|44827932|17|25
44.36065|0.0225425|instanced|44827932|17|25
44.97434|0.0222349|instanced|44827932|17|25
44.32074|0.0225628|instanced|44827932|17|25
44.80849|0.0223172|instanced|44827932|17|25
44.72672|0.022358|instanced|44827932|17|25
43.19823|0.0231491|instanced|44827932|17|25
45.00713|0.0222187|instanced|44827932|17|25
43.54546|0.02296451|instanced|44827932|17|25
43.16262|0.0231682|instanced|35862732|16|25
42.38816|0.0235915|instanced|44827932|17|25
42.7354|0.0233998|instanced|44827932|16|25
43.77709|0.022843|instanced|44827932|17|25
42.60667|0.0234705|instanced|44827932|17|25
42.27471|0.0236548|instanced|44827932|17|25
41.95546|0.0238348|instanced|44827932|17|25
42.19374|0.0237002|instanced|44827932|17|25
42.07621|0.0237664|instanced|44827932|17|25
41.55672|0.0240635|instanced|44827932|17|25
41.31821|0.0242024|instanced|44827932|17|25
41.89183|0.023871|instanced|35862732|17|25
41.09393|0.0243345|instanced|44827932|17|25
41.51633|0.02408691|instanced|44827932|17|25
41.67223|0.0239968|instanced|44827932|17|25
41.55067|0.024067|instanced|35862732|17|25
41.93962|0.0238438|instanced|44827932|17|25
42.42663|0.0235701|instanced|44827932|17|25
41.93401|0.023847|instanced|44827932|17|25
41.85379|0.0238927|instanced|44827932|17|25
41.98647|0.0238172|instanced|44827932|17|25
41.53944|0.0240735|instanced|44827932|17|25
41.78139|0.0239341|instanced|44827932|16|25
42.21511|0.0236882|instanced|44827932|17|25
41.56121|0.0240609|instanced|44827932|17|25
41.99458|0.0238126|instanced|44827932|17|25
41.95229|0.0238366|instanced|44827932|17|25
41.91027|0.0238605|instanced|35862732|16|25
42.13135|0.0237353|instanced|44827932|17|25
43.49509|0.0229911|instanced|44827932|17|25
42.09674|0.02375481|instanced|35862732|16|25
41.70681|0.0239769|instanced|44827932|17|25
41.90026|0.0238662|instanced|44827932|17|36
29.95878|0.0333792|instanced|64551372|17|36
30.18987|0.03312369|instanced|64551372|17|36
30.09908|0.0332236|instanced|64551372|17|36
30.39061|0.0329049|instanced|51641484|17|36
30.58805|0.0326925|instanced|51641484|17|36
30.12538|0.0331946|instanced|64551372|17|36
30.42992|0.0328624|instanced|64551372|17|36
30.38497|0.03291101|instanced|64551372|17|36
30.66422|0.0326113|instanced|64551372|17|36
30.75295|0.03251721|instanced|64551372|17|36
30.67381|0.0326011|instanced|64551372|17|36
31.01006|0.0322476|instanced|64551372|17|36
30.84182|0.0324235|instanced|64551372|17|36
31.15226|0.0321004|instanced|64551372|17|36
31.38869|0.0318586|instanced|64551372|17|36
31.38023|0.0318672|instanced|64551372|17|36
31.34413|0.0319039|instanced|64551372|17|36
31.68979|0.0315559|instanced|64551372|17|36
31.5866|0.031659|instanced|64551372|17|36
31.76862|0.0314776|instanced|64551372|17|36
31.02497|0.0322321|instanced|64551372|17|36
32.09871|0.0311539|instanced|64551372|17|36
31.99161|0.0312582|instanced|64551372|17|36
31.68296|0.0315627|instanced|64551372|17|36
32.07205|0.0311798|instanced|64551372|17|36
31.68648|0.0315592|instanced|64551372|17|36
32.55823|0.0307142|instanced|64551372|17|36
32.22604|0.0310308|instanced|64551372|17|36
32.43163|0.0308341|instanced|64551372|17|36
32.42301|0.0308423|instanced|64551372|17|36
32.41417|0.0308507|instanced|64551372|17|36
32.84212|0.0304487|instanced|64551372|16|36
32.70443|0.0305769|instanced|64551372|17|36
32.93808|0.03036|instanced|64551372|17|36
33.31712|0.0300146|instanced|64551372|17|36
33.31223|0.03001901|instanced|64551372|17|36
32.99426|0.0303083|instanced|64551372|17|49
24.50488|0.0408082|instanced|87860892|17|49
24.90238|0.0401568|instanced|87860892|17|49
24.75272|0.0403996|instanced|87860892|17|49
24.75787|0.0403912|instanced|87860892|17|49
25.02083|0.0399667|instanced|87860892|17|49
25.05569|0.0399111|instanced|87860892|17|49
26.47484|0.03777171|instanced|87860892|17|49
26.6116|0.0375776|instanced|87860892|17|49
27.00302|0.0370329|instanced|87860892|17|49
27.76929|0.036011|instanced|87860892|17|49
27.66864|0.036142|instanced|87860892|17|49
27.7059|0.0360934|instanced|87860892|17|49
28.25018|0.035398|instanced|87860892|17|49
28.22921|0.0354243|instanced|87860892|17|49
28.14745|0.0355272|instanced|87860892|17|49
28.40546|0.0352045|instanced|87860892|17|49
28.8782|0.0346282|instanced|87860892|17|49
28.83798|0.0346765|instanced|70289100|17|49
29.39992|0.0340137|instanced|87860892|17|49
29.63069|0.03374879|instanced|87860892|17|49
29.81035|0.0335454|instanced|87860892|17|49
29.81835|0.0335364|instanced|87860892|17|49
31.29557|0.0319534|instanced|87860892|17|49
30.14209|0.0331762|instanced|87860892|17|49
30.43139|0.0328608|instanced|87860892|17|49
29.68213|0.0336903|instanced|87860892|17|49
29.93859|0.0334017|instanced|87860892|17|49
29.93501|0.0334057|instanced|87860892|17|49
29.55686|0.0338331|instanced|87860892|17|49
29.75942|0.0336028|instanced|87860892|17|49
29.48974|0.0339101|instanced|87860892|17|49
29.72104|0.0336462|instanced|87860892|17|49
29.68522|0.0336868|instanced|87860892|17|49
29.70956|0.0336592|instanced|87860892|17|49
29.77697|0.033583|instanced|87860892|17|49
29.84406|0.0335075|instanced|87860892|17|49
30.05964|0.0332672|instanced|52717308|15|49
29.79063|0.0335676|instanced|87860892|17|49
30.10462|0.0332175|instanced|87860892|17|49
29.78735|0.0335713|instanced|87860892|17|49
30.00003|0.0333333|instanced|87860892|17|49
30.08568|0.0332384|instanced|87860892|17|49
29.96183|0.0333758|instanced|87860892|17|49
29.82484|0.0335291|instanced|87860892|17|49
30.04239|0.0332863|instanced|87860892|17|64
23.17433|0.0431512|instanced|114756492|17|64
23.37208|0.0427861|instanced|114756492|17|64
23.34158|0.042842|instanced|114756492|17|64
23.25051|0.0430098|instanced|114756492|17|64
24.49426|0.0408259|instanced|114756492|17|64
26.46826|0.0377811|instanced|114756492|17|64
27.0001|0.0370369|instanced|114756492|17|64
27.00229|0.03703389|instanced|114756492|17|64
27.72179|0.0360727|instanced|114756492|17|64
27.48083|0.036389|instanced|114756492|17|64
27.89627|0.03584709|instanced|114756492|17|64
28.55128|0.0350247|instanced|114756492|17|64
28.363|0.0352572|instanced|114756492|17|64
29.39707|0.034017|instanced|114756492|17|64
29.48139|0.0339197|instanced|114756492|17|64
29.41133|0.0340005|instanced|114756492|17|64
30.18859|0.0331251|instanced|91805580|16|64
30.42834|0.0328641|instanced|114756492|17|64
30.29578|0.03300789|instanced|114756492|17|64
30.77861|0.0324901|instanced|114756492|17|64
31.25498|0.03199491|instanced|114756492|17|64
31.70416|0.0315416|instanced|114756492|17|64
31.58211|0.0316635|instanced|114756492|17|64
31.61295|0.0316326|instanced|91805580|16|64
31.41187|0.0318351|instanced|114756492|17|64
31.67133|0.0315743|instanced|114756492|17|64
31.2989|0.03195|instanced|114756492|17|64
30.46606|0.03282341|instanced|114756492|17|64
30.29257|0.0330114|instanced|114756492|17|64
30.30413|0.0329988|instanced|114756492|17|64
29.4589|0.0339456|instanced|114756492|17|64
29.48539|0.0339151|instanced|114756492|17|64
29.37004|0.0340483|instanced|114756492|17|64
29.46515|0.0339384|instanced|114756492|17|64
29.66004|0.0337154|instanced|114756492|17|64
29.54812|0.0338431|instanced|114756492|17|64
29.92588|0.03341589|instanced|114756492|17|64
29.8357|0.0335169|instanced|114756492|17|64
30.15536|0.0331616|instanced|114756492|17|64
29.80759|0.0335485|instanced|114756492|17|64
30.34865|0.0329504|instanced|114756492|17|64
30.32904|0.0329717|instanced|114756492|17|64
30.10479|0.0332173|instanced|114756492|17|64
30.08333|0.033241|instanced|114756492|17|64
30.4528|0.0328377|instanced|91805580|16|64
30.20829|0.0331035|instanced|114756492|17|64
30.29477|0.033009|instanced|114756492|17|64
30.17274|0.0331425|instanced|114756492|16|64
30.26506|0.0330414|instanced|114756492|17|64
30.31975|0.0329818|instanced|114756492|17|64
30.49087|0.0327967|instanced|114756492|17|64
30.3716|0.0329255|instanced|114756492|17|64
30.4376|0.0328541|instanced|114756492|17|64
30.49255|0.0327949|instanced|114756492|17|64
30.29495|0.0330088|instanced|114756492|17|64
30.48595|0.032802|instanced|91805580|16|64
30.37648|0.0329202|instanced|114756492|17|64
30.58525|0.0326955|instanced|114756492|17|64
30.4127|0.032881|instanced|91805580|16|64
30.53464|0.03274969|instanced|114756492|17|64
30.29156|0.0330125|instanced|68854668|15|64
30.30486|0.032998|instanced|114756492|17|64
30.82833|0.0324377|instanced|114756492|17|64
30.48056|0.0328078|instanced|114756492|17|64
30.2102|0.0331014|instanced|114756492|16|64
30.70037|0.0325729|instanced|114756492|17|64
30.45651|0.0328337|instanced|114756492|17|64
30.52866|0.0327561|instanced|91805580|16|64
30.27249|0.0330333|instanced|114756492|17|64
30.37123|0.0329259|instanced|114756492|17|64
30.81598|0.0324507|instanced|114756492|17|64
30.64946|0.032627|instanced|114756492|17|64
30.75882|0.032511|instanced|114756492|17|64
30.8444|0.0324208|instanced|114756492|17|64
30.55133|0.03273179|instanced|114756492|17|64
30.7382|0.0325328|instanced|114756492|17|64
30.73348|0.0325378|instanced|114756492|17|64
30.61493|0.0326638|instanced|114756492|17|64
30.69509|0.0325785|instanced|114756492|16|64
30.68784|0.03258619|instanced|114756492|17|64
30.50222|0.0327845|instanced|114756492|17|64
30.77747|0.0324913|instanced|91805580|15|64
30.67071|0.0326044|instanced|114756492|17|64
30.67795|0.0325967|instanced|114756492|17|64
30.73122|0.0325402|instanced|91805580|16|64
30.68182|0.03259259|instanced|114756492|17|64
30.77681|0.032492|instanced|114756492|17|64
30.72309|0.0325488|instanced|114756492|17|64
30.69321|0.0325805|instanced|114756492|17|64
30.51376|0.0327721|instanced|114756492|17|64
18.08462|0.0552956|instanced|91805580|15|64
29.78966|0.0335687|instanced|114756492|17|64
29.32302|0.0341029|instanced|114756492|17|64
30.21504|0.0330961|instanced|114756492|17|64
30.65257|0.0326237|instanced|114756492|17|64
14.73935|0.0678456|instanced|114756492|17|64
30.05937|0.0332675|instanced|114756492|17|64
30.73584|0.0325353|instanced|114756492|17|64
30.48093|0.0328074|instanced|114756492|16|64
30.41113|0.03288269|instanced|114756492|17|64
30.14599|0.0331719|instanced|114756492|17|64
28.89238|0.0346112|instanced|114756492|17|64
30.2124|0.03309899|instanced|114756492|17|64
30.73896|0.032532|instanced|114756492|17|64
29.71777|0.0336499|instanced|114756492|17|64
29.94882|0.0333903|instanced|114756492|17|64
30.31662|0.0329852|instanced|114756492|17|64
29.89591|0.0334494|instanced|114756492|17|64
30.29477|0.033009|instanced|114756492|17|64
29.16098|0.0342924|instanced|114756492|17|64
30.66478|0.0326107|instanced|114756492|17|64
29.8792|0.0334681|instanced|114756492|17|64
30.01543|0.0333162|instanced|114756492|17|64
29.29836|0.0341316|instanced|114756492|17|64
30.62468|0.0326534|instanced|114756492|17|64
30.05666|0.0332705|instanced|114756492|17|64
30.18184|0.0331325|instanced|114756492|17|64
29.97683|0.0333591|instanced|114756492|17|64
29.40736|0.03400509|instanced|114756492|17|64
30.18585|0.03312811|instanced|114756492|17|64
28.51326|0.0350714|instanced|114756492|17|64
31.19015|0.0320614|instanced|114756492|17|64
29.26304|0.0341728|instanced|91805580|16|64
31.14052|0.0321125|instanced|114756492|17|64
29.6603|0.0337151|instanced|114756492|17|64
31.29979|0.0319491|instanced|91805580|16|64
29.91048|0.0334331|instanced|91805580|16|64
30.07645|0.0332486|instanced|87860892|17|49
14.9968|0.06668089|instanced|70289100|16|49
30.03688|0.03329241|instanced|70289100|16|49
14.91275|0.06705669|instanced|87860892|16|49
30.18822|0.0331255|instanced|87860892|17|49
30.01985|0.0333113|instanced|70289100|16|49
29.73482|0.03363061|instanced|87860892|17|49
30.32224|0.0329791|instanced|87860892|17|49
30.19588|0.0331171|instanced|87860892|16|49
30.08296|0.03324141|instanced|87860892|17|49
29.80813|0.0335479|instanced|87860892|17|49
30.13491|0.03318411|instanced|87860892|17|49
29.87063|0.0334777|instanced|70289100|17|49
30.17447|0.0331406|instanced|87860892|17|49
29.99994|0.03333341|instanced|87860892|17|49
29.81239|0.0335431|instanced|87860892|17|49
30.10942|0.0332122|instanced|87860892|17|49
29.83694|0.0335155|instanced|70289100|16|49
29.93205|0.033409|instanced|87860892|17|49
30.0894|0.0332343|instanced|87860892|17|49
30.0591|0.0332678|instanced|87860892|17|49
29.94666|0.0333927|instanced|87860892|17|49
29.99499|0.0333389|instanced|87860892|17|49
29.74173|0.0336228|instanced|87860892|17|49
30.30578|0.032997|instanced|70289100|16|49
29.7381|0.0336269|instanced|87860892|17|49
29.94156|0.0333984|instanced|70289100|17|49
30.45401|0.0328364|instanced|87860892|17|49
29.67403|0.0336995|instanced|87860892|16|49
30.17019|0.0331453|instanced|70289100|16|49
29.80786|0.0335482|instanced|70289100|16|36
14.9841|0.0667374|instanced|64551372|17|36
30.2789|0.0330263|instanced|64551372|17|36
29.85743|0.0334925|instanced|64551372|17|36
29.89528|0.0334501|instanced|64551372|17|36
29.96703|0.03337|instanced|64551372|17|36
14.9968|0.06668089|instanced|64551372|17|36
30.34404|0.0329554|instanced|64551372|17|36
29.70047|0.0336695|instanced|64551372|17|36
30.05593|0.0332713|instanced|51641484|16|36
30.15682|0.03316|instanced|51641484|17|36
29.87465|0.0334732|instanced|64551372|17|36
29.64439|0.0337332|instanced|64551372|17|36
30.45141|0.0328392|instanced|64551372|17|36
30.19032|0.0331232|instanced|64551372|17|36
29.84522|0.0335062|instanced|64551372|17|36
30.18831|0.0331254|instanced|64551372|17|36
30.01192|0.0333201|instanced|64551372|17|36
29.88813|0.0334581|instanced|64551372|17|36
30.14309|0.0331751|instanced|64551372|17|36
29.93716|0.0334033|instanced|64551372|17|36
29.91343|0.0334298|instanced|64551372|17|36
29.81354|0.0335418|instanced|64551372|17|36
30.35896|0.0329392|instanced|64551372|17|36
29.60507|0.033778|instanced|64551372|17|36
30.21979|0.0330909|instanced|64551372|16|36
29.73915|0.0336257|instanced|64551372|17|36
30.11422|0.0332069|instanced|64551372|17|36
30.16427|0.0331518|instanced|64551372|17|36
29.84763|0.0335035|instanced|51641484|16|36
30.24657|0.0330616|instanced|64551372|17|36
29.98636|0.0333485|instanced|64551372|17|25
14.94802|0.06689849|instanced|44827932|17|25
30.34441|0.032955|instanced|44827932|17|25
30.7383|0.0325327|instanced|44827932|17|25
30.29064|0.0330135|instanced|44827932|17|25
15.58392|0.0641687|instanced|44827932|17|25
31.62256|0.03162299|instanced|44827932|17|25
32.23207|0.031025|instanced|44827932|16|25
32.26264|0.0309956|instanced|44827932|16|25
33.70998|0.0296648|instanced|44827932|16|25
33.59605|0.0297654|instanced|44827932|17|25
33.91405|0.0294863|instanced|44827932|17|25
33.6295|0.0297358|instanced|44827932|17|25
34.19458|0.0292444|instanced|44827932|17|25
33.96059|0.0294459|instanced|44827932|17|25
34.41298|0.0290588|instanced|44827932|17|25
34.25948|0.029189|instanced|44827932|17|25
33.93086|0.0294717|instanced|44827932|17|25
34.29744|0.0291567|instanced|35862732|16|25
34.00655|0.0294061|instanced|35862732|17|25
34.16911|0.0292662|instanced|44827932|17|25
34.20604|0.0292346|instanced|35862732|17|25
34.01766|0.0293965|instanced|44827932|17|25
34.13831|0.0292926|instanced|44827932|17|25
34.0421|0.0293754|instanced|44827932|16|25
34.30143|0.0291533|instanced|44827932|17|25
29.31554|0.0341116|instanced|44827932|17|25
40.93177|0.0244309|instanced|44827932|17|25
35.92948|0.0278323|instanced|44827932|17|25
36.11725|0.0276876|instanced|44827932|17|25
35.74876|0.027973|instanced|44827932|17|25
35.9764|0.027796|instanced|44827932|17|16
18.81673|0.05314421|instanced|28690572|17|16
37.77819|0.0264703|instanced|28690572|17|16
38.35062|0.0260752|instanced|28690572|17|16
39.23877|0.025485|instanced|28690572|17|16
19.36217|0.0516471|instanced|28690572|17|16
40.40601|0.02474879|instanced|22952844|16|16
40.07502|0.0249532|instanced|17215116|15|16
40.25765|0.02484|instanced|28690572|17|16
40.23837|0.0248519|instanced|28690572|17|16
40.63752|0.0246078|instanced|28690572|17|16
39.98944|0.0250066|instanced|28690572|17|16
40.36669|0.0247729|instanced|28690572|17|16
40.18808|0.024883|instanced|28690572|16|16
40.47223|0.0247083|instanced|22952844|16|16
40.13405|0.0249165|instanced|28690572|17|16
39.90295|0.02506081|instanced|28690572|17|16
40.74831|0.02454089|instanced|28690572|17|16
40.2094|0.02486981|instanced|28690572|17|16
40.16227|0.02489899|instanced|22952844|16|16
39.81858|0.0251139|instanced|28690572|17|16
40.66875|0.0245889|instanced|28690572|16|16
40.17888|0.0248887|instanced|28690572|16|16
40.01744|0.0249891|instanced|22952844|16|16
40.36327|0.024775|instanced|28690572|17|16
40.35546|0.0247798|instanced|28690572|17|16
40.13179|0.0249179|instanced|28690572|17|16
40.23287|0.0248553|instanced|28690572|17|9
20.60709|0.048527|instanced|16139290|17|9
44.36596|0.0225398|instanced|16139290|16|9
42.89508|0.0233127|instanced|16139290|17|9
43.07726|0.0232141|instanced|16139290|17|9
21.74835|0.0459805|instanced|16139290|17|9
43.93133|0.0227628|instanced|16139290|17|9
44.10726|0.022672|instanced|16139290|17|9
44.3119|0.0225673|instanced|16139290|17|9
45.45598|0.02199931|instanced|16139290|17|9
44.68655|0.0223781|instanced|16139290|17|9
45.37823|0.022037|instanced|16139290|17|9
45.1353|0.02215561|instanced|16139290|17|9
45.25665|0.0220962|instanced|12911818|16|9
45.04242|0.0222013|instanced|16139290|17|9
45.01118|0.0222167|instanced|16139290|17|9
44.33352|0.0225563|instanced|16139290|17|9
45.81104|0.0218288|instanced|16139290|17|9
45.24047|0.0221041|instanced|16139290|17|9
45.05743|0.0221939|instanced|16139290|17|9
44.43793|0.0225033|instanced|16139290|17|9
45.75695|0.02185461|instanced|12911818|16|9
45.26464|0.0220923|instanced|16139290|17|9
42.11484|0.0237446|instanced|16139290|17|9
48.16607|0.0207615|instanced|16139290|17|9
45.56369|0.0219473|instanced|16139290|17|9
44.9709|0.0222366|instanced|16139290|17|9
45.18467|0.0221314|instanced|16139290|17|9
45.35991|0.0220459|instanced|16139290|17|9
48.2267|0.0207354|instanced|16139290|17|9
49.23998|0.0203087|instanced|16139290|17|4
24.46657|0.04087209|instanced|7174090|17|4
48.52555|0.0206077|instanced|7174090|17|4
51.13703|0.0195553|instanced|7174090|17|4
25.57061|0.0391074|instanced|7174090|17|4
51.63955|0.019365|instanced|7174090|17|4
50.1326|0.0199471|instanced|7174090|17|4
52.1007|0.0191936|instanced|7174090|17|4
51.29258|0.019496|instanced|7174090|17|4
52.06298|0.0192075|instanced|7174090|17|4
52.2406|0.0191422|instanced|7174090|17|4
51.67879|0.0193503|instanced|7174090|17|4
52.22749|0.019147|instanced|7174090|17|4
51.81482|0.0192995|instanced|7174090|17|4
51.961|0.0192452|instanced|7174090|17|4
51.38456|0.0194611|instanced|7174090|17|4
51.85081|0.0192861|instanced|5739658|16|4
51.88392|0.0192738|instanced|7174090|17|4
51.53258|0.0194052|instanced|7174090|17|4
51.41334|0.01945021|instanced|5739658|16|4
52.64711|0.01899439|instanced|7174090|17|4
51.69027|0.019346|instanced|7174090|17|4
50.28209|0.0198878|instanced|7174090|17|4
52.55605|0.0190273|instanced|7174090|17|4
52.592|0.0190143|instanced|7174090|17|1
26.78086|0.0373401|instanced|1794970|17|1
53.64117|0.0186424|instanced|1794970|17|1
54.61526|0.0183099|instanced|1794970|17|1
55.44434|0.0180361|instanced|1794970|17|1
25.27173|0.0395699|instanced|1794970|17|1
66.69736|0.0149931|instanced|1794970|17|1
55.27855|0.0180902|instanced|1794970|17|1
55.95626|0.0178711|instanced|1794970|17|1
55.85749|0.0179027|instanced|1794970|17|1
55.32382|0.0180754|instanced|1794970|17|1
56.03495|0.017846|instanced|1794970|17|1
57.27115|0.0174608|instanced|1794970|17|1
56.75112|0.0176208|instanced|1794970|17|1
57.00798|0.0175414|instanced|1794970|17|1
57.08839|0.01751669|instanced|1794970|17|1
55.92778|0.0178802|instanced|1794970|17|1
57.24394|0.0174691|instanced|1794970|17|1
56.41494|0.0177258|instanced|1794970|17|1
57.37365|0.01742961|instanced|1794970|17|1
54.02953|0.0185084|instanced|1436362|16|1
59.68761|0.0167539|instanced|1436362|16|1
55.25137|0.0180991|instanced|1794970|17|1
56.90093|0.01757441|instanced|1436362|16|1
57.08382|0.0175181|instanced|1794970|17|1
57.28789|0.0174557|instanced|1794970|17|1
56.94566|0.0175606|instanced|1436362|16|1
55.84127|0.0179079|instanced|1794970|17|1
48.44186|0.0206433|instanced|1794970|17|1
46.29973|0.0215984|instanced|1794970|17|1
53.49424|0.0186936|instanced|1794970|17|1
84.35545|0.0118546|instanced|1794970|17|1
70.81049|0.0141222|instanced|1794970|17|1
68.7224|0.0145513|instanced|1794970|17|1
60.26854|0.0165924|instanced|1794970|17|1
57.90054|0.017271|instanced|1436362|16|1
45.81796|0.0218255|instanced|1794970|17|1
85.10063|0.01175079|instanced|1794970|17|1
80.35545|0.01244471|instanced|1794970|17|1
63.73244|0.0156906|instanced|1794970|17|1
63.53119|0.0157403|instanced|1794970|17|1
40.40829|0.0247474|instanced|1794970|17|1
53.84102|0.0185732|instanced|1794970|17|1
48.05289|0.0208104|instanced|1794970|17|1
66.22473|0.0151001|instanced|1794970|17|1
79.25815|0.012617|instanced|1794970|17|1
99.45698|0.0100546|instanced|1794970|17|1
67.69335|0.0147725|instanced|1794970|17|1
113.1067|0.008841206|instanced|1794970|17|1
84.22329|0.0118732|instanced|1794970|17|1
73.75121|0.0135591|instanced|1794970|17|1
75.13657|0.0133091|instanced|1794970|17|1
73.79803|0.0135505|instanced|1794970|17|1
75.20436|0.0132971|instanced|1794970|17|1
69.59088|0.0143697|instanced|1794970|17|1
79.66414|0.0125527|instanced|1794970|17|1
71.83855|0.0139201|instanced|1794970|17|1
78.3122|0.0127694|instanced|1794970|17|1
83.02618|0.01204439|instanced|1794970|17|1
79.03761|0.0126522|instanced|1794970|17|1
78.63985|0.0127162|instanced|1794970|17|1
80.00322|0.0124995|instanced|1794970|17|1
79.02075|0.0126549|instanced|1794970|17|1
76.20731|0.0131221|instanced|1794970|17|1
81.9995|0.0121952|instanced|1794970|17|1
53.40282|0.0187256|instanced|1794970|17|1
133.7471|0.0074768|instanced|1794970|17|1
97.72305|0.010233|instanced|1794970|17|1
80.78916|0.0123779|instanced|1794970|17|1
83.33195|0.0120002|instanced|1436362|16|1
71.25552|0.014034|instanced|1794970|17|1
105.3996|0.009487705|instanced|1794970|17|1
84.08028|0.0118934|instanced|1794970|17|1
84.60523|0.0118196|instanced|1794970|17|1
85.9446|0.0116354|instanced|1794970|17|1
88.40173|0.011312|instanced|1794970|17|1
87.57944|0.0114182|instanced|1794970|17|1
90.60517|0.0110369|instanced|1794970|17|1
88.86202|0.0112534|instanced|1794970|17|1
88.36187|0.0113171|instanced|1794970|17|1
89.38067|0.0111881|instanced|1794970|17|1
89.11707|0.01122119|instanced|1794970|17|1
89.32477|0.0111951|instanced|1077754|15|1
75.5099|0.0132433|instanced|1794970|17|1
107.9855|0.009260502|instanced|1794970|17|1
93.37243|0.0107098|instanced|1794970|17|1
92.44453|0.0108173|instanced|1436362|17|1
91.84254|0.0108882|instanced|1794970|16|1
96.76888|0.0103339|instanced|1794970|17|1
91.38091|0.0109432|instanced|1436362|16|1
95.72773|0.01044629|instanced|1794970|17|1
92.06831|0.0108615|instanced|1794970|17|1
93.84295|0.0106561|instanced|1436362|17|1
90.1112|0.0110974|instanced|1436362|17|1
54.41585|0.018377|instanced|1794970|17|1
89.35587|0.01119121|instanced|1794970|17|1
52.76684|0.0189513|instanced|1794970|17|1
51.54161|0.0194018|instanced|1794970|17|1
65.93|0.0151676|instanced|1794970|17|1
77.994|0.0128215|non-instanced|1794974|17|1
104.6682|0.009553997|non-instanced|1794974|17|1
109.3888|0.009141702|non-instanced|1436366|17|1
88.77683|0.0112642|non-instanced|1436366|17|1
115.2711|0.008675198|non-instanced|1794974|16|1
64.69183|0.0154579|non-instanced|1794974|16|1
95.53195|0.0104677|non-instanced|1794974|17|1
146.8947|0.006807596|non-instanced|1794974|17|1
96.14736|0.0104007|non-instanced|1794974|17|1
73.65286|0.0135772|non-instanced|1436366|16|1
52.45958|0.01906229|non-instanced|1794974|17|1
86.53135|0.01155651|non-instanced|1794974|17|1
57.41122|0.0174182|non-instanced|1794974|17|1
114.6842|0.008719601|non-instanced|1794974|17|1
111.2979|0.008984899|non-instanced|1794974|17|1
60.77808|0.0164533|non-instanced|1794974|17|1
78.19772|0.0127881|non-instanced|1794974|17|1
87.72623|0.0113991|non-instanced|1794974|17|1
93.97256|0.0106414|non-instanced|1794974|17|1
59.94235|0.0166827|non-instanced|1794974|17|1
71.62143|0.0139623|non-instanced|1794974|17|1
46.83182|0.021353|non-instanced|1794974|17|1
91.95827|0.0108745|non-instanced|1436366|16|1
58.63348|0.0170551|non-instanced|1436366|16|1
52.06003|0.0192086|non-instanced|1794974|17|1
68.23097|0.0146561|non-instanced|1794974|17|1
65.84319|0.0151876|non-instanced|1794974|17|1
72.72198|0.013751|non-instanced|1794974|17|1
71.96468|0.01389571|non-instanced|1794974|17|1
154.5261|0.0064714|non-instanced|1794974|17|1
133.9442|0.007465795|non-instanced|1794974|17|1
54.66901|0.0182919|non-instanced|1436366|17|1
55.71743|0.0179477|non-instanced|1436366|17|1
58.82664|0.0169991|non-instanced|1794974|17|1
99.07956|0.0100929|non-instanced|1794974|17|1
139.4545|0.007170798|non-instanced|1794974|17|1
125.6866|0.0079563|non-instanced|1794974|17|1
137.5554|0.007269799|non-instanced|1794974|17|1
99.55099|0.0100451|non-instanced|1794974|17|1
96.04122|0.0104122|non-instanced|1794974|17|1
93.28965|0.0107193|non-instanced|1794974|17|1
94.94328|0.0105326|non-instanced|1794974|17|1
95.98962|0.01041779|non-instanced|1794974|16|1
95.17374|0.0105071|non-instanced|1794974|17|1
93.58735|0.0106852|non-instanced|1794974|17|1
95.09684|0.0105156|non-instanced|1794974|17|1
95.99503|0.01041721|non-instanced|1794974|17|1
93.57607|0.01068649|non-instanced|1794974|17|1
103.9253|0.0096223|non-instanced|1794974|17|1
97.14392|0.01029401|non-instanced|1794974|17|1
99.53519|0.0100467|non-instanced|1794974|17|1
97.2091|0.0102871|non-instanced|1794974|17|1
99.20737|0.0100799|non-instanced|1794974|17|1
96.99603|0.0103097|non-instanced|1794974|17|1
96.69966|0.0103413|non-instanced|1794974|17|1
101.3253|0.009869204|non-instanced|1794974|17|1
96.93779|0.01031589|non-instanced|1794974|17|1
99.27625|0.0100729|non-instanced|1436366|16|1
97.94124|0.0102102|non-instanced|1436366|16|1
101.7294|0.009829996|non-instanced|1794974|17|1
101.6549|0.009837203|non-instanced|1794974|17|1
103.4062|0.009670599|non-instanced|1794974|17|1
99.60558|0.0100396|non-instanced|1794974|17|1
102.6283|0.009743899|non-instanced|1794976|17|1
99.36502|0.0100639|non-instanced|1794974|17|1
97.07796|0.010301|non-instanced|1794974|17|1
109.292|0.009149802|non-instanced|1794974|17|1
104.2144|0.009595599|non-instanced|1794974|17|1
90.0333|0.011107|non-instanced|1794974|17|1
97.90774|0.0102137|non-instanced|1794974|17|1
111.4889|0.008969502|non-instanced|1794974|17|1
69.33032|0.0144237|non-instanced|1794974|17|1
155.0461|0.006449695|non-instanced|1794974|17|1
150.3397|0.006651601|non-instanced|1794974|17|1
75.41648|0.0132597|non-instanced|1794974|17|1
68.43224|0.014613|non-instanced|1794974|17|1
62.83025|0.0159159|non-instanced|1794974|17|1
55.57901|0.0179924|non-instanced|1794974|17|1
104.2525|0.009592099|non-instanced|1794974|17|1
50.91936|0.0196389|non-instanced|1794974|17|1
57.85798|0.0172837|non-instanced|1794974|17|1
78.70358|0.0127059|non-instanced|1794974|17|1
66.17567|0.0151113|non-instanced|1794974|17|1
50.36792|0.0198539|non-instanced|1794974|17|1
102.5052|0.009755598|non-instanced|1794974|17|1
58.42554|0.0171158|non-instanced|1794974|17|1
73.01136|0.0136965|non-instanced|1794974|17|1
67.66405|0.0147789|non-instanced|1794974|17|1
55.86061|0.0179017|non-instanced|1794974|17|1
59.90678|0.0166926|non-instanced|1794974|17|1
66.74411|0.0149826|non-instanced|1794974|17|1
161.7547|0.006182199|non-instanced|1794974|17|1
130.4002|0.007668701|non-instanced|1794974|17|1
88.33217|0.0113209|non-instanced|1794974|17|1
55.53395|0.018007|non-instanced|1794974|16|1
104.2841|0.009589193|non-instanced|1794974|17|1
102.3646|0.009769005|non-instanced|1794974|17|1
78.39325|0.0127562|non-instanced|1794974|17|1
99.87919|0.0100121|non-instanced|1794974|17|1
55.78115|0.0179272|non-instanced|1794974|17|1
58.07775|0.0172183|non-instanced|1794974|17|1
60.9392|0.0164098|non-instanced|1794974|17|1
73.62036|0.0135832|non-instanced|1794974|17|1
58.36825|0.0171326|non-instanced|1794974|17|1
52.97396|0.0188772|non-instanced|1794974|17|1
111.9507|0.008932504|non-instanced|1436366|16|1
97.69349|0.0102361|non-instanced|1436366|16|1
110.2913|0.0090669|non-instanced|1794974|17|1
105.9389|0.009439399|non-instanced|1794974|17|1
88.85016|0.0112549|non-instanced|1794974|17|1
83.41397|0.0119884|non-instanced|1794974|17|1
88.8123|0.0112597|non-instanced|1794974|17|1
87.75934|0.0113948|non-instanced|1794974|17|1
85.87969|0.0116442|non-instanced|1794974|17|1
85.53002|0.0116918|non-instanced|1794974|17|1
73.761|0.0135573|non-instanced|1794974|17|1
86.36993|0.0115781|non-instanced|1794974|17|1
111.6957|0.008952898|non-instanced|1794974|17|1
84.66614|0.0118111|non-instanced|1794974|17|1
90.17455|0.0110896|non-instanced|1436366|16|1
82.80067|0.0120772|non-instanced|1794974|17|1
92.84619|0.0107705|non-instanced|1794974|17|1
92.91087|0.010763|non-instanced|1794974|17|1
45.25379|0.0220976|non-instanced|1794974|17|1
92.26369|0.0108385|non-instanced|1794974|17|1
88.0933|0.0113516|non-instanced|1794974|17|1
92.5215|0.0108083|non-instanced|1794974|17|1
88.90625|0.0112478|non-instanced|1794974|17|1
91.16267|0.0109694|non-instanced|1794974|17|1
94.00705|0.0106375|non-instanced|1794974|17|1
92.95236|0.0107582|non-instanced|1794974|16|1
93.71719|0.0106704|non-instanced|1794974|17|1
93.56551|0.0106877|non-instanced|1794974|17|1
92.72912|0.0107841|non-instanced|1794974|17|1
93.04405|0.0107476|non-instanced|1794974|17|1
94.312|0.0106031|non-instanced|1794974|17|1
93.51913|0.010693|non-instanced|1794974|17|1
88.87865|0.0112513|non-instanced|1794974|17|1
77.43291|0.01291441|non-instanced|1794974|16|1
124.7988|0.008012896|non-instanced|1794974|17|1
98.5892|0.0101431|non-instanced|1794974|17|1
92.76691|0.0107797|non-instanced|1794974|17|1
98.82304|0.0101191|non-instanced|1436366|16|1
96.85137|0.0103251|non-instanced|1794974|17|1
92.74715|0.010782|non-instanced|1794974|17|1
98.82208|0.0101192|non-instanced|1794974|17|1
95.8708|0.0104307|non-instanced|1794974|17|1
75.22645|0.0132932|non-instanced|1794974|17|1
111.0358|0.009006102|non-instanced|1794974|17|1
110.2002|0.009074397|non-instanced|1794974|17|1
94.86944|0.0105408|non-instanced|1794974|17|1
102.905|0.009717701|non-instanced|1794974|17|1
94.81278|0.0105471|non-instanced|1794974|17|1
103.5486|0.009657299|non-instanced|1794974|17|1
99.80241|0.0100198|non-instanced|1794974|17|1
98.32358|0.0101705|non-instanced|1794974|17|1
99.02755|0.0100982|non-instanced|1794974|17|1
97.46401|0.0102602|non-instanced|1436366|16|1
93.02933|0.0107493|non-instanced|1794974|17|1
72.30864|0.01382961|non-instanced|1436366|16|1
73.35467|0.0136324|non-instanced|1794974|17|1
91.66321|0.0109095|non-instanced|1794974|17|1
82.38593|0.012138|non-instanced|1794974|17|1
94.55999|0.0105753|non-instanced|1794974|17|1
79.21165|0.0126244|non-instanced|1794974|17|1
78.23137|0.0127826|non-instanced|1794974|17|1
81.23145|0.0123105|non-instanced|1794974|17|1
44.59607|0.0224235|non-instanced|1794974|17|1
78.05241|0.0128119|non-instanced|1794974|17|1
83.02271|0.0120449|non-instanced|1794974|17|1
80.1764|0.0124725|non-instanced|1794974|17|1
69.5836|0.0143712|non-instanced|1794974|17|1
28.572|0.0349993|non-instanced|1794974|17|1
92.80743|0.010775|non-instanced|1794974|17|1
134.194|0.007451899|non-instanced|1794974|17|1
120.188|0.008320302|non-instanced|1794974|17|1
123.1436|0.008120599|non-instanced|1794974|17|1
109.1715|0.009159899|non-instanced|1794974|17|1
89.43261|0.0111816|non-instanced|1794974|17|1
95.13576|0.01051129|non-instanced|1436366|16|1
86.12299|0.0116113|non-instanced|1794974|17|1
99.95502|0.0100045|non-instanced|1436366|17|1
92.44109|0.0108177|non-instanced|1794974|17|1
94.62263|0.0105683|non-instanced|1794974|17|1
91.03406|0.0109849|non-instanced|1794974|17|1
93.87022|0.010653|non-instanced|1794974|17|1
90.95127|0.0109949|non-instanced|1794974|17|1
97.07042|0.0103018|non-instanced|1794974|17|1
93.30532|0.0107175|non-instanced|1794974|17|1
95.44447|0.0104773|non-instanced|1436366|16|1
63.87165|0.0156564|non-instanced|1436366|16|1
82.96135|0.01205381|non-instanced|1436366|16|1
153.2427|0.006525595|non-instanced|1436366|17|1
95.09229|0.0105161|non-instanced|1794974|17|1
112.0623|0.008923604|non-instanced|1794974|17|1
89.91352|0.0111218|non-instanced|1794974|17|1
106.094|0.009425602|non-instanced|1794974|17|1
94.99474|0.0105269|non-instanced|1794974|17|1
97.25452|0.0102823|non-instanced|1794974|17|1
95.95914|0.0104211|non-instanced|1794974|17|1
95.68191|0.0104513|non-instanced|1794974|16|1
95.65169|0.0104546|non-instanced|1436366|16|1
94.08308|0.0106289|non-instanced|1436366|17|1
86.68518|0.011536|non-instanced|1794974|17|1
106.0861|0.009426304|non-instanced|1794974|17|1
88.34782|0.0113189|non-instanced|1794974|16|1
45.93962|0.0217677|non-instanced|1794974|17|1
144.0486|0.006942099|non-instanced|1794974|17|1
125.8986|0.0079429|non-instanced|1794974|17|1
109.2347|0.009154599|non-instanced|1794974|17|1
110.4936|0.009050298|non-instanced|1794974|17|1
99.65616|0.0100345|non-instanced|1794974|17|1
96.70993|0.0103402|non-instanced|1794974|16|1
97.353|0.0102719|non-instanced|1794974|17|1
99.01775|0.0100992|non-instanced|1794974|17|1
95.57394|0.0104631|non-instanced|1794974|17|1
96.94991|0.0103146|non-instanced|1794974|17|1
99.66221|0.01003389|non-instanced|1794974|17|1
101.6839|0.009834403|non-instanced|1794974|17|1
96.95844|0.0103137|non-instanced|1794974|17|1
99.77052|0.010023|non-instanced|1794974|17|1
98.82789|0.0101186|non-instanced|1794974|17|1
98.14797|0.0101887|non-instanced|1794974|17|1
100.6826|0.009932199|non-instanced|1794974|17|1
99.52326|0.0100479|non-instanced|1794974|17|1
99.14436|0.0100863|non-instanced|1794974|17|1
99.10217|0.0100906|non-instanced|1436366|17|1
98.70402|0.0101313|non-instanced|1794974|17|1
64.50239|0.0155033|non-instanced|1794974|17|1
128.8709|0.007759701|non-instanced|1794974|17|1
135.1425|0.007399596|non-instanced|1794974|17|1
105.8223|0.009449801|non-instanced|1794974|17|1
100.1141|0.009988599|non-instanced|1436366|16|1
101.4765|0.0098545|non-instanced|1794974|17|1
98.73911|0.0101277|non-instanced|1794974|17|1
99.93597|0.01000641|non-instanced|1794974|17|1
103.5379|0.009658298|non-instanced|1794974|17|1
73.48725|0.0136078|non-instanced|1794974|17|1
87.16879|0.011472|non-instanced|1794974|17|1
94.4376|0.010589|non-instanced|1794974|17|1
90.76963|0.0110169|non-instanced|1794974|17|1
109.5278|0.009130102|non-instanced|1794974|17|1
126.0717|0.007931994|non-instanced|1794974|17|1
101.5816|0.009844303|non-instanced|1794974|17|1
98.04787|0.0101991|non-instanced|1794974|17|1
127.0438|0.007871301|non-instanced|1794974|16|1
112.2071|0.008912096|non-instanced|1794974|17|1
116.4863|0.008584701|non-instanced|1794974|17|1
105.8873|0.009444005|non-instanced|1436366|16|1
89.35672|0.0111911|non-instanced|1436366|16|1
107.4934|0.009302898|non-instanced|1794974|17|1
91.45452|0.0109344|non-instanced|1794974|17|1
114.9517|0.008699305|non-instanced|1794974|17|1
110.7028|0.009033198|non-instanced|1794974|17|1
63.54533|0.0157368|non-instanced|1794974|17|1
81.77215|0.0122291|non-instanced|1794974|17|1
138.2036|0.0072357|non-instanced|1794974|17|1
103.6527|0.009647598|non-instanced|1794974|17|1
121.2636|0.008246499|non-instanced|1794974|17|1
63.55743|0.0157338|non-instanced|1794974|17|1
142.1021|0.007037195|non-instanced|1794974|17|1
125.9905|0.007937104|non-instanced|1794974|17|1
68.96029|0.0145011|non-instanced|1794974|17|1
94.19209|0.0106166|non-instanced|1794974|17|1
69.90904|0.0143043|non-instanced|1794974|17|1
86.43716|0.0115691|non-instanced|1794974|17|1
99.10606|0.0100902|non-instanced|1794974|17|1
54.4597|0.0183622|non-instanced|1794974|17|1
102.3751|0.009767999|non-instanced|1794974|17|1
58.43819|0.0171121|non-instanced|1794974|17|1
93.75317|0.01066631|non-instanced|1436366|16|1
59.91327|0.01669079|non-instanced|1794974|17|1
70.82755|0.0141188|non-instanced|1794974|17|1
53.97702|0.0185264|non-instanced|1794974|17|1
51.25577|0.01951|non-instanced|1794974|17|1
55.94843|0.0178736|non-instanced|1794974|17|1
50.47472|0.0198119|non-instanced|1794974|17|1
59.75035|0.0167363|non-instanced|1794974|17|1
63.21473|0.0158191|non-instanced|1794974|17|1
56.54317|0.0176856|non-instanced|1794974|16|1
84.96972|0.0117689|non-instanced|1794974|17|1
57.83656|0.0172901|non-instanced|1794974|17|1
48.32949|0.0206913|non-instanced|1794974|17|1
78.99952|0.0126583|non-instanced|1794974|17|1
64.69605|0.01545689|non-instanced|1794974|17|1
42.88128|0.0233202|non-instanced|1794974|17|1
58.43989|0.0171116|non-instanced|7174094|32|4
65.80638|0.0151961|non-instanced|7174094|32|4
73.48833|0.0136076|non-instanced|7174094|32|4
57.71439|0.0173267|non-instanced|6815486|31|4
103.7527|0.009638301|non-instanced|7174094|32|4
64.8782|0.0154135|non-instanced|7174094|32|4
80.51398|0.0124202|non-instanced|7174094|32|4
71.88454|0.0139112|non-instanced|7174094|32|4
73.87925|0.0135356|non-instanced|7174094|32|4
72.7606|0.0137437|non-instanced|7174094|32|4
35.62243|0.0280722|non-instanced|7174094|32|4
73.67841|0.0135725|non-instanced|7174094|32|4
72.29089|0.013833|non-instanced|7174094|32|4
73.68656|0.013571|non-instanced|6815486|31|4
73.01827|0.0136952|non-instanced|6815486|32|4
70.9401|0.0140964|non-instanced|7174094|32|4
73.24023|0.0136537|non-instanced|7174094|32|4
72.98206|0.013702|non-instanced|7174094|32|4
72.80828|0.0137347|non-instanced|7174094|32|4
74.10757|0.0134939|non-instanced|6815486|30|4
77.89678|0.0128375|non-instanced|6815486|32|4
74.33781|0.0134521|non-instanced|6815486|31|4
75.39718|0.0132631|non-instanced|7174094|32|4
73.12614|0.013675|non-instanced|6815486|31|4
75.75526|0.0132004|non-instanced|7174094|32|4
72.54419|0.0137847|non-instanced|6815486|31|4
78.15369|0.0127953|non-instanced|7174094|32|4
75.06327|0.01332209|non-instanced|7174094|32|4
74.09161|0.0134968|non-instanced|6456878|30|4
76.13942|0.0131338|non-instanced|7174094|32|4
74.69041|0.0133886|non-instanced|7174094|32|4
75.81329|0.0131903|non-instanced|7174094|32|4
74.0675|0.0135012|non-instanced|7174094|32|4
75.2638|0.0132866|non-instanced|7174094|32|4
75.73233|0.0132044|non-instanced|6456878|31|4
75.62178|0.0132237|non-instanced|7174094|32|4
76.10468|0.0131398|non-instanced|7174094|32|4
76.75656|0.0130282|non-instanced|7174094|32|4
76.21661|0.0131205|non-instanced|7174094|32|4
76.56969|0.01306|non-instanced|7174094|32|4
75.86334|0.0131816|non-instanced|6815486|32|4
63.16799|0.0158308|non-instanced|7174094|32|4
97.27529|0.0102801|non-instanced|7174094|32|4
76.62602|0.0130504|non-instanced|7174094|32|4
75.7392|0.0132032|non-instanced|7174094|32|4
77.83981|0.0128469|non-instanced|7174094|32|4
77.71516|0.0128675|non-instanced|7174094|32|4
75.94459|0.0131675|non-instanced|7174094|32|4
74.53231|0.013417|non-instanced|7174094|32|4
79.96736|0.0125051|non-instanced|7174094|32|4
76.49821|0.0130722|non-instanced|7174094|32|4
75.23888|0.013291|non-instanced|7174094|32|4
75.86733|0.0131809|non-instanced|7174094|32|4
79.0839|0.0126448|non-instanced|6815486|31|4
75.26099|0.0132871|non-instanced|7174094|32|4
77.69885|0.0128702|non-instanced|7174094|32|4
75.95435|0.0131658|non-instanced|7174094|32|4
77.49116|0.0129047|non-instanced|7174094|32|4
76.69065|0.0130394|non-instanced|6815486|30|4
74.53621|0.0134163|non-instanced|7174094|32|4
75.70137|0.0132098|non-instanced|7174094|32|4
75.47795|0.0132489|non-instanced|7174094|32|4
76.29684|0.0131067|non-instanced|7174094|32|4
74.80273|0.01336849|non-instanced|7174094|32|4
75.5778|0.0132314|non-instanced|7174094|32|4
76.13999|0.0131337|non-instanced|7174094|32|4
75.01985|0.0133298|non-instanced|7174094|31|4
73.03592|0.01369189|non-instanced|7174094|32|4
72.31075|0.0138292|non-instanced|7174094|32|4
74.29089|0.0134606|non-instanced|7174094|32|9
36.82618|0.0271546|non-instanced|15780686|56|9
74.58679|0.0134072|non-instanced|16139294|57|9
73.89781|0.0135322|non-instanced|16139294|57|9
73.33313|0.0136364|non-instanced|16139294|57|9
71.95279|0.013898|non-instanced|15780686|56|9
70.48758|0.0141869|non-instanced|15780686|55|9
72.8173|0.013733|non-instanced|16139294|57|9
71.75917|0.0139355|non-instanced|16139294|57|9
71.43982|0.0139978|non-instanced|16139294|57|9
33.39043|0.0299487|non-instanced|16139294|57|9
85.07381|0.0117545|non-instanced|16139294|57|9
69.59667|0.0143685|non-instanced|16139294|57|9
69.79974|0.0143267|non-instanced|16139294|57|9
69.74086|0.0143388|non-instanced|16139294|57|9
69.79781|0.0143271|non-instanced|15780686|57|9
69.64562|0.0143584|non-instanced|16139294|57|9
69.77686|0.0143314|non-instanced|16139294|57|9
69.41551|0.014406|non-instanced|16139294|57|9
69.61655|0.0143644|non-instanced|16139294|57|9
68.13474|0.0146768|non-instanced|15422078|56|9
69.28134|0.0144339|non-instanced|16139294|57|9
67.59177|0.0147947|non-instanced|16139294|57|9
69.15725|0.0144598|non-instanced|16139294|57|9
67.89329|0.014729|non-instanced|16139294|57|9
67.13165|0.0148961|non-instanced|15780686|57|9
51.97558|0.0192398|non-instanced|15780686|57|9
100.8787|0.009912897|non-instanced|16139294|57|9
66.61292|0.0150121|non-instanced|16139294|57|9
65.71598|0.015217|non-instanced|16139294|57|9
66.90977|0.0149455|non-instanced|16139294|57|9
70.11888|0.01426149|non-instanced|15780686|56|9
66.27431|0.0150888|non-instanced|15422078|55|9
65.14914|0.0153494|non-instanced|15780686|56|9
70.6544|0.0141534|non-instanced|15063470|52|9
66.09517|0.0151297|non-instanced|15063470|53|9
67.66129|0.0147795|non-instanced|16139294|57|9
67.3977|0.0148373|non-instanced|16139294|56|9
65.89828|0.0151749|non-instanced|16139294|57|9
68.17609|0.0146679|non-instanced|15780686|57|9
66.89994|0.0149477|non-instanced|15780686|55|9
66.94335|0.014938|non-instanced|16139294|57|9
65.6767|0.0152261|non-instanced|16139294|57|9
68.89565|0.0145147|non-instanced|16139294|57|9
66.13058|0.0151216|non-instanced|16139294|57|9
66.88025|0.0149521|non-instanced|16139294|57|9
66.59607|0.0150159|non-instanced|16139294|56|9
68.11295|0.0146815|non-instanced|15780686|56|9
63.23791|0.0158133|non-instanced|15780686|56|9
70.42798|0.0141989|non-instanced|16139294|57|9
67.35411|0.0148469|non-instanced|15422078|56|9
67.8486|0.0147387|non-instanced|16139294|57|9
67.86332|0.0147355|non-instanced|16139294|57|9
67.7392|0.0147625|non-instanced|16139294|57|9
67.66314|0.0147791|non-instanced|16139294|57|9
67.96018|0.0147145|non-instanced|16139294|57|9
67.66447|0.0147788|non-instanced|16139294|57|9
67.4109|0.0148344|non-instanced|15780686|56|9
69.03265|0.0144859|non-instanced|16139294|57|9
65.08042|0.0153656|non-instanced|15780686|56|9
72.03209|0.0138827|non-instanced|16139294|57|9
67.58401|0.0147964|non-instanced|16139294|57|9
69.46471|0.0143958|non-instanced|16139294|57|9
68.25146|0.0146517|non-instanced|16139294|57|9
68.88762|0.0145164|non-instanced|16139294|57|9
70.41906|0.0142007|non-instanced|16139294|57|9
69.80706|0.0143252|non-instanced|16139294|57|9
70.30074|0.0142246|non-instanced|16139294|57|9
69.96825|0.0142922|non-instanced|16139294|57|16
34.81542|0.0287229|non-instanced|28690576|92|16
69.12429|0.01446669|non-instanced|28690576|92|16
69.79729|0.0143272|non-instanced|28331968|90|16
73.43009|0.0136184|non-instanced|28690576|92|16
71.18601|0.0140477|non-instanced|28331968|89|16
71.67432|0.013952|non-instanced|28331968|89|16
35.43034|0.0282244|non-instanced|28690576|92|16
71.65579|0.01395561|non-instanced|28331968|89|16
72.31757|0.0138279|non-instanced|28690576|92|16
72.7003|0.0137551|non-instanced|28690576|92|16
71.12022|0.0140607|non-instanced|28331968|92|16
73.8122|0.0135479|non-instanced|28690576|92|16
72.07726|0.013874|non-instanced|28690576|92|16
72.61635|0.013771|non-instanced|28690576|92|16
72.28046|0.013835|non-instanced|28690576|92|16
72.32906|0.0138257|non-instanced|17215120|92|16
72.02227|0.01388459|non-instanced|28690576|92|16
71.63783|0.01395911|non-instanced|27973360|90|16
70.38439|0.0142077|non-instanced|28690576|92|16
73.1957|0.013662|non-instanced|28690576|92|16
73.90057|0.0135317|non-instanced|28690576|92|16
71.30431|0.0140244|non-instanced|28690576|91|16
73.90652|0.01353061|non-instanced|28690576|92|16
70.77693|0.0141289|non-instanced|28690576|92|16
71.64091|0.0139585|non-instanced|28331968|91|16
71.73604|0.01393999|non-instanced|28690576|91|16
72.38456|0.0138151|non-instanced|28690576|92|16
70.50395|0.0141836|non-instanced|28690576|92|16
71.92796|0.0139028|non-instanced|28690576|92|16
72.83907|0.0137289|non-instanced|28690576|92|16
70.71983|0.01414031|non-instanced|28331968|91|16
69.34238|0.01442119|non-instanced|28331968|91|16
69.45843|0.0143971|non-instanced|28690576|91|16
69.99809|0.0142861|non-instanced|28690576|92|16
69.50673|0.0143871|non-instanced|28690576|92|16
68.5537|0.0145871|non-instanced|27614752|88|16
70.30669|0.0142234|non-instanced|28690576|92|16
69.87827|0.0143106|non-instanced|28690576|92|16
69.55264|0.0143776|non-instanced|28690576|92|16
65.21115|0.0153348|non-instanced|28690575|92|16
66.57037|0.0150217|non-instanced|28690576|92|16
66.74231|0.014983|non-instanced|28690576|91|16
66.65823|0.0150019|non-instanced|27614752|89|16
65.24646|0.0153265|non-instanced|28690576|91|16
66.76059|0.0149789|non-instanced|28690576|92|16
66.16121|0.0151146|non-instanced|28690576|92|16
66.76012|0.014979|non-instanced|27614752|89|16
63.14009|0.0158378|non-instanced|28690576|92|16
62.83497|0.0159147|non-instanced|28331968|91|16
64.28802|0.015555|non-instanced|28690576|89|16
64.85715|0.0154185|non-instanced|28690576|92|16
63.65413|0.0157099|non-instanced|28690576|92|16
62.35931|0.0160361|non-instanced|28690576|92|16
65.62927|0.0152371|non-instanced|28331968|88|16
60.84317|0.0164357|non-instanced|28690576|92|16
60.52865|0.0165211|non-instanced|28690576|92|16
61.38812|0.0162898|non-instanced|28690576|92|16
60.78622|0.0164511|non-instanced|28331968|91|16
60.54293|0.01651721|non-instanced|28690576|92|16
61.41375|0.016283|non-instanced|28690576|92|16
57.28854|0.0174555|non-instanced|28690576|92|16
60.14858|0.0166255|non-instanced|28331968|91|16
57.63953|0.01734921|non-instanced|28331968|91|16
57.43562|0.0174108|non-instanced|28331968|91|16
60.59321|0.0165035|non-instanced|28690576|92|16
57.62627|0.0173532|non-instanced|28690576|92|16
57.40363|0.0174205|non-instanced|28690576|92|16
56.67135|0.0176456|non-instanced|28690576|92|16
56.68772|0.0176405|non-instanced|28690576|92|16
56.49973|0.0176992|non-instanced|28690576|92|25
24.78622|0.040345|non-instanced|44827936|137|25
46.53933|0.0214872|non-instanced|44827936|137|25
45.70238|0.0218807|non-instanced|44827936|137|25
45.14753|0.0221496|non-instanced|44827936|137|25
46.7185|0.0214048|non-instanced|44827936|137|25
44.95211|0.0222459|non-instanced|43752112|134|25
45.32269|0.022064|non-instanced|44110720|132|25
44.91515|0.0222642|non-instanced|44827936|137|25
45.14225|0.0221522|non-instanced|44827936|137|25
47.04731|0.0212552|non-instanced|44469328|135|25
45.67377|0.0218944|non-instanced|44469328|137|25
44.88975|0.0222768|non-instanced|44827936|137|25
45.35723|0.0220472|non-instanced|44827936|137|25
44.89278|0.0222753|non-instanced|44827936|137|25
45.43204|0.0220109|non-instanced|44827936|137|25
45.22145|0.0221134|non-instanced|44469328|135|25
45.01605|0.0222143|non-instanced|44827936|137|25
45.41882|0.0220173|non-instanced|44469328|136|25
44.94422|0.0222498|non-instanced|44827936|137|25
45.53942|0.021959|non-instanced|44469328|136|25
45.15346|0.0221467|non-instanced|44827936|137|25
45.14836|0.0221492|non-instanced|44827936|137|25
45.37946|0.0220364|non-instanced|44827936|137|25
45.07936|0.0221831|non-instanced|44827936|137|25
45.40892|0.0220221|non-instanced|44110720|135|25
45.1559|0.0221455|non-instanced|44827936|137|25
44.89318|0.0222751|non-instanced|44827936|137|25
45.48618|0.0219847|non-instanced|44827936|137|25
45.02416|0.0222103|non-instanced|44827936|137|25
45.40501|0.022024|non-instanced|44827936|137|25
45.38523|0.0220336|non-instanced|44827936|137|25
44.75835|0.0223422|non-instanced|44827936|137|25
45.26628|0.0220915|non-instanced|44469328|136|25
45.67023|0.0218961|non-instanced|44827936|137|25
45.07713|0.0221842|non-instanced|44827936|137|25
45.72264|0.021871|non-instanced|44827936|137|25
44.60164|0.0224207|non-instanced|44827936|137|25
44.95777|0.0222431|non-instanced|44827936|137|25
44.29796|0.0225744|non-instanced|44469328|137|25
45.14877|0.022149|non-instanced|44827936|137|25
44.06762|0.0226924|non-instanced|44469328|136|25
44.48497|0.0224795|non-instanced|44827936|137|25
44.23389|0.0226071|non-instanced|44827936|137|25
43.82659|0.0228172|non-instanced|44827936|137|25
43.78744|0.0228376|non-instanced|44827936|137|36
31.00698|0.0322508|non-instanced|64192768|192|36
30.76431|0.0325052|non-instanced|64192768|191|36
31.17285|0.0320792|non-instanced|64192768|192|36
31.08892|0.0321658|non-instanced|64192768|187|36
31.30802|0.03194069|non-instanced|64192768|187|36
30.35289|0.0329458|non-instanced|64551376|192|36
31.267|0.0319826|non-instanced|64551376|192|36
31.71894|0.0315269|non-instanced|64551376|192|36
30.78031|0.0324883|non-instanced|64551376|192|36
30.86839|0.0323956|non-instanced|64551376|192|36
31.27316|0.0319763|non-instanced|64551376|192|36
31.26759|0.031982|non-instanced|64551376|192|36
31.42362|0.0318232|non-instanced|62399728|183|36
31.53788|0.0317079|non-instanced|64551376|192|36
31.13034|0.032123|non-instanced|64551376|192|36
31.37915|0.0318683|non-instanced|64551376|192|36
31.44417|0.0318024|non-instanced|64551376|192|36
31.57452|0.0316711|non-instanced|64192768|191|36
31.55121|0.0316945|non-instanced|64551376|192|36
32.0285|0.03122219|non-instanced|64551376|192|36
31.6906|0.0315551|non-instanced|64551376|192|36
31.61955|0.031626|non-instanced|64551376|192|36
31.84378|0.0314033|non-instanced|64551376|192|36
31.64347|0.0316021|non-instanced|64551376|192|36
32.11644|0.0311367|non-instanced|64192768|191|36
32.20716|0.031049|non-instanced|64551376|192|36
31.98045|0.0312691|non-instanced|64192768|190|36
31.99335|0.0312565|non-instanced|64192768|191|36
32.22376|0.031033|non-instanced|64551376|192|36
32.14545|0.0311086|non-instanced|64551376|192|49
23.74891|0.0421072|non-instanced|87502288|257|49
24.18444|0.04134889|non-instanced|87860896|257|49
24.06693|0.0415508|non-instanced|87860896|257|49
24.47004|0.0408663|non-instanced|87502288|255|49
24.37016|0.04103379|non-instanced|87502288|255|49
24.46118|0.0408811|non-instanced|87860896|257|49
26.11982|0.03828511|non-instanced|87502288|257|49
27.54708|0.03630149|non-instanced|87143680|256|49
27.84182|0.0359172|non-instanced|87502288|257|49
28.35689|0.0352648|non-instanced|87860896|257|49
28.51342|0.0350712|non-instanced|87860896|257|49
28.60396|0.0349602|non-instanced|87860896|257|49
28.76738|0.0347616|non-instanced|87860896|257|49
29.35753|0.03406281|non-instanced|87143680|256|49
29.54821|0.033843|non-instanced|87502288|256|49
29.97477|0.03336139|non-instanced|87502288|257|49
30.69933|0.032574|non-instanced|87502288|256|49
30.58141|0.0326996|non-instanced|87502288|256|49
30.14209|0.0331762|non-instanced|87860896|257|49
31.53479|0.031711|non-instanced|87860896|256|49
31.47961|0.0317666|non-instanced|87502288|257|49
31.55271|0.031693|non-instanced|84992032|246|49
31.98311|0.0312665|non-instanced|87143680|255|49
32.18653|0.0310689|non-instanced|87143680|247|49
23.63289|0.0423139|non-instanced|87502288|257|49
32.06208|0.0311895|non-instanced|87860896|257|49
32.40599|0.0308585|non-instanced|87860896|257|64
24.65222|0.0405643|non-instanced|114756496|332|64
24.80577|0.0403132|non-instanced|114756496|332|64
24.34559|0.0410752|non-instanced|114756496|332|64
24.11957|0.0414601|non-instanced|114756496|332|64
24.15004|0.04140779|non-instanced|114039280|330|64
23.98847|0.0416867|non-instanced|114397888|331|64
24.20423|0.0413151|non-instanced|114397888|332|64
27.1246|0.0368669|non-instanced|114397888|332|64
27.24951|0.0366979|non-instanced|114756496|332|64
27.57298|0.0362674|non-instanced|113322064|329|64
27.79677|0.0359754|non-instanced|114756496|332|64
28.23878|0.0354123|non-instanced|114756496|332|64
27.956|0.0357705|non-instanced|113680672|332|64
29.17502|0.0342759|non-instanced|113322064|330|64
28.99904|0.0344839|non-instanced|113680672|329|64
29.21132|0.0342333|non-instanced|113322064|323|64
29.91209|0.0334313|non-instanced|114039280|330|64
29.58055|0.033806|non-instanced|114756496|332|64
30.06127|0.0332654|non-instanced|114039280|332|64
30.62787|0.03265|non-instanced|114756496|332|64
30.65472|0.0326214|non-instanced|114756496|332|64
31.17596|0.032076|non-instanced|114397888|331|64
30.98086|0.032278|non-instanced|114397888|332|64
31.94745|0.0313014|non-instanced|114039280|330|64
31.63065|0.0316149|non-instanced|114397888|332|64
31.71965|0.0315262|non-instanced|114756496|331|64
30.88603|0.0323771|non-instanced|114039280|331|64
30.48372|0.0328044|non-instanced|113680672|329|64
30.59545|0.0326846|non-instanced|113680672|329|64
29.82902|0.0335244|non-instanced|113680672|329|81
21.87251|0.0457195|non-instanced|143803743|411|81
23.57317|0.0424211|non-instanced|142727920|394|81
23.98835|0.0416869|non-instanced|144879568|417|81
23.44985|0.0426442|non-instanced|144879568|417|81
23.83813|0.0419496|non-instanced|145238176|417|81
23.70505|0.0421851|non-instanced|144879568|415|81
24.07828|0.0415312|non-instanced|144879568|417|81
26.35727|0.0379402|non-instanced|145238176|417|81
26.25009|0.0380951|non-instanced|144879567|415|81
26.49681|0.0377404|non-instanced|141652096|398|81
26.70904|0.0374405|non-instanced|143803744|413|81
26.02236|0.03842849|non-instanced|144520960|417|81
26.12808|0.038273|non-instanced|143803743|414|81
26.08045|0.0383429|non-instanced|144879568|417|81
26.15753|0.03822991|non-instanced|142727920|417|81
26.7266|0.0374159|non-instanced|143445136|415|81
26.11403|0.03829359|non-instanced|144520960|417|81
26.25492|0.0380881|non-instanced|145238176|417|81
26.30506|0.0380155|non-instanced|144520960|417|81
26.42448|0.0378437|non-instanced|143445136|410|81
26.37513|0.03791451|non-instanced|144162352|417|81
26.2913|0.0380354|non-instanced|144520960|415|81
26.30949|0.0380091|non-instanced|144162352|416|81
25.94431|0.0385441|non-instanced|143803744|410|81
26.36255|0.0379326|non-instanced|145238176|417|81
26.10312|0.0383096|non-instanced|144162352|414|81
26.05551|0.0383796|non-instanced|144520960|416|81
26.0233|0.0384271|non-instanced|144520960|416|100
21.04537|0.0475164|non-instanced|178947334|511|100
20.51653|0.0487412|non-instanced|176437078|496|100
20.54401|0.048676|non-instanced|176078470|496|100
20.47577|0.0488382|non-instanced|176078470|496|100
20.78699|0.048107|non-instanced|178230118|473|100
21.23922|0.0470827|non-instanced|178588726|511|100
20.92957|0.0477793|non-instanced|178947334|510|100
21.25963|0.0470375|non-instanced|175719862|497|100
21.11125|0.04736811|non-instanced|178947334|511|100
20.88629|0.0478783|non-instanced|177154294|507|100
21.74835|0.0459805|non-instanced|178588725|509|100
21.59594|0.046305|non-instanced|177512902|511|100
21.2998|0.0469488|non-instanced|178588726|509|100
21.47545|0.0465648|non-instanced|177512902|509|100
21.36305|0.0468098|non-instanced|177154294|506|100
21.42516|0.0466741|non-instanced|178588726|511|100
21.38873|0.0467536|non-instanced|178588726|510|100
21.32314|0.0468974|non-instanced|178947334|511|100
21.35725|0.04682251|non-instanced|176437078|505|100
21.43752|0.04664719|non-instanced|177154294|501|100
21.1642|0.0472496|non-instanced|178230118|509|100
20.77374|0.0481377|non-instanced|177871510|508|100
20.72367|0.048254|non-instanced|176437078|497|100
20.20655|0.04948889|non-instanced|178588726|510|100
20.87103|0.0479133|non-instanced|178588726|510|121
17.50231|0.0571353|non-instanced|212656486|613|121
17.6088|0.0567898|non-instanced|215166742|612|121
17.59086|0.0568477|non-instanced|215166742|612|121
17.66738|0.05660149|non-instanced|213373702|608|121
17.50198|0.0571364|non-instanced|214808134|612|121
17.53872|0.0570167|non-instanced|215166742|612|121
17.80329|0.0561694|non-instanced|214090917|607|121
17.91871|0.0558076|non-instanced|213373702|610|121
17.81499|0.0561325|non-instanced|212297878|609|121
17.78853|0.05621599|non-instanced|214808134|611|121
17.66969|0.0565941|non-instanced|211939270|609|121
17.76985|0.0562751|non-instanced|212656486|605|121
17.76177|0.0563007|non-instanced|214449526|611|121
17.70893|0.0564687|non-instanced|214090918|612|121
17.41863|0.0574098|non-instanced|215166742|613|121
17.27131|0.0578995|non-instanced|215166742|613|144
14.43274|0.0692869|non-instanced|255689446|724|144
14.869|0.06725401|non-instanced|251744758|715|144
14.74415|0.0678235|non-instanced|254255014|725|144
14.73032|0.0678872|non-instanced|254613622|723|144
14.85513|0.0673168|non-instanced|255330838|726|144
14.86034|0.0672932|non-instanced|252103366|718|144
15.04438|0.06647|non-instanced|252820582|725|144
15.01693|0.0665915|non-instanced|254255014|698|144
14.96182|0.0668368|non-instanced|253537798|723|144
15.05301|0.0664319|non-instanced|254255014|723|144
14.93465|0.0669584|non-instanced|255330838|723|144
14.92081|0.0670205|non-instanced|254972230|724|144
14.97715|0.0667684|non-instanced|255689446|723|144
14.77417|0.0676857|non-instanced|255330838|725|144
14.76527|0.0677265|non-instanced|248158678|686|144
14.86728|0.0672618|non-instanced|254972230|724|144
14.68515|0.068096|non-instanced|255689446|725|144
14.88512|0.0671812|non-instanced|256048054|726|144
14.84122|0.06737991|non-instanced|255689446|726|144
14.62572|0.0683727|non-instanced|255330838|723|144
14.95488|0.0668678|non-instanced|253537798|724|144
14.85478|0.0673184|non-instanced|253537798|724|121
17.43275|0.0573633|non-instanced|213373702|606|121
17.62677|0.05673189|non-instanced|214449526|613|121
17.52182|0.0570717|non-instanced|214449526|613|121
17.76628|0.05628639|non-instanced|215166742|612|121
17.7304|0.05640031|non-instanced|213732310|613|121
17.681|0.0565579|non-instanced|213373702|608|121
17.66451|0.0566107|non-instanced|214090918|610|121
17.46027|0.0572729|non-instanced|214449526|612|121
17.42658|0.0573836|non-instanced|213732310|607|121
17.12883|0.0583811|non-instanced|215525350|613|121
17.59154|0.0568455|non-instanced|214449526|610|121
17.57899|0.0568861|non-instanced|208711798|585|121
17.57055|0.0569134|non-instanced|213373702|601|121
17.79977|0.0561805|non-instanced|210863445|604|121
17.51568|0.0570917|non-instanced|210863445|604|100
20.86567|0.0479256|non-instanced|178947334|511|100
21.13696|0.04731049|non-instanced|178230118|511|100
21.19156|0.04718861|non-instanced|177512902|508|100
21.20976|0.04714809|non-instanced|178588726|509|100
21.16084|0.0472571|non-instanced|178588726|509|100
11.44022|0.0874109|non-instanced|178230118|510|100
20.53144|0.0487058|non-instanced|175361253|483|100
21.02196|0.0475693|non-instanced|178588726|511|100
20.98936|0.0476432|non-instanced|177871510|507|100
21.41557|0.046695|non-instanced|177512902|495|100
21.04452|0.0475183|non-instanced|177512902|507|100
20.69815|0.0483135|non-instanced|178947334|511|100
21.37944|0.0467739|non-instanced|178947334|511|100
21.03824|0.0475325|non-instanced|176795686|499|100
21.3126|0.0469206|non-instanced|177871510|504|100
21.41383|0.0466988|non-instanced|177871510|504|81
10.70936|0.09337629|non-instanced|145238176|417|81
20.25082|0.0493807|non-instanced|140934880|395|81
20.27193|0.0493293|non-instanced|140934880|395|81
10.28046|0.0972719|non-instanced|144879568|416|81
21.0202|0.0475733|non-instanced|144162352|416|81
21.37689|0.0467795|non-instanced|144162352|401|81
21.29186|0.04696631|non-instanced|144520960|410|81
21.27714|0.0469988|non-instanced|142010704|398|81
21.33265|0.0468765|non-instanced|144520960|413|81
21.28842|0.0469739|non-instanced|145238176|417|81
21.23305|0.0470964|non-instanced|145238176|415|81
21.19632|0.047178|non-instanced|145238176|417|81
21.23652|0.0470887|non-instanced|144879568|416|81
21.38671|0.046758|non-instanced|145238176|416|81
21.18191|0.0472101|non-instanced|144520960|416|81
21.2685|0.0470179|non-instanced|145238176|417|81
21.43765|0.0466469|non-instanced|145238176|417|64
10.57585|0.09455501|non-instanced|109018768|312|64
21.49105|0.046531|non-instanced|113680672|332|64
21.20383|0.0471613|non-instanced|114756496|332|64
10.66374|0.0937757|non-instanced|114756496|332|64
21.32232|0.0468992|non-instanced|114397888|331|64
21.17406|0.0472276|non-instanced|114756496|332|64
21.57716|0.0463453|non-instanced|114397888|331|64
21.91723|0.0456262|non-instanced|114397888|332|64
22.01319|0.0454273|non-instanced|114039280|332|64
21.82391|0.04582129|non-instanced|114397888|332|64
21.97957|0.0454968|non-instanced|112963456|325|64
22.05855|0.0453339|non-instanced|114039280|332|64
21.88869|0.0456857|non-instanced|112604847|330|64
21.93213|0.0455952|non-instanced|114397888|330|64
21.81315|0.04584391|non-instanced|112604848|323|64
22.00152|0.0454514|non-instanced|114397888|331|64
22.00264|0.0454491|non-instanced|112963456|325|64
21.93796|0.0455831|non-instanced|114039280|331|64
21.1366|0.0473113|non-instanced|114039280|331|49
11.18927|0.0893713|non-instanced|87860896|257|49
21.92175|0.0456168|non-instanced|86067856|250|49
21.91387|0.0456332|non-instanced|86067856|257|49
11.00241|0.0908892|non-instanced|87860896|253|49
21.77254|0.0459294|non-instanced|87860896|257|49
22.77453|0.04390869|non-instanced|86785072|256|49
22.70704|0.0440392|non-instanced|87860896|257|49
22.56883|0.0443089|non-instanced|87860896|257|49
22.71189|0.04402981|non-instanced|87860895|256|49
22.45844|0.0445267|non-instanced|87502288|256|49
22.69797|0.0440568|non-instanced|87143680|257|49
22.79114|0.0438767|non-instanced|87860896|256|49
22.65406|0.0441422|non-instanced|86426464|251|49
22.49542|0.0444535|non-instanced|87860896|257|49
22.33339|0.044776|non-instanced|87860896|257|49
22.93909|0.0435937|non-instanced|87860896|256|49
22.44619|0.044551|non-instanced|87860896|256|36
11.35691|0.0880521|non-instanced|64551376|192|36
22.67661|0.0440983|non-instanced|63834160|190|36
22.76514|0.0439268|non-instanced|63834160|190|36
11.32096|0.0883317|non-instanced|63116944|187|36
22.46797|0.0445078|non-instanced|64192768|189|36
23.60857|0.0423575|non-instanced|61682512|183|36
23.53567|0.0424887|non-instanced|64551376|192|36
23.38886|0.0427554|non-instanced|64192768|189|36
23.45452|0.0426357|non-instanced|64551376|192|36
23.33826|0.0428481|non-instanced|64192768|192|36
23.36935|0.0427911|non-instanced|64551376|191|36
23.46812|0.042611|non-instanced|62399728|184|36
23.46911|0.0426092|non-instanced|64551376|192|36
23.28646|0.0429434|non-instanced|64551376|192|36
23.42546|0.0426886|non-instanced|64192768|192|36
23.14108|0.0432132|non-instanced|63834160|190|36
23.56151|0.0424421|non-instanced|63834160|190|25
11.67939|0.0856209|non-instanced|44827936|137|25
23.46212|0.0426219|non-instanced|44827936|136|25
23.29585|0.0429261|non-instanced|44827936|136|25
11.67323|0.0856661|non-instanced|44827936|137|25
23.37344|0.0427836|non-instanced|44110720|135|25
23.5375|0.0424854|non-instanced|44827936|137|25
23.53429|0.0424912|non-instanced|44827936|136|25
23.93742|0.0417756|non-instanced|44827936|137|25
24.38935|0.0410015|non-instanced|44827936|137|25
24.10411|0.0414867|non-instanced|44827936|137|25
24.2563|0.0412264|non-instanced|44827936|137|25
24.22463|0.0412803|non-instanced|44827936|137|25
24.07713|0.0415332|non-instanced|44827936|137|25
24.16498|0.0413822|non-instanced|44827936|137|25
24.11085|0.0414751|non-instanced|44469328|135|25
24.23032|0.0412706|non-instanced|44469328|135|16
19.87613|0.0503116|non-instanced|28690576|92|16
73.94971|0.0135227|non-instanced|28690576|92|16
96.68562|0.0103428|non-instanced|28690576|92|16
85.53008|0.01169179|non-instanced|28690576|92|16
79.92709|0.0125114|non-instanced|28690576|92|16
116.5665|0.008578798|non-instanced|28690576|92|16
123.9219|0.0080696|non-instanced|28690576|92|16
127.7155|0.007829904|non-instanced|28690576|92|16
94.47686|0.0105846|non-instanced|27973360|91|16
86.14233|0.01160869|non-instanced|28690576|92|16
111.0988|0.009000999|non-instanced|28690576|92|16
119.1015|0.008396202|non-instanced|28690576|92|16
118.374|0.008447804|non-instanced|28690576|92|16
98.39419|0.0101632|non-instanced|28690576|92|16
110.6844|0.009034694|non-instanced|28690576|92|16
111.9031|0.008936303|non-instanced|28690576|92|16
91.21258|0.0109634|non-instanced|28690576|92|16
112.0222|0.0089268|non-instanced|28690576|92|16
123.7623|0.008080003|non-instanced|28690576|92|16
114.7158|0.008717198|non-instanced|28690576|91|16
95.81938|0.0104363|non-instanced|28690576|91|16
112.2662|0.008907398|non-instanced|28690576|91|16
115.4988|0.0086581|non-instanced|28690576|92|16
117.0179|0.008545699|non-instanced|28690576|92|16
103.9912|0.009616199|non-instanced|28690576|92|16
114.4295|0.008739002|non-instanced|28690576|92|16
118.0735|0.008469303|non-instanced|28690576|92|16
117.524|0.0085089|non-instanced|28690576|92|16
114.2532|0.008752494|non-instanced|28690576|92|16
112.6875|0.0088741|non-instanced|28690576|92|16
114.1266|0.008762202|non-instanced|28690576|92|16
115.9286|0.008625999|non-instanced|27973360|89|16
89.07972|0.0112259|non-instanced|27973360|89|16
109.6395|0.009120798|non-instanced|27614752|90|16
118.4525|0.008442205|non-instanced|28331968|92|16
96.26121|0.0103884|non-instanced|28331968|92|16
89.92241|0.0111207|non-instanced|28690576|92|16
74.58904|0.0134068|non-instanced|28690576|92|16
110.452|0.009053706|non-instanced|28690576|92|16
64.21329|0.0155731|non-instanced|28690576|92|16
66.83824|0.01496149|non-instanced|28331968|91|16
70.19366|0.0142463|non-instanced|28690576|92|16
101.6115|0.009841405|non-instanced|28690576|92|16
105.1514|0.009510098|non-instanced|28331968|92|16
123.3472|0.008107199|non-instanced|28690576|92|16
105.0994|0.009514803|non-instanced|28690576|92|16
114.4296|0.008738996|non-instanced|28690576|92|16
124.9016|0.0080063|non-instanced|27256144|87|16
111.8756|0.008938499|non-instanced|28690576|92|16
117.5599|0.0085063|non-instanced|28690576|92|16
112.8667|0.008860006|non-instanced|28690576|92|16
116.2291|0.008603699|non-instanced|28690576|92|16
115.7702|0.008637798|non-instanced|28690576|92|16
118.923|0.008408801|non-instanced|28690576|92|16
115.6992|0.008643098|non-instanced|28690576|92|16
119.2648|0.008384701|non-instanced|28331968|92|16
97.55908|0.0102502|non-instanced|28690576|92|16
116.0874|0.008614201|non-instanced|16139294|57|9
110.1297|0.009080201|non-instanced|16139294|57|9
113.1504|0.008837798|non-instanced|15780686|57|9
91.69263|0.010906|non-instanced|16139294|57|9
114.3706|0.008743502|non-instanced|16139294|57|9
138.9584|0.0071964|non-instanced|16139294|57|9
124.6852|0.008020195|non-instanced|16139294|57|9
121.8056|0.0082098|non-instanced|16139294|57|9
92.65004|0.0107933|non-instanced|16139294|57|9
133.5631|0.007487096|non-instanced|16139293|56|9
105.7596|0.009455407|non-instanced|16139294|57|9
135.5456|0.007377593|non-instanced|16139294|57|9
103.2578|0.009684502|non-instanced|16139294|57|9
141.3927|0.007072499|non-instanced|16139294|57|9
102.7073|0.009736402|non-instanced|15063470|54|9
116.5814|0.0085777|non-instanced|15063470|54|9
100.1422|0.009985799|non-instanced|16139294|57|9
121.9824|0.008197903|non-instanced|16139294|57|9
112.4379|0.0088938|non-instanced|16139294|57|9
103.2567|0.009684602|non-instanced|16139294|57|9
98.59892|0.0101421|non-instanced|16139294|57|9
103.1247|0.009696996|non-instanced|16139294|57|9
131.482|0.007605605|non-instanced|16139294|57|9
134.9674|0.007409198|non-instanced|16139294|57|9
117.0782|0.008541298|non-instanced|16139294|57|9
112.7052|0.008872704|non-instanced|16139294|57|9
104.4845|0.009570798|non-instanced|15780686|54|9
99.19746|0.0100809|non-instanced|15780686|54|9
98.34873|0.0101679|non-instanced|16139294|55|9
115.1491|0.008684396|non-instanced|15780686|55|9
99.89806|0.0100102|non-instanced|16139294|57|9
124.8518|0.008009495|non-instanced|16139294|57|9
104.0323|0.009612401|non-instanced|16139294|57|9
119.2065|0.008388804|non-instanced|16139294|57|9
124.4555|0.008034999|non-instanced|16139294|57|9
112.5797|0.008882596|non-instanced|16139294|57|9
103.8271|0.009631399|non-instanced|15422078|55|9
87.60092|0.01141541|non-instanced|16139294|57|9
134.82|0.007417297|non-instanced|16139294|57|9
120.9322|0.008269098|non-instanced|16139294|57|9
112.6456|0.008877402|non-instanced|16139294|57|9
125.4547|0.007971004|non-instanced|16139294|57|9
113.1376|0.008838797|non-instanced|16139294|57|9
96.84386|0.0103259|non-instanced|16139294|57|9
135.9213|0.0073572|non-instanced|16139294|57|9
114.3602|0.008744303|non-instanced|16139294|57|9
120.636|0.0082894|non-instanced|16139294|57|9
124.9985|0.008000099|non-instanced|16139294|57|9
127.0842|0.007868799|non-instanced|16139294|57|9
118.638|0.008429004|non-instanced|16139294|57|9
117.6153|0.008502296|non-instanced|16139294|57|9
116.6439|0.008573101|non-instanced|15780686|57|9
130.6933|0.007651502|non-instanced|16139294|57|9
111.0469|0.009005201|non-instanced|16139294|57|9
140.2958|0.007127799|non-instanced|16139294|57|9
114.8369|0.008708|non-instanced|16139294|57|9
102.2537|0.009779599|non-instanced|16139294|57|9
124.1758|0.008053097|non-instanced|16139294|57|9
123.8466|0.008074504|non-instanced|16139294|57|9
105.782|0.009453401|non-instanced|15780686|57|9
99.31084|0.01006939|non-instanced|16139294|57|9
118.7408|0.008421705|non-instanced|16139294|57|9
143.8188|0.006953196|non-instanced|16139293|56|9
113.688|0.008796004|non-instanced|16139294|57|9
113.4019|0.008818197|non-instanced|15422078|55|9
102.4045|0.009765199|non-instanced|16139294|57|9
136.4052|0.007331101|non-instanced|16139294|57|9
124.752|0.008015902|non-instanced|16139294|57|9
137.4118|0.007277395|non-instanced|16139294|57|9
94.92617|0.0105345|non-instanced|16139294|57|9
95.38796|0.0104835|non-instanced|16139294|57|9
117.0933|0.0085402|non-instanced|16139294|57|9
136.8233|0.007308695|non-instanced|16139294|57|9
117.2621|0.008527906|non-instanced|16139294|57|9
98.64268|0.0101376|non-instanced|16139294|57|9
120.1028|0.008326198|non-instanced|15780686|57|9
101.5868|0.009843799|non-instanced|16139294|57|9
98.00177|0.0102039|non-instanced|16139294|57|9
92.98519|0.0107544|non-instanced|7174094|32|4
106.314|0.009406101|non-instanced|7174094|32|4
118.6183|0.0084304|non-instanced|7174094|32|4
126.7475|0.007889704|non-instanced|6815486|30|4
91.90504|0.0108808|non-instanced|7174094|32|4
129.3879|0.007728699|non-instanced|7174094|32|4
122.2838|0.0081777|non-instanced|7174094|32|4
118.0317|0.0084723|non-instanced|7174094|32|4
118.7803|0.008418906|non-instanced|7174094|32|4
131.3905|0.007610898|non-instanced|7174094|32|4
113.2042|0.008833596|non-instanced|7174094|32|4
105.8817|0.009444501|non-instanced|7174094|32|4
113.176|0.008835799|non-instanced|7174094|32|4
116.0685|0.008615604|non-instanced|7174094|32|4
59.8215|0.0167164|non-instanced|7174094|32|4
118.4609|0.008441603|non-instanced|7174094|32|4
115.7153|0.0086419|non-instanced|7174094|32|4
133.2481|0.007504798|non-instanced|7174094|32|4
112.7345|0.008870401|non-instanced|7174094|32|4
85.904|0.0116409|non-instanced|7174094|32|4
140.2662|0.007129301|non-instanced|7174094|32|4
132.5663|0.007543396|non-instanced|7174094|32|4
130.9792|0.0076348|non-instanced|7174094|32|4
97.15435|0.0102929|non-instanced|7174094|32|4
116.3494|0.008594799|non-instanced|7174094|32|4
117.5074|0.008510105|non-instanced|7174094|32|4
122.728|0.008148101|non-instanced|7174094|32|4
126.8826|0.0078813|non-instanced|7174094|32|4
150.1727|0.006658999|non-instanced|7174094|32|4
125.3761|0.007975999|non-instanced|7174094|32|4
110.3838|0.009059297|non-instanced|7174094|32|4
115.3961|0.008665802|non-instanced|7174094|32|4
133.8366|0.007471797|non-instanced|7174094|32|4
116.0268|0.0086187|non-instanced|7174094|32|4
137.3135|0.007282604|non-instanced|7174094|32|4
119.3531|0.0083785|non-instanced|7174094|32|4
121.7197|0.008215597|non-instanced|7174094|32|4
117.4826|0.008511898|non-instanced|6815486|31|4
103.1981|0.0096901|non-instanced|6815486|32|4
97.4032|0.0102666|non-instanced|7174094|32|4
136.0193|0.007351899|non-instanced|7174094|32|4
139.0202|0.007193197|non-instanced|7174094|32|4
136.9806|0.007300305|non-instanced|7174094|32|4
116.1805|0.008607299|non-instanced|7174094|32|4
123.7195|0.008082801|non-instanced|7174094|32|4
123.7364|0.008081696|non-instanced|7174094|32|4
121.7256|0.0082152|non-instanced|6815486|31|4
118.1348|0.008464903|non-instanced|7174094|32|4
120.1173|0.008325199|non-instanced|7174094|32|4
121.4786|0.008231902|non-instanced|7174094|32|4
116.2169|0.008604599|non-instanced|7174094|32|4
96.51112|0.0103615|non-instanced|7174094|32|4
115.331|0.008670699|non-instanced|7174094|32|4
147.8371|0.006764201|non-instanced|7174094|32|4
98.06804|0.010197|non-instanced|7174094|32|4
97.08176|0.0103006|non-instanced|7174094|32|4
162.5698|0.006151204|non-instanced|7174094|32|4
127.745|0.007828097|non-instanced|7174094|32|4
110.3448|0.0090625|non-instanced|7174094|32|4
119.8307|0.008345104|non-instanced|7174094|32|4
133.8169|0.007472896|non-instanced|7174094|32|4
145.3868|0.006878203|non-instanced|7174094|32|4
130.1575|0.007683|non-instanced|7174094|32|4
118.3237|0.008451396|non-instanced|7174094|32|4
113.9328|0.008777104|non-instanced|6815486|31|4
107.141|0.009333496|non-instanced|6815486|31|4
128.7995|0.007764002|non-instanced|7174094|32|4
133.2285|0.007505903|non-instanced|6456878|31|4
104.8559|0.009536898|non-instanced|6456878|31|4
143.6245|0.006962599|non-instanced|7174094|32|4
119.9716|0.008335304|non-instanced|7174094|32|4
85.28712|0.0117251|non-instanced|7174094|32|4
98.37875|0.0101648|non-instanced|7174094|32|4
124.2853|0.008046003|non-instanced|1794974|17|1
81.817|0.0122224|non-instanced|1794974|17|1
116.1575|0.008609|non-instanced|1794974|17|1
128.9092|0.007757398|non-instanced|1794974|17|1
116.5025|0.008583504|non-instanced|1794974|17|1
127.3399|0.007852998|non-instanced|1794974|17|1
108.8969|0.009183|non-instanced|1794974|17|1
112.3141|0.008903599|non-instanced|1794974|17|1
129.4984|0.007722102|non-instanced|1794974|17|1
125.4359|0.007972201|non-instanced|1794974|17|1
115.4988|0.0086581|non-instanced|1794974|17|1
104.6562|0.009555095|non-instanced|1794974|17|1
104.1211|0.009604202|non-instanced|1794974|17|1
99.83926|0.0100161|non-instanced|1794974|17|1
97.00822|0.0103084|non-instanced|1794974|17|1
86.34837|0.011581|non-instanced|1794974|17|1
95.27346|0.0104961|non-instanced|1794974|17|1
126.7074|0.007892198|non-instanced|1436366|16|1
120.4891|0.008299504|non-instanced|1794974|17|1
147.0092|0.006802296|non-instanced|1794974|17|1
118.6535|0.008427905|non-instanced|1794974|17|1
133.1097|0.007512599|non-instanced|1794974|16|1
122.5957|0.008156895|non-instanced|1794974|17|1
137.0952|0.007294204|non-instanced|1794974|17|1
119.2151|0.008388202|non-instanced|1794974|17|1
119.5186|0.0083669|non-instanced|1436366|16|1
115.9541|0.0086241|non-instanced|1794974|17|1
123.7685|0.008079599|non-instanced|1794974|17|1
120.3138|0.0083116|non-instanced|1436366|16|1
107.1892|0.009329301|non-instanced|1794974|17|1
108.5989|0.009208199|non-instanced|1794974|17|1
102.7697|0.009730499|non-instanced|1794974|17|1
107.9447|0.009264003|non-instanced|1794974|17|1
109.2013|0.009157398|non-instanced|1436366|17|1
106.8901|0.0093554|non-instanced|1794974|17|1
108.4917|0.009217298|non-instanced|1794974|17|1
106.8033|0.009363003|non-instanced|1794974|17|1
105.2909|0.009497498|non-instanced|1794974|17|1
106.6439|0.009376998|non-instanced|1794974|17|1
103.9652|0.009618601|non-instanced|1794974|17|1
87.70774|0.0114015|non-instanced|1794974|17|1
114.833|0.008708298|non-instanced|1794974|17|1
89.67726|0.0111511|non-instanced|1794974|17|1
92.31138|0.0108329|non-instanced|1794974|17|1
89.49425|0.0111739|non-instanced|1794974|17|1
91.01914|0.0109867|non-instanced|1794974|17|1
89.41663|0.0111836|non-instanced|1794974|17|1
91.26172|0.0109575|non-instanced|1794974|17|1
90.76637|0.0110173|non-instanced|1794974|16|1
89.7521|0.0111418|non-instanced|1794974|17|1
88.87859|0.0112513|non-instanced|1436366|17|1
81.61334|0.0122529|non-instanced|1794974|17|1
82.29166|0.0121519|non-instanced|1794974|17|1
84.60954|0.011819|non-instanced|1794974|17|1
82.65348|0.0120987|non-instanced|1794974|17|1
81.7929|0.012226|non-instanced|1794974|17|1
81.01629|0.0123432|non-instanced|1794974|17|1
83.41466|0.0119883|non-instanced|1794974|17|1
78.07619|0.012808|non-instanced|1794974|17|1
80.40911|0.0124364|non-instanced|1794974|17|1
83.36459|0.0119955|non-instanced|1794974|17|1
80.69917|0.0123917|non-instanced|1794974|17|1
74.77531|0.0133734|non-instanced|1794974|17|1
80.5542|0.012414|non-instanced|1794974|17|1
80.30003|0.0124533|non-instanced|1794974|17|1
79.96609|0.0125053|non-instanced|1794974|17|1
79.38584|0.0125967|non-instanced|1794974|17|1
79.09955|0.0126423|non-instanced|1794974|17|1
57.105|0.0175116|non-instanced|1794974|17|1
92.33439|0.0108302|non-instanced|1794974|17|1
103.921|0.009622697|non-instanced|1794974|17|1
79.43633|0.0125887|non-instanced|1794974|17|1
79.90089|0.0125155|non-instanced|1794974|17|1
77.77624|0.0128574|non-instanced|1794974|17|1
81.0281|0.0123414|non-instanced|1794974|17|1
78.87553|0.0126782|non-instanced|1794974|17|1
66.89635|0.0149485|non-instanced|1794974|17|1
99.4431|0.010056|non-instanced|1436366|17|1
80.63539|0.0124015|non-instanced|1794974|17|1
80.65231|0.0123989|non-instanced|1794974|17|1
82.75338|0.0120841|non-instanced|1436366|17|1
49.26982|0.0202964|non-instanced|1794974|17|1
123.3213|0.0081089|non-instanced|1794974|17|1
108.3705|0.009227601|non-instanced|1794974|17|1
45.75528|0.0218554|non-instanced|1794974|17|1
87.76474|0.0113941|non-instanced|1794974|17|1
82.5103|0.0121197|non-instanced|1794974|17|1
118.0484|0.008471102|non-instanced|1794974|17|1
101.8527|0.009818099|non-instanced|1794974|17|1
64.07916|0.0156057|non-instanced|1794974|17|1
93.49546|0.01069571|non-instanced|1794974|17|1
51.95507|0.0192474|non-instanced|1794974|17|1
36.30779|0.0275423|non-instanced|1794974|17|1
106.3151|0.009406002|non-instanced|1794974|17|1
55.99387|0.0178591|non-instanced|1794974|17|1
50.47956|0.01981|non-instanced|1794974|17|1
119.8667|0.008342602|non-instanced|1794974|17|1
103.1502|0.0096946|non-instanced|1794974|17|1
55.50715|0.0180157|non-instanced|1794974|17|1
65.2601|0.0153233|non-instanced|1794974|17|1
101.1961|0.009881803|non-instanced|1794974|17|1
101.2382|0.009877699|non-instanced|1436366|16|1
61.04297|0.0163819|non-instanced|1794974|17|1
100.7465|0.0099259|non-instanced|1794974|17|1
87.90666|0.0113757|non-instanced|1794974|17|1
94.83259|0.0105449|non-instanced|1794974|17|1
70.07661|0.0142701|non-instanced|1794974|17|1
60.33982|0.0165728|non-instanced|1794974|17|1
89.89491|0.0111241|non-instanced|1794974|17|1
45.32393|0.0220634|non-instanced|1794974|17|1
62.40834|0.0160235|non-instanced|1794974|17|1
43.836|0.0228123|non-instanced|1794974|17|1
50.21365|0.0199149|non-instanced|1794974|17|1
55.88404|0.0178942|non-instanced|1794974|17|1
93.19921|0.0107297|non-instanced|1794974|17|1
138.4409|0.007223299|non-instanced|1794974|17|1
139.6922|0.007158596|non-instanced|1794974|17|1
82.00751|0.012194|non-instanced|1794974|17|1
85.20355|0.0117366|non-instanced|1794974|17|1
83.37853|0.01199349|non-instanced|1794974|17|1
82.65417|0.0120986|non-instanced|1794974|17|1
81.9726|0.0121992|non-instanced|1794974|17|1
82.41171|0.0121342|non-instanced|1794974|17|1
82.77052|0.0120816|non-instanced|1794974|17|1
82.30991|0.01214921|non-instanced|1436366|16|1
90.69968|0.0110254|non-instanced|1794974|17|1
106.9656|0.009348802|non-instanced|1794974|17|1
94.84879|0.0105431|non-instanced|1794974|17|1
99.13454|0.0100873|non-instanced|1794974|17|1
96.49626|0.0103631|non-instanced|1794974|17|1
95.72215|0.0104469|non-instanced|1794974|17|1
96.8739|0.0103227|non-instanced|1794974|17|1
97.57615|0.01024841|non-instanced|1794974|17|1
95.55848|0.0104648|non-instanced|1794974|17|1
50.00002|0.01999999|non-instanced|1794974|17|1
50.00002|0.01999999|non-instanced|1934|12|1
18.76697|0.0532851|non-instanced|1794974|17|1
58.92719|0.0169701|non-instanced|1794974|17|1
69.70827|0.0143455|non-instanced|1794974|17|1
55.45604|0.0180323|non-instanced|1794974|17|1
59.20206|0.0168913|non-instanced|1794974|17|1
64.93381|0.0154003|non-instanced|1794974|17|1
65.42278|0.0152852|non-instanced|1794974|17|1
87.12773|0.0114774|non-instanced|1794974|17|1
109.5038|0.0091321|non-instanced|1794974|17|1
22.38494|0.0446729|non-instanced|1794974|17|1
50.17789|0.0199291|non-instanced|1794974|17|1
93.17404|0.0107326|non-instanced|1794974|17|1
116.0349|0.008618098|non-instanced|1794974|17|1
50.00002|0.01999999|non-instanced|1794974|17|1
50.00002|0.01999999|non-instanced|1934|12|1
35.15593|0.0284447|non-instanced|1794974|17|1
78.18183|0.0127907|non-instanced|1794974|17|1
72.79765|0.01373671|non-instanced|1794974|17|1
62.8824|0.0159027|non-instanced|1794974|17|1
63.69062|0.0157009|non-instanced|1794974|17|1
63.43167|0.01576499|non-instanced|1794974|17|1
65.70215|0.0152202|non-instanced|1436366|17|1
64.32439|0.0155462|non-instanced|1794974|17|1
64.07218|0.0156074|non-instanced|1794974|17|1
65.29718|0.0153146|non-instanced|1794974|17|1
65.50976|0.0152649|non-instanced|1794974|17|1
64.80166|0.0154317|non-instanced|1794974|17|1
67.18401|0.0148845|non-instanced|1794974|17|1
81.54675|0.0122629|non-instanced|1436366|17|1
80.92383|0.0123573|non-instanced|1436366|17|1
101.4837|0.009853798|non-instanced|1436366|17|1
117.188|0.008533298|non-instanced|1436366|17|1
101.1255|0.009888705|non-instanced|1794974|17|1
98.33324|0.0101695|non-instanced|1794974|17|1
113.4791|0.008812196|non-instanced|1794974|17|1
114.368|0.008743701|non-instanced|1794974|17|1
117.2827|0.008526403|non-instanced|1794974|17|1
123.9527|0.008067595|non-instanced|1794974|17|1
116.1035|0.008613003|non-instanced|1794974|17|1
100.4591|0.009954302|non-instanced|1794974|17|1
106.0007|0.0094339|non-instanced|1794974|17|1
76.00864|0.0131564|non-instanced|1794974|17|1
122.974|0.008131803|non-instanced|1794974|17|1
119.8251|0.008345501|non-instanced|1794974|17|1
132.612|0.007540795|non-instanced|1794974|17|1
138.1177|0.0072402|non-instanced|1794974|17|1
132.6436|0.007539002|non-instanced|1794974|17|1
106.8057|0.009362797|non-instanced|1794974|17|1
111.8556|0.008940101|non-instanced|1794974|17|1
115.1185|0.008686699|non-instanced|1794974|17|1
125.9334|0.007940703|non-instanced|1794974|17|1
123.3153|0.008109297|non-instanced|1794974|17|1
123.1132|0.008122605|non-instanced|1794974|17|1
118.054|0.008470698|non-instanced|1794974|17|1
109.4176|0.0091393|non-instanced|1794974|17|1
126.4095|0.007910799|non-instanced|1794974|17|1
108.4446|0.009221301|non-instanced|1794974|17|1
109.2896|0.00915|non-instanced|1794974|17|1
121.5495|0.008227098|non-instanced|1794974|17|1
114.7869|0.008711798|non-instanced|1794974|17|1
83.94049|0.0119132|non-instanced|1794974|17|1
121.8888|0.008204202|non-instanced|1794974|17|1
106.7009|0.009371996|non-instanced|1794974|17|1
119.4001|0.008375205|non-instanced|1794974|17|1
117.6291|0.008501297|non-instanced|1794974|16|1
98.15855|0.0101876|non-instanced|1794974|17|1
107.5188|0.009300701|non-instanced|1794974|17|1
123.6629|0.008086501|non-instanced|1794974|17|1
131.9174|0.007580499|non-instanced|1794974|17|1
105.561|0.0094732|non-instanced|1794974|17|1
140.3647|0.007124298|non-instanced|1794974|17|1
122.39|0.008170599|non-instanced|1794974|17|1
76.19974|0.01312341|non-instanced|1794974|17|1
72.84225|0.0137283|non-instanced|1794974|17|1
79.54308|0.0125718|non-instanced|1794974|17|1
66.94113|0.0149385|non-instanced|1436366|17|1
90.1226|0.011096|non-instanced|1794974|17|1
80.61977|0.0124039|non-instanced|1794974|17|1
111.371|0.008978996|non-instanced|1794974|17|1
120.0206|0.008331902|non-instanced|1794974|17|1
104.3678|0.009581498|non-instanced|1794974|17|1
81.7027|0.0122395|non-instanced|1794974|17|1
99.65911|0.01003421|non-instanced|1794974|17|1
103.6678|0.009646195|non-instanced|1794974|17|1
96.20471|0.0103945|non-instanced|1794974|17|1
141.1731|0.007083504|non-instanced|1794974|17|1
117.6416|0.008500397|non-instanced|1794974|17|1
100.2657|0.009973505|non-instanced|1794974|17|1
96.44318|0.0103688|non-instanced|1794974|17|1
118.8991|0.008410495|non-instanced|1794974|17|1
143.5544|0.006966|non-instanced|1794974|17|1
151.9964|0.006579103|non-instanced|1794974|17|1
147.6146|0.006774398|non-instanced|1794974|17|1
135.5013|0.007380003|non-instanced|1794974|17|1
128.4687|0.007783999|non-instanced|1794974|17|1
135.3071|0.007390596|non-instanced|1794974|17|1
133.6559|0.007481902|non-instanced|1794974|17|1
135.3968|0.0073857|non-instanced|1794974|17|1
141.3867|0.007072803|non-instanced|1794974|17|1
137.7715|0.007258397|non-instanced|1794974|17|1
129.48|0.0077232|non-instanced|1794974|17|1
122.2643|0.008179003|non-instanced|1794974|17|1
96.24454|0.0103902|non-instanced|1794974|17|1
109.3829|0.009142198|non-instanced|1794974|17|1
121.9929|0.008197201|non-instanced|1436366|16|1
89.97498|0.0111142|non-instanced|1794974|17|1
133.9405|0.007466001|non-instanced|1794974|17|1
135.1736|0.007397895|non-instanced|1794974|17|1
131.5617|0.007600999|non-instanced|1794974|17|1
120.7146|0.008284|non-instanced|1794974|17|1
111.7218|0.008950801|non-instanced|1794974|17|1
107.9388|0.009264505|non-instanced|1794974|17|1
117.4109|0.008517099|non-instanced|1794974|17|1
116.659|0.008571995|non-instanced|1794974|17|1
98.00368|0.0102037|non-instanced|1794974|17|1
130.6882|0.0076518|non-instanced|1794974|17|1
119.6501|0.008357703|non-instanced|1794974|17|1
129.403|0.007727799|non-instanced|1794974|17|1
116.4415|0.008588003|non-instanced|1794974|17|1
113.2888|0.008826998|non-instanced|1794974|17|1
110.7236|0.009031498|non-instanced|1436366|17|1
122.432|0.0081678|non-instanced|1794974|17|1
114.7604|0.008713804|non-instanced|1794974|17|1
122.2987|0.008176701|non-instanced|1794974|17|1
128.8345|0.007761898|non-instanced|1794974|17|1
79.71558|0.0125446|non-instanced|1794974|17|1
105.353|0.009491901|non-instanced|1794974|17|1
106.4498|0.009394097|non-instanced|1794974|17|1
119.1185|0.008395004|non-instanced|1794974|17|1
130.5177|0.007661799|non-instanced|1794974|17|1
117.4026|0.008517701|non-instanced|1794974|17|1
106.6963|0.009372399|non-instanced|1794974|17|1
95.06609|0.010519|non-instanced|1794974|17|1
115.3815|0.008666901|non-instanced|1794974|17|1
123.6874|0.0080849|non-instanced|1794974|17|1
137.0051|0.007299001|non-instanced|1794974|17|1
127.2345|0.007859503|non-instanced|1794974|16|1
97.50206|0.01025619|non-instanced|1794974|17|1
108.4939|0.009217106|non-instanced|1794974|17|1
104.5818|0.009561897|non-instanced|1794974|17|1
125.9192|0.007941603|non-instanced|1794974|17|1
121.343|0.0082411|non-instanced|1794974|17|1
111.6608|0.008955698|non-instanced|1794974|17|1
133.7417|0.007477098|non-instanced|1794974|17|1
117.3021|0.008525|non-instanced|1794974|17|1
129.7235|0.007708702|non-instanced|1794974|17|1
109.8322|0.009104798|non-instanced|1794974|17|1
110.9557|0.009012606|non-instanced|1794974|17|1
116.6249|0.008574497|non-instanced|1794974|17|1
128.3944|0.007788499|non-instanced|1077758|15|1
105.6669|0.009463698|non-instanced|1436366|16|1
100.5722|0.009943105|non-instanced|1794974|17|1
124.4168|0.0080375|non-instanced|1436366|17|1
90.62158|0.0110349|non-instanced|1794974|17|1
96.93966|0.0103157|non-instanced|1794974|17|1
88.8707|0.0112523|non-instanced|1794974|17|1
79.41993|0.0125913|non-instanced|1794974|17|1
102.1889|0.009785799|non-instanced|1794974|17|1
87.90125|0.0113764|non-instanced|1794974|17|1
92.30286|0.0108339|non-instanced|1794974|17|1
94.9136|0.0105359|non-instanced|1794974|17|1
79.36128|0.0126006|non-instanced|1794974|17|1
95.14114|0.0105107|non-instanced|1794974|17|1
65.49388|0.0152686|non-instanced|1794974|17|1
79.88244|0.0125184|non-instanced|1794974|17|1
66.98415|0.0149289|non-instanced|1794974|17|1
69.94182|0.0142976|non-instanced|1794974|17|1
23.80771|0.0420032|non-instanced|1794974|17|1
71.10047|0.0140646|non-instanced|1794974|17|1
51.14724|0.0195514|non-instanced|1794974|17|1
90.54279|0.0110445|non-instanced|1794974|17|1
127.4356|0.007847101|non-instanced|1794974|17|1
56.72085|0.0176302|non-instanced|1794974|17|1
95.06789|0.0105188|non-instanced|1794974|17|1
91.83668|0.0108889|non-instanced|1794974|17|1
94.74358|0.0105548|non-instanced|1794974|17|1
92.82641|0.0107728|non-instanced|1794974|17|1
78.07802|0.0128077|non-instanced|1794974|17|1
103.1246|0.009697002|non-instanced|1794974|17|1
29.57373|0.0338138|non-instanced|1794974|17|1
50.00002|0.01999999|instanced|1686|7|1
50.00002|0.01999999|instanced|1796662|23|1
16.29466|0.0613698|instanced|1796906|29|1
98.67186|0.0101346|instanced|1796906|29|1
6.016148|0.1662193|instanced|1794970|17|1
149.2204|0.006701495|instanced|1794970|17|1
64.54652|0.0154927|instanced|1794970|17|1
66.83822|0.0149615|instanced|1794970|17|1
63.43567|0.015764|instanced|1794970|17|1
67.18803|0.0148836|instanced|1794970|17|1
67.46956|0.0148215|instanced|1794970|17|1
63.06284|0.0158572|instanced|1436362|17|1
65.76051|0.0152067|instanced|1794970|17|1
67.5256|0.0148092|instanced|1794970|17|1
65.94044|0.0151652|instanced|1794970|17|1
65.75183|0.0152087|instanced|1794970|17|1
67.47272|0.0148208|instanced|1794970|17|1
78.34229|0.0127645|instanced|1794970|17|1
98.47659|0.0101547|instanced|1794970|17|1
118.3558|0.0084491|instanced|1794970|17|1
81.62066|0.0122518|instanced|1794970|17|1
95.63062|0.0104569|instanced|1436362|16|1
83.17738|0.0120225|instanced|1794970|17|1
120.3877|0.008306498|instanced|1794970|17|1
94.17348|0.0106187|instanced|1794970|17|1
75.11118|0.0133136|instanced|1794970|17|1
94.2178|0.01061371|instanced|1794970|17|1
93.71986|0.0106701|instanced|1794970|17|1
81.08392|0.0123329|instanced|1794970|17|1
54.10406|0.0184829|instanced|1794970|17|1
50.37023|0.019853|instanced|1794970|17|1
108.9633|0.009177403|instanced|1794970|17|1
124.2421|0.008048803|instanced|1794970|17|1
112.4215|0.008895096|instanced|1794970|17|1
116.5718|0.008578401|instanced|1794970|17|1
85.34241|0.0117175|instanced|1794970|17|1
54.36083|0.0183956|instanced|1794970|17|1
50.95438|0.0196254|instanced|1794970|17|1
74.41582|0.013438|instanced|1436362|16|1
90.28207|0.0110764|instanced|1794970|17|1
107.5407|0.009298802|instanced|1794970|17|1
66.84268|0.0149605|instanced|1794970|17|1
59.8197|0.0167169|instanced|1794970|17|1
47.044|0.0212567|instanced|1794970|16|1
37.35692|0.0267688|instanced|1794970|17|1
57.77441|0.0173087|instanced|1794970|17|1
104.5828|0.009561799|instanced|1794970|17|1
147.1952|0.006793701|instanced|1794970|17|1
136.5617|0.007322697|instanced|1794970|17|1
78.0256|0.01281631|instanced|1794970|17|1
70.67686|0.0141489|instanced|1794970|17|1
71.85457|0.013917|instanced|1794970|17|1
126.791|0.007886996|instanced|1794970|17|1
116.6848|0.008570096|instanced|1794970|17|1
120.0696|0.0083285|instanced|1794970|17|1
145.2686|0.006883801|instanced|1794970|17|1
90.00981|0.0111099|instanced|1794970|17|1
98.08344|0.0101954|instanced|1436362|16|1
121.4093|0.0082366|instanced|1794970|17|1
129.194|0.007740299|instanced|1794970|17|1
112.1139|0.008919501|instanced|1794970|17|1
137.052|0.007296499|instanced|1794970|17|1
135.888|0.007358999|instanced|1794970|17|1
143.2356|0.006981505|instanced|1794970|17|1
128.4489|0.007785197|instanced|1794970|17|1
161.8594|0.006178203|instanced|1794970|17|1
147.2278|0.006792198|instanced|1436362|17|1
115.973|0.008622697|instanced|1436362|16|1
56.80462|0.0176042|instanced|1794970|17|1
124.3951|0.008038903|instanced|1794970|17|1
156.917|0.006372796|instanced|1794970|17|1
106.7293|0.009369501|instanced|1436362|16|1
103.3442|0.009676403|instanced|1794970|17|1
132.2507|0.007561394|instanced|1794970|16|1
105.8705|0.009445501|instanced|1794970|17|1
113.4031|0.008818105|instanced|1794970|16|1
108.8578|0.009186296|instanced|1794970|17|1
140.552|0.007114803|instanced|1794970|16|1
99.07371|0.0100935|instanced|1794970|17|1
118.1907|0.008460905|instanced|1794970|17|1
116.8484|0.008558099|instanced|1794970|17|1
126.3663|0.007913499|instanced|1794970|17|1
101.101|0.0098911|instanced|1794970|17|1
104.2199|0.009595096|instanced|1794970|16|1
69.91344|0.0143034|instanced|1794970|17|1
127.4454|0.0078465|instanced|1794970|17|1
104.1363|0.009602799|instanced|1436362|17|1
80.1301|0.0124797|instanced|1794970|17|1
120.8007|0.008278097|instanced|1794970|17|1
146.5652|0.006822903|instanced|1794970|17|1
144.9381|0.006899497|instanced|1794970|17|1
81.52814|0.0122657|instanced|1794970|17|1
96.09106|0.0104068|instanced|1794970|17|1
104.0442|0.009611302|instanced|1794970|17|1
100.8746|0.009913301|instanced|1794970|17|1
87.21663|0.0114657|instanced|1436362|16|1
70.46326|0.01419179|instanced|1436362|16|1
76.42104|0.0130854|instanced|1794970|17|1
95.32616|0.0104903|instanced|1794970|17|1
100.6167|0.009938705|instanced|1794970|17|1
55.94031|0.0178762|instanced|1794970|17|1
66.26861|0.0150901|instanced|1794970|17|1
56.07581|0.017833|instanced|1794970|17|1
89.47746|0.011176|instanced|1794970|17|1
62.66527|0.0159578|instanced|1436362|17|1
105.7686|0.009454599|instanced|1794970|17|1
109.0108|0.009173399|instanced|1794970|17|1
62.19872|0.0160775|instanced|1794970|17|1
65.10078|0.0153608|instanced|1794970|17|1
50.0438|0.0199825|instanced|1794970|16|1
104.7164|0.009549603|instanced|1794970|17|1
140.1169|0.007136898|instanced|1794970|17|1
128.9092|0.007757398|instanced|1794970|17|1
134.7435|0.007421507|instanced|1794970|17|1
109.3841|0.009142099|instanced|1794970|17|1
59.36938|0.0168437|instanced|1794970|17|1
75.22645|0.0132932|instanced|1794970|17|1
134.9692|0.007409099|instanced|1794970|17|1
87.9283|0.0113729|instanced|1794970|17|1
106.3977|0.009398696|instanced|1436362|16|1
50.61522|0.0197569|instanced|1794970|17|1
97.19591|0.0102885|instanced|1794970|17|1
93.47014|0.0106986|instanced|1794970|17|1
61.02547|0.0163866|instanced|1794970|17|1
56.051|0.01784089|instanced|1794970|17|1
57.94112|0.0172589|instanced|1794970|17|1
46.54496|0.0214846|instanced|1794970|17|1
52.32013|0.0191131|instanced|1436362|17|1
91.16355|0.0109693|instanced|1794970|17|1
87.9306|0.01137261|instanced|1794970|17|1
84.69841|0.0118066|instanced|1794970|17|1
99.41739|0.0100586|instanced|1794970|17|1
110.8009|0.009025198|instanced|1794970|17|1
117.9342|0.008479301|instanced|1794970|17|1
69.92861|0.0143003|instanced|1794970|17|1
113.7449|0.008791603|instanced|1794970|17|1
104.967|0.009526799|instanced|1794970|17|1
93.07523|0.010744|instanced|1794970|17|1
91.98531|0.0108713|instanced|1794970|16|1
106.3569|0.009402303|instanced|1794970|17|1
122.6181|0.0081554|instanced|1794970|17|1
100.016|0.009998399|instanced|1794970|17|1
102.7432|0.009733|instanced|1794970|17|1
130.0796|0.007687599|instanced|1794970|17|1
115.6899|0.008643799|instanced|1794970|17|1
103.8066|0.009633298|instanced|1794970|17|1
99.70982|0.0100291|instanced|1794970|17|1
61.09593|0.0163677|instanced|1794970|17|1
104.8548|0.009536996|instanced|1794970|17|1
98.21348|0.0101819|instanced|1794970|17|1
98.84063|0.0101173|instanced|1794970|17|1
88.59436|0.0112874|instanced|1794970|17|1
109.4811|0.009133999|instanced|1794970|17|1
117.8578|0.0084848|instanced|1794970|16|1
111.1519|0.008996698|instanced|1794970|17|1
105.8425|0.009448002|instanced|1794970|17|1
91.73388|0.0109011|instanced|1794970|17|1
111.8431|0.0089411|instanced|1794970|17|1
101.5971|0.009842801|instanced|1436362|16|1
87.57027|0.0114194|instanced|1794970|17|1
103.0737|0.0097018|instanced|1794970|17|1
97.74504|0.0102307|instanced|1436362|17|1
89.55997|0.0111657|instanced|1436362|16|1
87.39807|0.0114419|instanced|1794970|17|1
106.9622|0.0093491|instanced|1794970|17|1
123.9972|0.008064697|instanced|1794970|16|1
108.1818|0.009243701|instanced|1794970|17|1
97.09774|0.0102989|instanced|1794970|17|1
105.4974|0.009478904|instanced|1436362|17|1
82.08836|0.01218199|instanced|1794970|17|1
102.3049|0.009774703|instanced|1794970|16|1
101.0754|0.009893601|instanced|1794970|17|1
100.0901|0.009991|instanced|1077754|15|1
76.00922|0.0131563|instanced|1794970|17|1
104.6869|0.009552296|instanced|1794970|17|1
93.92577|0.0106467|instanced|1794970|17|1
93.68913|0.0106736|instanced|1794970|17|1
83.12139|0.0120306|instanced|1794970|17|1
80.68809|0.0123934|instanced|1794970|17|1
92.81951|0.0107736|instanced|1794970|17|1
85.12158|0.0117479|instanced|1436362|16|1
86.88098|0.01151|instanced|1794970|17|1
94.10434|0.0106265|instanced|1794970|17|1
109.6913|0.009116497|instanced|1794970|17|1
98.26271|0.0101768|instanced|1436362|15|1
87.67079|0.01140631|instanced|1794970|16|1
97.16947|0.0102913|instanced|1794970|17|1
92.87119|0.0107676|instanced|1436362|16|1
73.463|0.01361229|instanced|1794970|17|1
55.60126|0.0179852|instanced|1794970|16|1
56.69032|0.0176397|instanced|1794970|16|1
71.12527|0.0140597|instanced|1794970|16|1
56.76141|0.0176176|instanced|1794970|17|1
102.2338|0.009781498|instanced|1794970|17|1
106.8193|0.009361601|instanced|1794970|17|1
103.77|0.009636699|instanced|1794970|17|1
43.2891|0.0231005|instanced|1794970|16|1
81.15961|0.0123214|instanced|1794970|17|1
113.4404|0.0088152|instanced|1794970|17|1
109.86|0.009102494|instanced|1794970|17|1
94.1238|0.01062431|instanced|1794970|17|1
102.814|0.009726297|instanced|1794970|17|1
98.9511|0.010106|instanced|1436362|16|1
112.7841|0.008866496|instanced|1794970|17|1
87.92211|0.0113737|instanced|1794970|17|1
72.12821|0.0138642|instanced|1794970|17|1
85.82292|0.0116519|instanced|1794970|17|1
94.99384|0.010527|instanced|1436362|17|1
82.20979|0.012164|instanced|1794970|17|1
110.898|0.009017297|instanced|1794970|17|1
88.44389|0.0113066|instanced|1794970|17|1
87.6501|0.011409|instanced|1794970|17|1
88.24026|0.0113327|instanced|1436362|16|1
81.69333|0.0122409|instanced|1794970|17|1
94.04859|0.0106328|instanced|1794970|17|1
80.98741|0.0123476|instanced|1794970|16|1
81.21561|0.0123129|instanced|1794970|17|1
80.44729|0.0124305|instanced|1794970|16|1
83.73946|0.0119418|instanced|1794970|17|1
79.53806|0.0125726|instanced|1794970|16|1
84.93867|0.0117732|instanced|1794970|17|1
83.29934|0.0120049|instanced|1794970|17|1
80.37939|0.012441|instanced|1794970|17|1
81.94841|0.0122028|instanced|1794970|17|1
77.0143|0.0129846|instanced|1794970|17|1
78.95152|0.012666|instanced|1794970|17|1
77.99279|0.0128217|instanced|1794970|17|1
74.59621|0.01340551|instanced|1794970|17|1
75.97402|0.01316239|instanced|1794970|17|1
82.89605|0.0120633|instanced|1794970|17|1
77.39099|0.0129214|instanced|1794970|17|1
78.2748|0.0127755|instanced|1794970|17|1
64.22483|0.0155703|instanced|1794970|16|1
77.32636|0.0129322|instanced|1794970|16|1
90.18601|0.01108819|instanced|1794970|17|1
74.96812|0.013339|instanced|1794970|17|1
75.42386|0.0132584|instanced|1794970|17|1
75.53556|0.0132388|instanced|1794970|17|1
74.83463|0.0133628|instanced|1794970|17|1
76.38599|0.0130914|instanced|1794970|17|1
65.84015|0.0151883|instanced|1794970|17|1
88.67296|0.0112774|instanced|1794970|17|1
76.54738|0.0130638|instanced|1794970|17|1
77.86103|0.0128434|instanced|1794970|17|1
77.46593|0.0129089|instanced|1794970|17|1
74.70603|0.0133858|instanced|1436362|17|1
76.78484|0.01302341|instanced|1794970|17|1
77.41256|0.0129178|instanced|1794970|17|1
68.32658|0.01463559|instanced|1436362|17|1
89.90459|0.0111229|instanced|1436362|16|1
82.22736|0.0121614|instanced|1794970|17|1
80.4667|0.0124275|instanced|1794970|17|1
79.90732|0.0125145|instanced|1794970|17|1
79.21797|0.0126234|instanced|1436362|16|1
79.55702|0.0125696|instanced|1794970|17|1
75.6384|0.0132208|instanced|1794970|17|1
38.15134|0.0262114|instanced|1794970|17|1
49.02369|0.0203983|instanced|1794970|17|1
49.88402|0.0200465|instanced|1794970|17|1
45.3307|0.02206011|instanced|1794970|17|1
49.60712|0.0201584|instanced|1794970|17|1
78.7482|0.0126987|instanced|1794970|17|1
52.82202|0.0189315|instanced|1794970|17|1
59.11669|0.0169157|instanced|1794970|17|1
111.8656|0.0089393|instanced|1794970|17|1
47.16225|0.0212034|instanced|1794970|17|1
73.11599|0.0136769|instanced|1794970|17|1
56.98882|0.0175473|instanced|1794970|17|1
47.58868|0.0210134|instanced|1794970|17|1
55.94873|0.01787351|instanced|1794970|17|1
70.51491|0.0141814|instanced|1794970|17|1
56.84015|0.0175932|instanced|1794970|17|1
57.49636|0.0173924|instanced|1794970|17|1
100.309|0.009969196|instanced|1794970|17|1
142.7307|0.0070062|instanced|1794970|17|1
97.77749|0.0102273|instanced|1794970|17|1
58.68854|0.0170391|instanced|1794970|17|1
70.53432|0.01417749|instanced|1794970|17|1
92.22794|0.0108427|instanced|1794970|17|1
74.77416|0.0133736|instanced|1794970|17|1
65.69398|0.01522209|instanced|1794970|17|1
96.70522|0.0103407|instanced|1794970|17|1
60.85502|0.0164325|instanced|1794970|17|1
95.7799|0.0104406|instanced|1436362|16|1
66.85788|0.0149571|instanced|1794970|17|1
58.02551|0.0172338|instanced|1794970|17|1
74.11636|0.0134923|instanced|1794970|17|1
78.50218|0.0127385|instanced|1794970|17|1
82.72049|0.0120889|instanced|1794970|17|1
95.09415|0.01051589|instanced|1794970|17|1
106.2676|0.009410204|instanced|1794970|17|1
86.6326|0.011543|instanced|1794970|17|1
47.07035|0.0212448|instanced|1794970|17|1
90.78446|0.0110151|instanced|1794970|17|1
59.95778|0.0166784|instanced|1794970|17|1
64.52486|0.0154979|instanced|1794970|17|1
72.60163|0.0137738|instanced|1794970|17|1
77.44073|0.0129131|instanced|1794970|17|1
93.42305|0.010704|instanced|1794970|17|1
80.74345|0.01238491|instanced|1794970|17|1
56.09217|0.0178278|instanced|1794970|17|1
156.2476|0.006400099|instanced|1794970|16|1
118.008|0.008474001|instanced|1794970|17|1
91.92191|0.0108788|instanced|1436362|16|1
82.92699|0.0120588|instanced|1436362|16|1
118.5607|0.008434496|instanced|1794970|17|1
93.48413|0.010697|instanced|1794970|17|1
89.35033|0.0111919|instanced|1794970|17|1
89.86177|0.0111282|instanced|1794970|17|1
89.98147|0.0111134|instanced|1794970|17|1
87.17256|0.0114715|instanced|1436362|16|1
88.2021|0.0113376|instanced|1794970|17|1
109.7273|0.009113499|instanced|1794970|17|1
103.5969|0.009652799|instanced|1794970|16|1
112.0423|0.008925199|instanced|1794970|17|1
101.9275|0.009810898|instanced|1794970|16|1
114.4086|0.008740604|instanced|1794970|17|1
106.8102|0.009362401|instanced|1436362|17|1
92.76698|0.0107797|instanced|1794970|17|1
135.0184|0.007406399|instanced|1794970|17|1
110.6831|0.0090348|instanced|1794970|17|1
109.6876|0.009116801|instanced|1794970|17|1
101.4065|0.009861303|instanced|1794970|17|1
89.89571|0.011124|instanced|1794970|17|1
120.5517|0.008295195|instanced|1794970|17|1
128.192|0.007800801|instanced|1794970|17|1
136.5542|0.007323101|instanced|1794970|17|1
105.1082|0.009514002|instanced|1794970|17|1
126.6801|0.007893899|instanced|1794970|17|1
127.2978|0.007855598|instanced|1794970|17|1
97.78806|0.0102262|instanced|1794970|17|1
115.0192|0.008694204|instanced|1794970|17|1
128.7979|0.007764101|instanced|1436362|16|1
87.25627|0.01146049|instanced|1794970|17|1
121.9095|0.008202806|instanced|1794970|17|1
119.8351|0.008344798|instanced|1794970|17|1
118.0275|0.008472598|instanced|1794970|17|1
91.61953|0.0109147|instanced|1794970|17|1
103.0886|0.009700397|instanced|1794970|17|1
101.7377|0.009829202|instanced|1794970|17|1
143.0594|0.006990101|instanced|1794970|17|1
115.0298|0.008693396|instanced|1794970|17|1
140.4751|0.007118701|instanced|1794970|17|1
117.466|0.008513102|instanced|1794970|17|1
128.4736|0.007783702|instanced|1794970|17|1
95.44628|0.0104771|instanced|1077754|15|1
95.39164|0.0104831|instanced|1794970|17|1
107.0824|0.009338599|instanced|1794970|17|1
124.0895|0.008058702|instanced|1794970|17|1
104.002|0.0096152|instanced|1794970|17|1
111.3946|0.008977097|instanced|1794970|17|1
129.5303|0.007720203|instanced|1794970|17|1
118.1684|0.0084625|instanced|1794970|17|1
95.27803|0.0104956|instanced|1794970|17|1
105.6301|0.009467|instanced|1794970|17|1
124.8736|0.008008099|instanced|1794970|17|1
125.395|0.007974802|instanced|1794970|17|1
113.344|0.008822697|instanced|1794970|17|1
101.9627|0.009807505|instanced|1794970|17|1
96.0209|0.0104144|instanced|1794970|17|1
136.6643|0.007317198|instanced|1436362|17|1
101.8288|0.009820401|instanced|1794970|17|1
30.41326|0.0328804|instanced|1794970|17|1
120.5575|0.008294798|instanced|1794970|17|1
143.5811|0.006964704|instanced|1794970|17|1
102.2987|0.009775298|instanced|1794970|17|1
121.9809|0.008198001|instanced|1794970|17|1
109.0679|0.009168602|instanced|1794970|17|1
107.9715|0.009261699|instanced|1794970|17|1
92.39327|0.0108233|instanced|1794970|17|1
120.1706|0.008321499|instanced|1794970|17|1
131.5911|0.007599298|instanced|1794970|17|1
141.7555|0.007054401|instanced|1794970|17|1
107.6682|0.009287798|instanced|1794970|17|1
121.0521|0.008260906|instanced|1794970|17|1
91.17434|0.010968|instanced|1794970|17|1
136.6588|0.007317496|instanced|1794970|17|1
131.7349|0.007591001|instanced|1794970|17|1
121.2636|0.008246499|instanced|1794970|17|1
65.53336|0.0152594|instanced|1794970|17|1
71.804|0.0139268|instanced|1794970|17|1
130.0863|0.007687202|instanced|1794970|17|1
36.43625|0.0274452|instanced|1794970|17|1
110.6268|0.009039399|instanced|1794970|17|1
96.61552|0.0103503|instanced|1794970|17|1
82.28764|0.01215249|instanced|1794970|17|1
98.49982|0.0101523|instanced|1794970|17|1
53.32025|0.0187546|instanced|1794970|17|1
65.31464|0.0153105|instanced|1436362|16|1
50.97488|0.0196175|instanced|1436362|16|1
65.79945|0.0151977|instanced|1794970|17|1
76.96986|0.0129921|instanced|1794970|17|1
86.45655|0.0115665|instanced|1794970|17|1
115.3895|0.008666298|instanced|1794970|17|1
99.09333|0.0100915|instanced|1794970|17|1
86.04516|0.0116218|instanced|1794970|17|1
81.14579|0.0123235|instanced|1794970|17|1
75.61607|0.0132247|instanced|1794970|17|1
103.4683|0.009664796|instanced|1794970|17|1
117.2814|0.008526502|instanced|1794970|17|1
120.1258|0.008324604|instanced|1794970|17|1
141.1632|0.007083999|instanced|1794970|17|1
149.6223|0.006683496|instanced|1794970|17|1
106.8707|0.0093571|instanced|1794970|17|1
103.2684|0.009683504|instanced|1794970|17|1
105.3664|0.009490696|instanced|1794970|17|1
105.6245|0.009467503|instanced|1436362|17|1
99.966|0.0100034|instanced|1794970|17|1
105.753|0.009455995|instanced|1794970|17|1
100.6492|0.009935502|instanced|1794970|17|1
107.3399|0.009316199|instanced|1794970|17|1
95.55389|0.0104653|instanced|1794970|17|1
112.0938|0.008921103|instanced|1794970|17|1
112.0662|0.0089233|instanced|1794970|17|1
111.9369|0.008933603|instanced|1794970|17|1
116.5338|0.008581201|instanced|1794970|17|1
109.7117|0.009114796|instanced|1794970|17|1
127.8822|0.007819699|instanced|1794970|17|1
148.4891|0.006734503|instanced|1794970|17|1
122.2584|0.0081794|instanced|1794970|17|1
136.3996|0.007331399|instanced|1436362|17|1
95.40801|0.0104813|instanced|1794970|17|1
128.3878|0.007788903|instanced|1794970|17|1
107.9727|0.0092616|instanced|1794970|17|1
126.2562|0.007920401|instanced|1794970|17|1
128.581|0.007777197|instanced|1794970|17|1
138.0663|0.0072429|instanced|1794970|17|1
134.1886|0.007452197|instanced|1794970|17|1
140.6132|0.007111706|instanced|1436362|17|1
117.5531|0.008506795|instanced|1794970|17|1
123.2331|0.008114704|instanced|1794970|17|1
90.95626|0.0109943|instanced|1794970|17|1
133.9567|0.007465101|instanced|1794970|17|1
101.689|0.0098339|instanced|1794970|17|1
127.6128|0.007836203|instanced|1436362|16|1
89.1115|0.0112219|instanced|1794970|17|1
146.3421|0.006833305|instanced|1794970|17|1
114.1058|0.008763797|instanced|1794970|17|1
101.8424|0.009819097|instanced|1794970|16|1
136.8251|0.007308603|instanced|1794970|17|1
129.174|0.007741496|instanced|1794970|17|1
113.7423|0.008791802|instanced|1794970|17|1
107.1272|0.009334701|instanced|1794970|17|1
93.85968|0.0106542|instanced|1794970|17|1
95.68645|0.0104508|instanced|1794970|17|1
108.7524|0.009195196|instanced|1794970|17|1
128.763|0.007766206|instanced|1794970|17|1
124.0572|0.008060799|instanced|1436362|16|1
108.7548|0.009194997|instanced|1436362|17|1
89.3831|0.0111878|instanced|1794970|17|1
125.6455|0.0079589|instanced|1794970|17|1
138.8849|0.007200206|instanced|1794970|17|1
123.0543|0.008126495|instanced|1794970|17|1
128.667|0.007772002|instanced|1794970|17|1
157.6964|0.006341298|instanced|1794970|17|1
117.6|0.008503402|instanced|1794970|17|1
123.0693|0.008125504|instanced|1794970|17|1
122.4965|0.008163499|instanced|1794970|17|1
127.5234|0.007841695|instanced|1794970|17|1
98.56098|0.010146|instanced|1794970|17|1
95.02902|0.0105231|instanced|1794970|17|1
137.4873|0.007273398|instanced|1794970|17|1
152.8444|0.006542602|instanced|1794970|17|1
108.2802|0.009235296|instanced|1794970|17|1
153.4589|0.006516404|instanced|1436362|16|1
106.5769|0.009382894|instanced|1794970|17|1
149.3005|0.006697902|instanced|1794970|17|1
146.886|0.006808|instanced|1794970|16|1
95.64617|0.0104552|instanced|1794970|16|1
140.487|0.007118098|instanced|1794970|17|1
128.6769|0.0077714|instanced|1794970|17|1
125.5005|0.007968098|instanced|1436362|17|1
121.8739|0.008205201|instanced|1794970|17|1
89.7787|0.0111385|instanced|1794970|17|1
118.2215|0.008458702|instanced|1794970|17|1
122.5385|0.0081607|instanced|1436362|16|1
126.0653|0.007932398|instanced|1794970|17|1
130.1913|0.007681002|instanced|1794970|17|1
125.3306|0.007978898|instanced|1794970|17|1
116.4198|0.008589605|instanced|1794970|17|1
121.7152|0.008215901|instanced|1794970|17|1
135.044|0.007404996|instanced|1794970|17|1
120.9277|0.008269402|instanced|1794970|17|1
124.833|0.0080107|instanced|1794970|17|1
109.8237|0.009105499|instanced|1794970|17|1
123.4156|0.0081027|instanced|1794970|17|1
76.38894|0.0130909|instanced|1436362|16|1
91.18346|0.0109669|instanced|1436362|16|1
105.8538|0.009446995|instanced|1794970|17|1
48.86916|0.02046281|instanced|1794970|17|1
106.7076|0.0093714|instanced|1794970|17|1
128.3252|0.007792701|instanced|1794970|17|1
130.9141|0.007638598|instanced|1794970|17|1
139.7606|0.007155095|instanced|1794970|17|1
98.10847|0.0101928|instanced|1794970|17|1
104.4517|0.009573802|instanced|1794970|17|1
78.74016|0.0127|instanced|1436362|17|1
106.2135|0.009415002|instanced|1794970|17|1
112.7383|0.008870096|instanced|1794970|17|1
126.5422|0.007902501|instanced|1794970|17|1
133.647|0.007482398|instanced|1794970|17|1
116.0361|0.008618006|instanced|1794970|17|1
74.35885|0.0134483|instanced|1794970|17|1
82.3391|0.0121449|instanced|1794970|17|1
105.2632|0.0095|instanced|1794970|17|1
70.86169|0.014112|instanced|1794970|17|1
75.96184|0.01316451|instanced|1794970|17|1
83.76754|0.0119378|instanced|1794970|17|1
96.0993|0.0104059|instanced|1794970|17|1
140.0855|0.007138499|instanced|1794970|17|1
140.5205|0.007116397|instanced|1794970|17|1
141.7535|0.0070545|instanced|1794970|17|1
124.0356|0.008062202|instanced|1794970|17|1
123.8498|0.008074299|instanced|1794970|17|1
70.87625|0.0141091|instanced|1794970|17|1
90.10873|0.0110977|instanced|1794970|17|1
114.9862|0.008696698|instanced|1794970|17|1
147.0977|0.0067982|instanced|1794970|17|1
172.6638|0.005791603|instanced|1794970|17|1
39.64228|0.02522559|instanced|1794970|17|1
71.35976|0.0140135|instanced|1794970|17|4
94.88297|0.0105393|instanced|5739658|17|4
106.4532|0.0093938|instanced|5739658|17|4
112.9178|0.008856002|instanced|7174090|17|4
130.1507|0.007683404|instanced|7174090|17|4
144.321|0.006928997|instanced|7174090|17|4
142.9266|0.006996599|instanced|7174090|17|4
127.0261|0.007872399|instanced|7174090|17|4
104.2905|0.009588606|instanced|7174090|17|4
136.7765|0.007311196|instanced|7174090|17|4
124.7831|0.008013903|instanced|7174090|17|4
117.6097|0.008502699|instanced|7174090|17|4
123.1892|0.008117595|instanced|7174090|17|4
119.0305|0.008401205|instanced|7174090|17|4
112.4834|0.008890199|instanced|5739658|16|4
90.43064|0.0110582|instanced|5739658|16|4
87.8526|0.0113827|instanced|7174090|17|4
105.4174|0.009486097|instanced|7174090|17|4
108.2287|0.009239697|instanced|7174090|17|4
99.66806|0.0100333|instanced|7174090|17|4
152.3346|0.006564498|instanced|7174090|17|4
112.2561|0.008908199|instanced|7174090|17|4
115.2219|0.008678905|instanced|7174090|17|4
103.2802|0.009682398|instanced|7174090|17|4
107.9121|0.009266801|instanced|5739658|16|4
84.224|0.0118731|instanced|7174090|17|4
119.9315|0.008338096|instanced|7174090|17|4
115.1119|0.008687203|instanced|7174090|17|4
156.3698|0.006395096|instanced|7174090|17|4
116.7337|0.008566503|instanced|7174090|17|4
131.8444|0.007584701|instanced|7174090|17|4
129.3227|0.007732596|instanced|7174090|17|4
134.4447|0.007438003|instanced|7174090|17|4
151.722|0.006591001|instanced|7174090|17|4
105.4252|0.009485396|instanced|7174090|17|4
89.90218|0.0111232|instanced|7174090|17|4
131.7957|0.0075875|instanced|7174090|17|4
135.606|0.007374306|instanced|7174090|17|4
100.2698|0.009973094|instanced|7174090|17|4
102.2609|0.009778905|instanced|7174090|17|4
53.16151|0.0188106|instanced|7174090|17|4
80.96971|0.0123503|instanced|7174090|17|4
94.81908|0.0105464|instanced|7174090|17|4
104.1049|0.009605697|instanced|7174090|17|4
102.0773|0.009796499|instanced|7174090|17|4
79.5703|0.0125675|instanced|7174090|17|4
99.93301|0.0100067|instanced|7174090|17|4
104.5456|0.0095652|instanced|7174090|17|4
130.4649|0.007664895|instanced|7174090|17|4
119.9501|0.008336798|instanced|7174090|17|4
123.5117|0.008096401|instanced|7174090|17|4
126.7186|0.007891504|instanced|7174090|17|4
136.3141|0.007335998|instanced|7174090|17|4
78.51328|0.0127367|instanced|7174090|17|4
128.095|0.007806703|instanced|7174090|17|4
102.8151|0.009726197|instanced|7174090|17|4
105.8907|0.0094437|instanced|7174090|17|4
81.01624|0.0123432|instanced|7174090|17|4
109.9059|0.009098697|instanced|7174090|17|4
108.5281|0.009214201|instanced|7174090|17|4
144.1961|0.006934999|instanced|7174090|17|4
102.328|0.009772498|instanced|7174090|17|4
133.2444|0.007505003|instanced|7174090|17|4
97.91636|0.0102128|instanced|7174090|17|4
112.6938|0.008873604|instanced|7174090|17|4
154.0737|0.006490398|instanced|7174090|17|4
135.3419|0.007388697|instanced|7174090|17|4
87.66394|0.0114072|instanced|7174090|17|4
83.4557|0.0119824|instanced|7174090|17|4
109.2515|0.009153196|instanced|7174090|17|4
115.5681|0.008652905|instanced|7174090|17|4
106.5496|0.009385296|instanced|7174090|17|4
117.9941|0.008475|instanced|4305226|15|4
101.1572|0.009885601|instanced|7174090|17|4
127.551|0.007840001|instanced|7174090|17|4
92.30714|0.0108334|instanced|7174090|17|4
115.5641|0.008653203|instanced|7174090|17|4
105.7686|0.009454599|instanced|7174090|17|4
126.5823|0.0079|instanced|7174090|17|4
110.2087|0.009073696|instanced|7174090|17|4
94.21429|0.0106141|instanced|7174090|17|4
92.85567|0.0107694|instanced|7174090|17|4
121.6338|0.0082214|instanced|7174090|17|4
105.9412|0.009439201|instanced|7174090|17|4
136.6158|0.007319799|instanced|7174090|17|4
123.9126|0.008070203|instanced|7174090|17|4
140.9146|0.007096499|instanced|7174090|17|4
116.7475|0.008565498|instanced|7174090|17|4
105.4107|0.009486699|instanced|7174090|17|4
105.4863|0.009479904|instanced|7174090|17|4
134.1509|0.007454294|instanced|7174090|17|4
120.6782|0.008286501|instanced|7174090|17|4
69.42323|0.0144044|instanced|7174090|17|4
81.26313|0.0123057|instanced|7174090|17|4
97.07235|0.01030159|instanced|16139290|17|9
100.7434|0.009926205|instanced|16139290|17|9
139.9992|0.0071429|instanced|16139290|17|9
144.7284|0.006909496|instanced|16139290|17|9
116.4415|0.008588003|instanced|16139290|17|9
86.02297|0.0116248|instanced|16139290|17|9
166.9338|0.005990398|instanced|16139290|17|9
116.877|0.008556002|instanced|16139290|17|9
115.7407|0.008640002|instanced|16139290|17|9
114.5161|0.008732398|instanced|16139290|17|9
115.5615|0.008653401|instanced|16139290|17|9
115.4788|0.008659595|instanced|16139290|17|9
117.9746|0.008476403|instanced|16139290|17|9
115.0245|0.008693799|instanced|16139290|17|9
116.3305|0.008596201|instanced|16139290|16|9
113.0518|0.008845501|instanced|16139290|17|9
89.76985|0.0111396|instanced|16139290|17|9
145.9471|0.0068518|instanced|16139290|17|9
62.15502|0.0160888|instanced|16139290|17|9
117.6097|0.008502699|instanced|16139290|17|9
116.5433|0.008580499|instanced|16139290|17|9
106.2507|0.009411699|instanced|16139290|17|9
128.6504|0.007773002|instanced|16139290|17|9
114.5489|0.008729897|instanced|16139290|17|9
114.8264|0.008708801|instanced|16139290|17|9
113.5912|0.008803501|instanced|16139290|16|9
97.50678|0.0102557|instanced|16139290|16|9
113.6816|0.008796499|instanced|16139290|17|9
141.0378|0.007090299|instanced|12911818|17|9
116.6711|0.008571102|instanced|16139290|17|9
98.62807|0.0101391|instanced|16139290|17|9
117.9538|0.008477898|instanced|16139290|17|9
139.4311|0.007172002|instanced|16139290|17|9
115.4109|0.008664696|instanced|16139290|17|9
116.9768|0.008548703|instanced|16139290|17|9
110.7788|0.009026999|instanced|16139290|17|9
105.4163|0.009486203|instanced|16139290|17|9
94.23386|0.0106119|instanced|16139290|17|9
123.5025|0.008097002|instanced|12911818|16|9
96.62868|0.01034889|instanced|16139290|17|9
126.8005|0.007886401|instanced|16139290|17|9
107.5292|0.009299802|instanced|16139290|17|9
85.87969|0.0116442|instanced|16139290|17|9
146.7566|0.006814002|instanced|16139290|17|9
122.4514|0.008166504|instanced|16139290|17|9
120.1923|0.008319997|instanced|16139290|17|9
102.3604|0.009769402|instanced|16139290|17|9
77.36528|0.01292569|instanced|16139290|17|9
116.194|0.0086063|instanced|16139290|17|9
124.0771|0.008059503|instanced|16139290|17|9
125.362|0.007976899|instanced|16139290|17|9
138.5617|0.007217|instanced|16139290|17|9
109.1691|0.009160105|instanced|16139290|17|9
105.7117|0.009459694|instanced|16139290|17|9
106.0625|0.009428401|instanced|16139290|17|9
108.8352|0.009188201|instanced|16139290|17|9
106.1841|0.009417602|instanced|16139290|17|9
107.4656|0.0093053|instanced|9684346|15|9
76.33241|0.0131006|instanced|9684346|15|9
108.2556|0.009237401|instanced|16139290|17|9
111.52|0.008967|instanced|16139290|17|9
133.1629|0.007509602|instanced|16139290|17|9
100.6026|0.009940101|instanced|16139290|17|9
100.0611|0.009993899|instanced|16139290|17|9
103.4404|0.009667404|instanced|16139290|17|9
100.9826|0.0099027|instanced|16139290|17|9
101.8361|0.009819699|instanced|16139290|17|9
101.2586|0.009875702|instanced|16139290|17|9
100.0841|0.009991596|instanced|16139290|17|9
102.7327|0.009733999|instanced|16139290|17|9
53.33846|0.0187482|instanced|16139290|17|9
118.2578|0.008456102|instanced|16139290|16|9
106.7726|0.009365703|instanced|16139290|16|9
123.0694|0.008125496|instanced|16139290|17|9
124.1666|0.008053699|instanced|16139290|17|9
94.56531|0.0105747|instanced|16139290|17|9
94.74002|0.0105552|instanced|16139290|17|9
95.47908|0.0104735|instanced|16139290|17|9
95.12844|0.0105121|instanced|16139290|17|9
93.59617|0.0106842|instanced|16139290|17|9
96.43204|0.01037|instanced|16139290|17|9
86.43712|0.0115691|instanced|16139290|17|9
88.73195|0.0112699|instanced|16139290|17|9
88.92603|0.0112453|instanced|16139290|17|9
88.45331|0.0113054|instanced|16139290|17|9
87.49289|0.0114295|instanced|16139290|17|9
89.39906|0.0111858|instanced|16139290|17|9
87.22957|0.011464|instanced|16139290|17|9
90.41673|0.0110599|instanced|16139290|17|9
81.45911|0.0122761|instanced|16139290|17|9
90.72189|0.0110227|instanced|16139290|17|16
34.80561|0.028731|instanced|28690572|17|16
65.39025|0.0152928|instanced|28690572|17|16
65.41034|0.0152881|instanced|28690572|17|16
64.95067|0.0153963|instanced|28690572|17|16
65.54929|0.0152557|instanced|28690572|17|16
63.57805|0.0157287|instanced|28690572|17|16
61.71962|0.0162023|instanced|28690572|17|16
60.48328|0.0165335|instanced|28690572|17|16
61.3625|0.0162966|instanced|22952844|17|16
61.23249|0.0163312|instanced|28690572|17|16
61.38433|0.0162908|instanced|28690572|17|16
58.68718|0.0170395|instanced|28690572|17|16
57.96463|0.0172519|instanced|28690572|17|16
58.26929|0.0171617|instanced|28690572|17|16
57.8965|0.0172722|instanced|28690572|17|16
57.03563|0.0175329|instanced|28690572|17|16
58.38324|0.0171282|instanced|28690572|17|16
58.34375|0.0171398|instanced|28690572|17|16
56.95117|0.0175589|instanced|28690572|17|16
56.39647|0.01773161|instanced|28690572|17|16
56.20663|0.0177915|instanced|22952844|16|16
57.31939|0.0174461|instanced|28690572|17|16
55.56111|0.0179982|instanced|28690572|17|16
56.56652|0.0176783|instanced|28690572|17|16
56.43628|0.0177191|instanced|28690572|17|16
53.44137|0.0187121|instanced|28690572|17|16
54.40844|0.0183795|instanced|28690572|17|16
53.23453|0.0187848|instanced|28690572|17|16
54.23287|0.018439|instanced|28690572|17|16
53.77702|0.0185953|instanced|28690572|17|16
53.30264|0.0187608|instanced|28690572|17|16
47.17716|0.0211967|instanced|28690572|17|16
50.27576|0.0198903|instanced|28690572|17|16
51.52593|0.0194077|instanced|28690572|17|16
52.34561|0.0191038|instanced|28690572|17|16
42.85904|0.0233323|instanced|28690572|17|16
38.75653|0.0258021|instanced|28690572|17|16
48.82145|0.0204828|instanced|28690572|17|16
51.45914|0.01943289|instanced|28690572|17|16
51.75259|0.0193227|instanced|28690572|17|16
52.78354|0.0189453|instanced|28690572|17|16
51.94455|0.0192513|instanced|28690572|17|16
52.04701|0.0192134|instanced|28690572|17|16
52.39552|0.0190856|instanced|28690572|17|16
52.47581|0.0190564|instanced|28690572|17|16
52.03699|0.0192171|instanced|28690572|17|16
52.60776|0.0190086|instanced|28690572|17|16
53.00682|0.0188655|instanced|28690572|17|16
53.48623|0.0186964|instanced|28690572|17|16
52.97592|0.0188765|instanced|22952844|17|16
53.10676|0.01883|instanced|28690572|17|16
53.19969|0.0187971|instanced|28690572|17|16
53.22092|0.0187896|instanced|28690572|17|25
34.15686|0.02927669|instanced|44827932|17|25
35.31485|0.0283167|instanced|44827932|17|25
35.37606|0.0282677|instanced|44827932|17|25
35.24627|0.0283718|instanced|44827932|17|25
35.96915|0.0278016|instanced|44827932|17|25
35.71289|0.0280011|instanced|44827932|17|25
35.62255|0.0280721|instanced|44827932|17|25
36.15185|0.0276611|instanced|35862732|16|25
36.23884|0.0275947|instanced|44827932|17|25
36.32402|0.02753|instanced|44827932|17|25
36.54036|0.027367|instanced|44827932|17|25
36.73256|0.0272238|instanced|44827932|17|25
36.62132|0.0273065|instanced|44827932|17|25
37.14531|0.0269213|instanced|44827932|17|25
37.00373|0.0270243|instanced|44827932|17|25
37.47733|0.0266828|instanced|44827932|17|25
37.39855|0.026739|instanced|35862732|17|25
37.45136|0.0267013|instanced|44827932|17|25
37.3646|0.0267633|instanced|44827932|17|25
37.98829|0.0263239|instanced|44827932|17|25
37.71678|0.0265134|instanced|44827932|17|25
38.08451|0.0262574|instanced|44827932|17|25
38.48759|0.0259824|instanced|44827932|17|25
38.09553|0.0262498|instanced|35862732|16|25
38.46627|0.0259968|instanced|44827932|17|25
38.68233|0.02585159|instanced|44827932|17|25
38.6336|0.02588421|instanced|35862732|16|25
38.47456|0.0259912|instanced|44827932|17|25
39.43015|0.0253613|instanced|44827932|17|25
39.04116|0.025614|instanced|44827932|17|25
39.12577|0.0255586|instanced|44827932|17|25
39.1221|0.025561|instanced|44827932|17|25
39.45848|0.0253431|instanced|44827932|17|25
39.75795|0.0251522|instanced|44827932|17|25
39.84682|0.0250961|instanced|44827932|17|25
39.6964|0.0251912|instanced|44827932|17|25
39.45007|0.0253485|instanced|44827932|17|25
40.40094|0.0247519|instanced|44827932|17|25
40.32827|0.0247965|instanced|44827932|17|25
39.95972|0.0250252|instanced|44827932|17|25
40.29236|0.0248186|instanced|44827932|17|36
29.50653|0.0338908|instanced|64551372|17|36
28.98181|0.0345044|instanced|64551372|17|36
28.96846|0.0345203|instanced|64551372|17|36
29.44997|0.03395589|instanced|64551372|16|36
29.17391|0.0342772|instanced|64551372|16|36
28.92874|0.0345677|instanced|51641484|16|36
29.72652|0.03363999|instanced|64551372|17|36
29.77937|0.0335803|instanced|64551372|17|36
29.62506|0.0337552|instanced|64551372|17|36
29.98914|0.0333454|instanced|64551372|17|36
30.08098|0.0332436|instanced|64551372|16|36
30.11532|0.0332057|instanced|64551372|17|36
30.31755|0.0329842|instanced|38731596|15|36
30.31102|0.0329913|instanced|51641484|16|36
30.55758|0.0327251|instanced|64551372|17|36
30.56758|0.0327144|instanced|64551372|17|36
30.78713|0.0324811|instanced|51641484|16|36
30.95391|0.0323061|instanced|64551372|17|36
30.73925|0.0325317|instanced|64551372|17|36
31.05522|0.0322007|instanced|64551372|17|36
31.207|0.0320441|instanced|64551372|17|36
31.31478|0.0319338|instanced|64551372|17|36
32.32292|0.0309378|instanced|64551372|17|36
31.90179|0.0313462|instanced|64551372|17|36
31.5358|0.03171|instanced|64551372|17|36
31.67503|0.03157061|instanced|64551372|17|36
31.6625|0.0315831|instanced|64551372|17|36
31.86378|0.0313836|instanced|51641484|17|36
32.17203|0.0310829|instanced|64551372|17|36
32.02787|0.0312228|instanced|64551372|17|49
23.97283|0.0417139|instanced|87860892|17|49
24.10951|0.0414774|instanced|70289100|16|49
24.22363|0.041282|instanced|87860892|17|49
24.36796|0.0410375|instanced|87860892|17|49
24.3212|0.0411164|instanced|87860892|17|49
25.62788|0.03902|instanced|87860892|17|49
25.99597|0.0384675|instanced|87860892|17|49
25.90204|0.038607|instanced|87860892|17|49
26.98873|0.0370525|instanced|87860892|17|49
27.18174|0.0367894|instanced|70289100|17|49
27.12218|0.0368702|instanced|87860892|17|49
27.79167|0.035982|instanced|87860892|17|49
27.87775|0.03587091|instanced|87860892|17|49
27.9985|0.0357162|instanced|87860892|17|49
28.7287|0.0348084|instanced|70289100|16|49
28.69745|0.0348463|instanced|87860892|17|49
28.60723|0.0349562|instanced|87860892|17|49
29.23711|0.0342031|instanced|87860892|17|49
29.94021|0.03339989|instanced|87860892|17|49
29.71318|0.0336551|instanced|87860892|17|49
30.21504|0.0330961|instanced|87860892|17|49
30.07926|0.0332455|instanced|70289100|16|49
30.64195|0.032635|instanced|87860892|17|49
30.53193|0.0327526|instanced|114756492|17|64
24.07121|0.04154339|instanced|114756492|17|64
24.36671|0.0410396|instanced|114756492|17|64
24.01001|0.0416493|instanced|114756492|17|64
23.72316|0.0421529|instanced|91805580|17|64
23.898|0.0418445|instanced|91805580|17|64
24.06287|0.0415578|instanced|91805580|17|64
24.37455|0.04102639|instanced|91805580|16|64
25.55329|0.0391339|instanced|114756492|17|64
27.48045|0.0363895|instanced|114756492|17|64
27.84468|0.0359135|instanced|91805580|16|64
28.08263|0.0356092|instanced|114756492|17|64
28.65543|0.0348974|instanced|114756492|17|64
28.65288|0.0349005|instanced|114756492|17|64
29.23045|0.0342109|instanced|114756492|17|64
29.96892|0.0333679|instanced|114756492|17|64
29.99652|0.0333372|instanced|114756492|17|64
30.08885|0.0332349|instanced|114756492|17|64
31.06469|0.03219089|instanced|114756492|17|64
31.39431|0.0318529|instanced|114756492|17|64
31.5855|0.0316601|instanced|114756492|17|64
32.10128|0.0311514|instanced|114756492|17|64
32.77765|0.0305086|instanced|114756492|17|64
33.07775|0.0302318|instanced|114756492|17|64
32.70015|0.0305809|instanced|114756492|17|64
32.67567|0.03060381|instanced|114756492|17|64
32.67195|0.0306073|instanced|114756492|17|81
21.46038|0.0465975|instanced|145238172|17|81
25.84527|0.0386918|instanced|116190924|16|81
25.89794|0.0386131|instanced|116190924|16|81
25.81725|0.0387338|instanced|116190924|17|81
25.52322|0.03918|instanced|116190924|17|81
20.26445|0.0493475|instanced|145238172|17|81
25.87911|0.0386412|instanced|145238172|17|81
25.79054|0.0387739|instanced|145238172|17|81
26.08249|0.0383399|instanced|116190924|17|81
25.96263|0.0385169|instanced|145238172|17|81
25.90425|0.0386037|instanced|145238172|17|81
25.81391|0.0387388|instanced|145238172|17|81
26.26871|0.0380681|instanced|145238172|17|81
25.9716|0.0385036|instanced|145238172|17|81
25.90908|0.0385965|instanced|145238172|17|81
25.91815|0.038583|instanced|145238172|17|81
25.74553|0.03884169|instanced|145238172|17|81
25.82064|0.03872871|instanced|145238172|17|81
25.40147|0.0393678|instanced|145238172|17|81
25.76669|0.03880979|instanced|145238172|17|81
25.38625|0.03939141|instanced|87143676|15|81
26.27134|0.0380643|instanced|145238172|16|81
25.48095|0.039245|instanced|145238172|17|81
25.34135|0.0394612|instanced|145238172|17|81
25.38503|0.0393933|instanced|116190924|16|81
25.69089|0.03892431|instanced|145238172|17|81
25.3938|0.0393797|instanced|145238172|17|81
25.23589|0.0396261|instanced|145238172|17|81
25.15287|0.0397569|instanced|145238172|17|81
25.14136|0.0397751|instanced|145238172|17|81
26.01592|0.038438|instanced|145238172|17|81
25.29481|0.0395338|instanced|145238172|17|81
25.49453|0.0392241|instanced|145238172|17|81
25.76018|0.0388196|instanced|145238172|17|81
25.89439|0.0386184|instanced|145238172|17|81
25.993|0.0384719|instanced|145238172|17|81
26.01477|0.0384397|instanced|145238172|17|81
26.02398|0.0384261|instanced|145238172|17|81
25.89815|0.0386128|instanced|145238172|17|81
26.04058|0.0384016|instanced|145238172|17|81
25.85328|0.0386798|instanced|145238172|17|81
25.81718|0.0387339|instanced|145238172|17|100
20.88223|0.0478876|instanced|179305938|17|100
21.10225|0.0473883|instanced|179305938|17|100
20.66491|0.0483912|instanced|179305938|17|100
21.01079|0.0475946|instanced|179305938|17|100
20.79041|0.0480991|instanced|179305938|17|100
20.88223|0.0478876|instanced|179305938|17|100
20.79828|0.0480809|instanced|179305938|17|100
21.12709|0.0473326|instanced|179305938|17|100
20.55968|0.0486389|instanced|179305938|17|100
20.65288|0.0484194|instanced|179305938|17|100
20.55165|0.0486579|instanced|179305938|17|100
20.63353|0.0484648|instanced|179305938|17|100
20.54683|0.0486693|instanced|179305938|17|100
21.21021|0.0471471|instanced|179305938|17|100
20.97738|0.0476704|instanced|179305938|17|100
20.9736|0.047679|instanced|179305938|17|100
21.17236|0.0472314|instanced|179305938|16|100
20.41991|0.04897181|instanced|179305938|17|100
21.10413|0.0473841|instanced|179305938|17|100
20.96634|0.0476955|instanced|179305938|17|100
21.07855|0.0474416|instanced|179305938|17|100
20.93842|0.0477591|instanced|143445138|16|100
20.82257|0.0480248|instanced|179305938|17|100
21.02904|0.04755329|instanced|179305938|17|100
20.97967|0.0476652|instanced|179305938|17|100
20.75959|0.0481705|instanced|143445138|16|100
20.86411|0.0479292|instanced|179305938|17|100
20.68689|0.0483398|instanced|179305938|17|100
20.82848|0.04801119|instanced|179305938|17|121
17.09449|0.0584984|instanced|216959778|17|121
17.19995|0.0581397|instanced|216959778|17|121
17.10209|0.0584724|instanced|216959778|17|121
17.41581|0.0574191|instanced|216959778|17|121
17.25956|0.0579389|instanced|216959778|17|121
17.2133|0.0580946|instanced|216959778|17|121
17.25828|0.0579432|instanced|216959778|16|121
17.21953|0.0580736|instanced|216959778|17|121
17.37774|0.0575449|instanced|216959778|17|121
17.71112|0.0564617|instanced|216959778|17|121
17.32052|0.057735|instanced|216959778|17|121
17.43828|0.0573451|instanced|216959778|17|121
17.36784|0.0575777|instanced|216959778|17|121
17.22071|0.0580696|instanced|216959778|17|121
17.11916|0.05841409|instanced|216959778|17|121
17.22739|0.0580471|instanced|216959778|17|121
17.05559|0.0586318|instanced|216959778|17|121
17.20833|0.0581114|instanced|216959778|17|121
17.35244|0.0576288|instanced|216959778|17|121
17.2235|0.0580602|instanced|216959778|17|121
17.2292|0.058041|instanced|216959778|17|121
17.12666|0.0583885|instanced|216959778|17|121
17.3781|0.0575437|instanced|216959778|17|121
17.28077|0.0578678|instanced|216959778|17|121
17.33481|0.0576874|instanced|216959778|16|121
17.41848|0.0574103|instanced|173568210|16|121
17.27784|0.0578776|instanced|216959778|17|121
17.21793|0.058079|instanced|216959778|17|121
17.17481|0.0582248|instanced|216959778|17|121
17.33427|0.0576892|instanced|216959778|17|121
17.35225|0.0576294|instanced|216959778|17|121
17.28137|0.05786579|instanced|216959778|17|121
17.26227|0.0579298|instanced|216959778|17|121
17.11189|0.0584389|instanced|173568210|17|121
17.54952|0.0569816|instanced|216959778|17|121
16.89449|0.0591909|instanced|216959778|17|121
17.13846|0.05834831|instanced|216959778|17|121
17.21828|0.0580778|instanced|216959778|17|121
17.3073|0.0577791|instanced|216959778|17|121
17.34834|0.0576424|instanced|216959778|17|121
17.30532|0.0577857|instanced|216959778|17|121
17.45633|0.0572858|instanced|216959778|17|121
17.28848|0.057842|instanced|216959778|17|121
17.1688|0.0582452|instanced|216959778|17|121
17.22039|0.0580707|instanced|216959778|17|121
17.10729|0.0584546|instanced|173568210|16|121
17.30251|0.0577951|instanced|216959778|17|121
17.30583|0.057784|instanced|216959778|17|121
17.32499|0.0577201|instanced|216959778|17|121
17.50759|0.0571181|instanced|173568210|17|121
17.21238|0.05809771|instanced|216959778|17|121
17.17284|0.0582315|instanced|216959778|17|121
17.04486|0.0586687|instanced|216959778|17|121
17.08383|0.0585349|instanced|216959778|17|121
17.14434|0.0583283|instanced|216959778|17|121
17.16762|0.0582492|instanced|216959778|17|121
17.29963|0.0578047|instanced|216959778|17|121
17.26922|0.0579065|instanced|216959778|17|121
17.14792|0.0583161|instanced|216959778|17|121
17.01635|0.058767|instanced|216959778|17|121
17.20708|0.05811561|instanced|216959778|17|121
17.23876|0.0580088|instanced|216959778|17|121
17.41332|0.05742729|instanced|216959778|17|121
17.41869|0.0574096|instanced|216959778|17|121
17.39421|0.0574904|instanced|216959778|17|121
17.14466|0.05832721|instanced|216959778|17|121
16.9964|0.058836|instanced|216959778|17|121
17.20622|0.0581185|instanced|216959778|17|121
17.21236|0.05809779|instanced|216959778|17|121
17.11531|0.0584272|instanced|216959778|17|121
17.14199|0.0583363|instanced|216959778|17|121
17.40135|0.0574668|instanced|216959778|17|121
17.33478|0.0576875|instanced|216959778|17|121
17.2439|0.0579915|instanced|216959778|17|121
17.32052|0.057735|instanced|173568210|16|121
17.14536|0.0583248|instanced|216959778|17|121
16.94364|0.0590192|instanced|216959778|17|121
17.27447|0.0578889|instanced|216959778|17|121
17.21645|0.058084|instanced|216959778|17|121
17.43083|0.0573696|instanced|216959778|17|121
17.46731|0.0572498|instanced|216959778|17|121
17.37613|0.0575502|instanced|216959778|17|121
17.21067|0.0581035|instanced|216959778|17|121
17.24486|0.0579883|instanced|216959778|17|121
17.15669|0.05828629|instanced|216959778|17|121
17.17434|0.0582264|instanced|216959778|17|121
17.08926|0.0585163|instanced|216959778|17|121
17.34605|0.05765|instanced|216959778|17|121
17.2354|0.0580201|instanced|216959778|17|121
17.21701|0.0580821|instanced|216959778|17|121
17.73195|0.05639539|instanced|216959778|17|121
17.18931|0.0581757|instanced|216959778|17|121
17.12229|0.0584034|instanced|216959778|17|121
17.16623|0.0582539|instanced|216959778|17|121
17.43855|0.0573442|instanced|216959778|17|121
17.20765|0.0581137|instanced|216959778|17|121
17.35647|0.0576154|instanced|216959777|17|121
17.03203|0.0587129|instanced|216959778|17|121
17.15722|0.0582845|instanced|216959778|17|121
17.38644|0.0575161|instanced|173568210|16|121
17.27638|0.0578825|instanced|216959778|17|121
17.27614|0.0578833|instanced|216959778|17|121
17.22142|0.05806721|instanced|216959778|17|121
17.28074|0.0578679|instanced|216959778|17|121
16.98566|0.0588732|instanced|216959778|17|121
17.19253|0.0581648|instanced|216959778|17|121
17.23166|0.0580327|instanced|216959778|17|121
17.20942|0.0581077|instanced|216959778|17|121
17.25905|0.0579406|instanced|216959778|17|121
17.15536|0.0582908|instanced|216959778|17|121
17.31905|0.05773989|instanced|216959778|17|121
17.46005|0.0572736|instanced|173568210|16|121
17.18768|0.0581812|instanced|216959778|17|121
17.31305|0.0577599|instanced|216959778|17|121
17.11309|0.0584348|instanced|216959778|17|121
17.30107|0.0577999|instanced|216959778|17|121
17.11605|0.0584247|instanced|216959778|17|100
20.56936|0.048616|instanced|179305938|17|100
20.84241|0.0479791|instanced|179305938|17|100
19.336|0.051717|instanced|179305938|16|100
20.69155|0.0483289|instanced|179305938|17|100
20.14862|0.0496312|instanced|179305938|17|81
10.2301|0.0977508|instanced|145238172|17|81
21.18433|0.0472047|instanced|145238172|16|81
10.22748|0.0977758|instanced|114756492|17|64
9.825741|0.1017735|instanced|114756492|17|64
9.517265|0.1050722|instanced|87860892|17|49
8.758699|0.1141722|instanced|87860892|17|49
8.022933|0.1246427|instanced|64551372|16|36
7.434247|0.1345126|instanced|44827932|17|25
11.78492|0.0848542|instanced|44827932|17|25
50.23838|0.0199051|instanced|28690572|17|16
78.63617|0.01271679|instanced|16139290|17|9
79.05009|0.01265021|instanced|16139290|17|9
116.5678|0.008578699|instanced|16139290|17|9
107.8028|0.009276197|instanced|16139290|17|9
128.586|0.007776899|instanced|16139290|17|9
120.6723|0.008286905|instanced|16139290|17|9
103.7129|0.009641999|instanced|16139290|17|9
109.402|0.009140597|instanced|16139290|17|9
103.6796|0.009645103|instanced|16139290|17|9
99.5788|0.0100423|instanced|16139290|17|9
93.40295|0.0107063|instanced|16139290|17|9
118.4273|0.008443998|instanced|16139290|17|9
95.02359|0.0105237|instanced|16139290|17|9
90.36688|0.011066|instanced|16139290|17|9
111.7819|0.008945996|instanced|16139290|17|9
130.1101|0.007685799|instanced|16139290|17|9
99.07851|0.01009301|instanced|16139290|17|9
103.9155|0.0096232|instanced|7174090|17|4
88.6101|0.0112854|instanced|4305226|15|4
94.88118|0.0105395|instanced|7174090|17|4
110.8377|0.009022201|instanced|7174090|17|4
110.5534|0.009045401|instanced|7174090|17|4
128.5694|0.007777898|instanced|7174090|17|4
135.8289|0.007362202|instanced|7174090|17|4
130.1203|0.007685197|instanced|7174090|17|4
154.0926|0.006489605|instanced|7174090|17|4
122.4065|0.008169501|instanced|7174090|17|4
101.146|0.0098867|instanced|7174090|17|4
108.1783|0.009243998|instanced|7174090|17|4
81.81363|0.0122229|instanced|7174090|17|4
100.8837|0.009912401|instanced|7174090|17|4
119.7705|0.008349298|instanced|7174090|17|4
115.1716|0.008682695|instanced|7174090|17|4
127.9688|0.007814406|instanced|5739658|16|4
109.2562|0.009152799|instanced|7174090|17|4
132.7529|0.007532795|instanced|7174090|17|4
130.5704|0.007658702|instanced|7174090|17|4
123.0284|0.008128203|instanced|7174090|17|4
133.4454|0.0074937|instanced|5739658|16|4
95.606|0.01045959|instanced|7174090|17|4
91.45026|0.01093491|instanced|1794970|17|1
83.77177|0.0119372|instanced|1794970|17|1
115.8493|0.008631902|instanced|1794970|17|1
108.7417|0.009196103|instanced|1794970|17|1
115.2645|0.008675694|instanced|1794970|16|1
106.2552|0.009411302|instanced|1794970|17|1
115.3669|0.008667999|instanced|1794970|17|1
117.5295|0.008508503|instanced|1794970|17|1
113.6158|0.008801594|instanced|1794970|17|1
113.7566|0.008790703|instanced|1794970|17|1
109.6732|0.009117999|instanced|1794970|17|1
82.56547|0.0121116|instanced|1794970|17|1
99.97301|0.0100027|instanced|1794970|16|1
112.7892|0.0088661|instanced|1794970|17|1
124.5702|0.008027601|instanced|1794970|17|1
121.2607|0.008246697|instanced|1794970|17|1
109.595|0.009124504|instanced|1794970|17|1
131.1441|0.007625198|instanced|1794970|17|1
126.9374|0.007877898|instanced|1794970|17|1
114.8251|0.0087089|instanced|1794970|17|1
105.8929|0.009443502|instanced|1794970|17|1
124.8705|0.008008298|instanced|1794970|17|1
132.8727|0.007525999|instanced|1794970|17|1
111.6146|0.008959403|instanced|1794970|17|1
97.33025|0.0102743|instanced|1436362|16|1
80.63995|0.0124008|instanced|1794970|17|1
104.395|0.009579004|instanced|1794970|17|1
64.83447|0.01542389|instanced|1794970|17|1
75.45003|0.01325381|instanced|1794970|17|1
113.2132|0.008832894|instanced|1794970|17|1
105.1812|0.009507405|instanced|1794970|17|1
100.953|0.009905598|instanced|1436362|16|1
103.9501|0.009619997|instanced|1794970|17|1
131.5841|0.007599703|instanced|1794970|17|1
121.3754|0.008238903|instanced|1794970|17|1
121.816|0.008209099|instanced|1794970|17|1
116.8757|0.008556101|instanced|1794970|17|1
136.6811|0.007316298|instanced|1794970|17|1
119.5186|0.0083669|instanced|1794970|17|1
96.76138|0.0103347|instanced|1794970|17|1
102.5789|0.009748597|instanced|1436362|16|1
134.5604|0.007431604|instanced|1794970|17|1
120.0337|0.008330995|instanced|1794970|17|1
104.7383|0.009547605|instanced|1794970|17|1
119.0717|0.008398299|instanced|1794970|17|1
131.6795|0.007594197|instanced|1794970|17|1
112.6608|0.008876204|instanced|1794970|17|1
114.2062|0.008756094|instanced|1794970|17|1
118.1293|0.008465299|instanced|1794970|17|1
124.1989|0.008051601|instanced|1794970|17|1
137.0388|0.007297201|instanced|1794970|17|1
90.42328|0.0110591|instanced|1436362|17|1
96.65846|0.01034571|instanced|1436362|16|1
122.4515|0.008166497|instanced|1794970|17|1
136.8345|0.007308099|instanced|1794970|17|1
111.4666|0.008971301|instanced|1794970|17|1
100.0781|0.009992198|instanced|1436362|17|1
127.1456|0.007865001|instanced|1794970|17|1
135.676|0.0073705|instanced|1794970|17|1
106.1526|0.009420401|instanced|1794970|17|1
109.3625|0.009143899|instanced|1436362|17|1
118.0958|0.008467701|instanced|1794970|17|1
128.8062|0.007763599|instanced|1794970|17|1
128.3236|0.007792801|instanced|1794970|17|1
103.0832|0.0097009|instanced|1794970|17|1
118.1279|0.008465398|instanced|1794970|17|1
129.1673|0.007741901|instanced|1794970|17|1
123.9695|0.008066503|instanced|1794970|17|1
126.5503|0.007901998|instanced|1794970|17|1
107.6727|0.009287401|instanced|1794970|17|1
111.0112|0.009008099|instanced|1794970|17|1
115.7595|0.008638598|instanced|1794970|17|1
117.085|0.008540802|instanced|1794970|17|1
91.61453|0.0109153|instanced|1794970|17|1
101.2843|0.0098732|instanced|1794970|17|1
129.5874|0.007716801|instanced|1794970|17|1
122.4335|0.008167701|instanced|1794970|17|1
98.34393|0.0101684|instanced|1436362|16|1
100.035|0.0099965|instanced|1436362|16|1
92.76265|0.0107802|instanced|1794970|17|1
112.2057|0.008912202|instanced|1794970|17|1
131.0016|0.007633497|instanced|1794970|17|1
105.9333|0.009439902|instanced|1794970|17|1
120.8416|0.008275297|instanced|1436362|17|1
97.18359|0.0102898|instanced|1794970|17|1
126.467|0.0079072|instanced|1794970|17|1
125.7482|0.007952402|instanced|1794970|17|1
155.999|0.006410296|instanced|1794970|17|1
145.1989|0.006887103|instanced|1794970|17|1
119.0179|0.008402098|instanced|1794970|17|1
142.1726|0.007033702|instanced|1794970|17|1
107.9226|0.009265902|instanced|1794970|17|1
116.1414|0.008610197|instanced|1794970|17|1
107.8446|0.009272598|instanced|1794970|17|1
127.0325|0.007872002|instanced|1794970|17|1
115.7354|0.008640398|instanced|1794970|17|1
130.5637|0.007659099|instanced|1794970|17|1
121.3901|0.008237904|instanced|1794970|17|1
149.0825|0.006707696|instanced|1794970|17|1
115.9339|0.008625602|instanced|1794970|17|1
125.9636|0.007938804|instanced|1794970|17|1
119.413|0.008374299|instanced|1794970|17|1
114.8119|0.008709899|instanced|1794970|17|1
121.6767|0.008218502|instanced|1794970|17|1
104.0085|0.009614597|instanced|1794970|17|1
107.2789|0.0093215|instanced|1794970|17|1
140.3608|0.007124497|instanced|1436362|17|1
104.6397|0.009556605|instanced|1794970|17|1
137.8246|0.007255598|instanced|1794970|17|1
111.803|0.008944303|instanced|1794970|17|1
131.9906|0.007576297|instanced|1794970|17|1
148.8671|0.006717403|instanced|1794970|17|1
119.4102|0.008374497|instanced|1794970|16|1
85.72063|0.0116658|instanced|1794970|17|1
162.4723|0.006154897|instanced|1794970|17|1
176.3482|0.0056706|instanced|1794970|17|1
115.9918|0.008621301|instanced|1794970|17|1
123.9941|0.008064902|instanced|1794970|17|1
92.72912|0.0107841|instanced|1794970|17|1
160.5393|0.006229004|instanced|1794970|17|1
128.5|0.0077821|instanced|1794970|17|1
115.4788|0.008659595|instanced|1436362|17|1
117.8133|0.008488003|instanced|1794970|17|1
125.9985|0.0079366|instanced|1794970|17|1
120.3616|0.008308298|instanced|1794970|17|1
116.595|0.0085767|instanced|1436362|17|1
96.30569|0.0103836|instanced|1436362|16|1
147.9794|0.006757696|instanced|1794970|17|1
108.9134|0.009181605|instanced|1794970|17|1
142.0556|0.007039498|instanced|1794970|17|1
109.9239|0.009097201|instanced|1794970|17|1
126.8713|0.007882001|instanced|1794970|17|1
127.1311|0.007865895|instanced|1794970|17|1
122.2389|0.008180704|instanced|1436362|16|1
107.954|0.009263202|instanced|1436362|16|1
106.0367|0.009430697|instanced|1794970|17|1
89.9216|0.0111208|instanced|1794970|17|1
72.19903|0.0138506|non-instanced|1436366|16|1
100.3794|0.009962202|non-instanced|1794974|17|1
118.3768|0.008447598|non-instanced|1794974|17|1
96.50089|0.0103626|non-instanced|1794974|17|1
128.2183|0.007799199|non-instanced|1794974|17|1
113.1209|0.008840101|non-instanced|1794974|17|1
110.6354|0.009038698|non-instanced|1794974|17|1
106.8821|0.009356101|non-instanced|1794974|17|1
127.0696|0.0078697|non-instanced|1794974|17|1
120.6869|0.008285905|non-instanced|1794974|17|1
98.55327|0.0101468|non-instanced|1794974|17|1
105.3119|0.009495599|non-instanced|1794974|17|1
127.131|0.007865901|non-instanced|1794974|17|1
142.1626|0.007034198|non-instanced|1794974|17|1
113.1593|0.008837103|non-instanced|1794974|17|1
82.7041|0.0120913|non-instanced|1794974|17|1
121.9319|0.008201296|non-instanced|1794974|17|1
108.8329|0.0091884|non-instanced|1794974|17|1
118.1739|0.008462103|non-instanced|1794974|17|1
103.4704|0.009664598|non-instanced|1794974|17|1
150.2765|0.0066544|non-instanced|1794974|17|1
126.4462|0.007908504|non-instanced|1794974|17|1
113.5306|0.008808198|non-instanced|1794974|17|1
86.00227|0.0116276|non-instanced|1794974|17|1
91.10205|0.0109767|non-instanced|1794974|17|1
100.1432|0.0099857|non-instanced|1794974|17|1
119.6201|0.0083598|non-instanced|1794974|17|1
106.7179|0.0093705|non-instanced|1794974|16|1
137.935|0.007249794|non-instanced|1794974|17|1
101.917|0.009811905|non-instanced|1794974|17|1
97.29803|0.0102777|non-instanced|1794974|17|1
118.8199|0.008416099|non-instanced|1794974|17|1
132.834|0.007528196|non-instanced|1436366|17|1
110.715|0.009032199|non-instanced|1794974|17|1
124.4833|0.008033206|non-instanced|1794974|17|1
118.8566|0.008413499|non-instanced|1794974|17|1
121.1607|0.008253501|non-instanced|1794974|17|1
139.175|0.007185197|non-instanced|1794974|17|1
128.2956|0.007794501|non-instanced|1794974|17|1
124.8938|0.008006803|non-instanced|1794974|17|1
119.8883|0.0083411|non-instanced|1794974|17|1
143.9346|0.006947598|non-instanced|1794974|17|1
119.8422|0.008344303|non-instanced|1794974|17|1
143.2357|0.006981498|non-instanced|1794974|17|1
108.142|0.009247102|non-instanced|1794974|16|1
93.86062|0.0106541|non-instanced|1436366|16|1
68.05775|0.0146934|non-instanced|1794974|17|1
111.6035|0.008960296|non-instanced|1794974|17|1
119.3303|0.008380102|non-instanced|1794974|17|1
113.8031|0.008787103|non-instanced|1077758|15|1
107.2318|0.009325596|non-instanced|1794974|17|1
133.9171|0.007467304|non-instanced|1794974|17|1
120.6477|0.008288599|non-instanced|1794974|17|1
125.0376|0.007997598|non-instanced|1794974|17|1
131.005|0.007633298|non-instanced|1794974|17|1
103.7473|0.009638804|non-instanced|1794974|17|1
126.4686|0.0079071|non-instanced|1794974|17|1
132.8374|0.007527997|non-instanced|1794974|17|1
101.0683|0.009894303|non-instanced|1794974|17|1
128.2167|0.007799299|non-instanced|1794974|17|1
124.0233|0.008063003|non-instanced|1794974|17|1
116.5284|0.008581597|non-instanced|1794974|17|1
113.0173|0.008848201|non-instanced|1794974|17|1
112.7904|0.008866001|non-instanced|1794974|16|1
119.7375|0.008351602|non-instanced|1794974|17|1
132.3539|0.007555499|non-instanced|1794974|17|1
117.5627|0.008506102|non-instanced|1436366|16|1
97.24982|0.01028279|non-instanced|1794974|17|1
127.2507|0.007858504|non-instanced|1794974|17|1
133.8133|0.007473101|non-instanced|1436366|16|1
96.69688|0.0103416|non-instanced|1794974|17|1
112.8528|0.008861104|non-instanced|1794974|17|1
123.9634|0.0080669|non-instanced|1794974|17|1
132.2087|0.007563797|non-instanced|1794974|17|1
117.1975|0.008532603|non-instanced|1794974|17|1
113.9848|0.008773101|non-instanced|1794974|17|1
127.8185|0.007823597|non-instanced|1794974|17|1
149.1446|0.006704904|non-instanced|1794974|17|1
92.33101|0.0108306|non-instanced|1794974|17|1
111.8781|0.0089383|non-instanced|1794974|17|1
114.4414|0.008738095|non-instanced|1794974|17|1
112.4113|0.008895904|non-instanced|1794974|17|1
123.1543|0.008119898|non-instanced|1794974|17|1
137.5459|0.007270302|non-instanced|1794974|17|1
116.955|0.008550297|non-instanced|1794974|17|1
136.4368|0.007329401|non-instanced|1794974|17|1
120.5095|0.008298101|non-instanced|1794974|17|1
149.7253|0.006678897|non-instanced|1794974|17|1
109.4032|0.009140505|non-instanced|1794974|17|1
110.8206|0.009023597|non-instanced|1794974|17|1
110.617|0.0090402|non-instanced|1794974|17|1
112.8133|0.008864201|non-instanced|1794974|17|1
106.4736|0.009392|non-instanced|1794974|17|1
109.4738|0.009134602|non-instanced|1794974|17|1
115.1689|0.008682901|non-instanced|1436366|17|1
105.7787|0.009453699|non-instanced|1794974|17|1
108.6709|0.009202098|non-instanced|1794974|17|1
102.283|0.0097768|non-instanced|1794974|17|1
101.4044|0.009861501|non-instanced|1794974|17|1
114.0147|0.008770798|non-instanced|1794974|17|1
52.10178|0.0191932|non-instanced|1794974|17|1
107.9506|0.009263499|non-instanced|1794974|17|1
106.2474|0.009411997|non-instanced|1436366|17|1
104.4856|0.009570698|non-instanced|1794974|17|1
105.4963|0.009479004|non-instanced|1794974|17|1
105.3252|0.009494402|non-instanced|1794974|17|1
105.5053|0.009478196|non-instanced|1794974|17|1
102.9156|0.009716702|non-instanced|1436366|17|1
84.33482|0.0118575|non-instanced|1794974|17|1
119.0447|0.008400206|non-instanced|1794974|17|1
113.7643|0.008790101|non-instanced|1794974|17|1
102.7106|0.009736096|non-instanced|1794974|17|1
104.0344|0.009612203|non-instanced|1794974|17|1
103.3207|0.009678599|non-instanced|1794974|17|1
102.6937|0.009737698|non-instanced|1794974|17|1
101.7377|0.009829202|non-instanced|1794974|17|1
104.7713|0.009544601|non-instanced|1794974|17|1
103.7958|0.009634297|non-instanced|1794974|17|1
99.53618|0.0100466|non-instanced|1794974|17|1
107.4033|0.0093107|non-instanced|1794974|17|1
89.12259|0.0112205|non-instanced|1794974|17|1
94.23826|0.0106114|non-instanced|1436366|17|1
60.53379|0.0165197|non-instanced|1436366|17|1
96.58106|0.010354|non-instanced|1436366|17|1
106.6496|0.009376503|non-instanced|1794974|17|1
111.8531|0.008940299|non-instanced|1436366|16|1
93.90815|0.0106487|non-instanced|1794974|17|1
57.54766|0.0173769|non-instanced|1794974|17|1
44.52895|0.0224573|non-instanced|1794974|17|1
72.56736|0.0137803|non-instanced|1794974|17|1
78.53731|0.0127328|non-instanced|1794974|17|1
67.71122|0.0147686|non-instanced|1794974|17|1
68.94032|0.0145053|non-instanced|1794974|17|1
59.54757|0.0167933|non-instanced|1794974|17|1
47.84895|0.0208991|non-instanced|1794974|17|1
54.80473|0.0182466|non-instanced|1794974|17|1
85.57981|0.011685|non-instanced|1794974|17|1
70.13505|0.01425821|non-instanced|1794974|17|1
97.4583|0.0102608|non-instanced|1794974|17|1
96.29649|0.0103846|non-instanced|1794974|17|1
54.35519|0.01839751|non-instanced|1794974|17|1
88.89522|0.0112492|non-instanced|1794974|17|1
61.30194|0.0163127|non-instanced|1794974|17|1
58.21806|0.0171768|non-instanced|1794974|17|1
41.49361|0.0241001|non-instanced|1794974|17|1
49.95604|0.0200176|non-instanced|1794974|16|1
68.13754|0.0146762|non-instanced|1794974|17|1
92.2611|0.0108388|non-instanced|1794974|17|1
65.23029|0.0153303|non-instanced|1794974|17|1
134.4375|0.0074384|non-instanced|1794974|16|1
100.7334|0.009927196|non-instanced|1794974|17|1
90.0836|0.0111008|non-instanced|1794974|17|1
82.53481|0.0121161|non-instanced|1794974|17|1
98.68159|0.0101336|non-instanced|1794974|17|1
113.4662|0.008813194|non-instanced|1794974|17|1
55.19067|0.01811901|non-instanced|1794974|17|1
102.4811|0.009757894|non-instanced|1794974|17|1
70.76738|0.0141308|non-instanced|1794974|17|1
43.18852|0.0231543|non-instanced|1794974|17|1
110.1479|0.009078699|non-instanced|1794974|17|1
93.09082|0.0107422|non-instanced|1436366|16|1
48.34373|0.0206852|non-instanced|1436366|16|1
69.31449|0.014427|non-instanced|1794974|17|1
63.31198|0.0157948|non-instanced|1794974|17|1
89.6869|0.0111499|non-instanced|1794974|17|1
84.52086|0.0118314|non-instanced|1794974|17|1
77.56326|0.0128927|non-instanced|1794974|17|1
112.7727|0.008867397|non-instanced|1436366|17|1
114.1357|0.008761501|non-instanced|1794974|17|1
111.1432|0.008997399|non-instanced|1794974|17|1
118.3641|0.008448505|non-instanced|1794974|17|1
117.9608|0.008477395|non-instanced|1794974|16|1
124.9047|0.008006101|non-instanced|1794974|16|1
108.3705|0.009227601|non-instanced|1794974|17|1
99.23786|0.0100768|non-instanced|1794974|17|1
99.76057|0.010024|non-instanced|1794974|17|1
99.39863|0.0100605|non-instanced|1794974|17|1
115.1305|0.008685799|non-instanced|1794974|17|1
122.5446|0.008160296|non-instanced|1794974|17|1
113.3131|0.008825107|non-instanced|1794974|17|1
121.2313|0.008248696|non-instanced|1794974|17|1
106.5201|0.009387904|non-instanced|1794974|17|1
117.8371|0.008486295|non-instanced|1794974|17|1
128.9258|0.007756399|non-instanced|1794974|17|1
114.8053|0.008710402|non-instanced|1794974|17|1
122.0345|0.008194402|non-instanced|1794974|17|1
120.8022|0.008277997|non-instanced|1794974|17|1
112.0875|0.008921599|non-instanced|1794974|17|1
42.55337|0.0234999|non-instanced|1794974|17|1
122.841|0.008140604|non-instanced|1794974|17|1
159.1546|0.006283198|non-instanced|1794974|17|1
117.3502|0.008521499|non-instanced|1794974|17|1
123.2772|0.008111798|non-instanced|1794974|17|1
115.5695|0.008652799|non-instanced|1794974|17|1
122.1165|0.008188903|non-instanced|1794974|16|1
109.8696|0.009101701|non-instanced|7174094|32|4
88.76186|0.0112661|non-instanced|7174094|32|4
121.0112|0.008263698|non-instanced|6815486|31|4
114.9015|0.008703103|non-instanced|7174094|32|4
121.8933|0.008203898|non-instanced|7174094|32|4
98.12865|0.0101907|non-instanced|7174094|32|4
90.68406|0.0110273|non-instanced|7174094|32|4
102.9569|0.009712798|non-instanced|7174094|32|4
102.3195|0.009773307|non-instanced|7174094|32|4
122.3841|0.008170996|non-instanced|7174094|32|4
107.7099|0.009284198|non-instanced|7174094|32|4
165.6012|0.006038605|non-instanced|7174094|32|4
129.764|0.007706299|non-instanced|7174094|32|4
89.25386|0.011204|non-instanced|7174094|32|4
104.7449|0.009547003|non-instanced|6815486|31|4
88.98698|0.0112376|non-instanced|7174094|32|4
105.8582|0.009446599|non-instanced|7174094|32|4
126.889|0.007880903|non-instanced|7174094|32|4
114.8159|0.008709595|non-instanced|7174094|31|4
120.8707|0.008273306|non-instanced|7174094|32|4
100.9367|0.0099072|non-instanced|6815486|31|4
123.8299|0.008075595|non-instanced|7174094|32|4
118.1237|0.008465703|non-instanced|7174094|32|4
113.942|0.008776396|non-instanced|7174094|32|4
124.4942|0.008032504|non-instanced|7174094|32|4
118.8707|0.0084125|non-instanced|6815486|32|4
103.7775|0.009635998|non-instanced|7174094|32|4
142.0454|0.007040001|non-instanced|7174094|32|4
90.36607|0.0110661|non-instanced|7174094|32|4
92.22541|0.010843|non-instanced|7174094|32|4
94.69158|0.0105606|non-instanced|7174094|32|4
104.2786|0.009589696|non-instanced|7174094|32|4
113.7242|0.008793204|non-instanced|7174094|31|4
104.4245|0.009576296|non-instanced|7174094|32|4
95.26619|0.0104969|non-instanced|7174094|32|4
96.76888|0.0103339|non-instanced|7174094|32|4
109.8105|0.009106597|non-instanced|7174094|32|4
132.438|0.007550701|non-instanced|7174094|32|4
119.2564|0.008385296|non-instanced|7174094|32|4
132.1423|0.007567602|non-instanced|7174094|32|4
122.0524|0.008193204|non-instanced|7174094|32|4
119.0179|0.008402098|non-instanced|7174094|32|4
109.6864|0.0091169|non-instanced|7174094|32|4
140.4456|0.007120196|non-instanced|7174094|32|4
124.2313|0.008049504|non-instanced|7174094|32|4
127.9673|0.007814499|non-instanced|7174094|32|4
105.0983|0.009514902|non-instanced|16139294|57|9
82.99101|0.0120495|non-instanced|16139294|57|9
115.291|0.008673703|non-instanced|16139294|57|9
96.44785|0.0103683|non-instanced|16139294|57|9
112.7141|0.008872002|non-instanced|16139294|57|9
125.4186|0.007973299|non-instanced|16139294|57|9
109.9686|0.009093502|non-instanced|16139294|57|9
113.4288|0.0088161|non-instanced|16139294|57|9
131.0444|0.007631002|non-instanced|16139294|57|9
120.3457|0.008309396|non-instanced|16139294|57|9
131.225|0.0076205|non-instanced|16139294|57|9
116.3373|0.008595699|non-instanced|16139294|57|9
123.1132|0.008122605|non-instanced|16139294|57|9
118.1601|0.008463095|non-instanced|15780686|56|9
97.00169|0.0103091|non-instanced|16139294|56|9
149.0512|0.006709106|non-instanced|16139294|57|9
130.2814|0.007675694|non-instanced|15780686|57|9
94.26576|0.01060831|non-instanced|15422078|57|9
90.7499|0.0110193|non-instanced|16139294|57|9
158.3881|0.006313605|non-instanced|16139294|57|9
86.81012|0.01151939|non-instanced|16139294|57|9
100.7343|0.009927104|non-instanced|16139294|57|9
109.255|0.009152899|non-instanced|15780686|56|9
93.28096|0.0107203|non-instanced|16139294|55|9
124.1912|0.008052098|non-instanced|16139294|57|9
130.5466|0.007660098|non-instanced|15780686|54|9
97.80425|0.0102245|non-instanced|16139294|57|9
140.7084|0.007106895|non-instanced|15780686|56|9
106.7839|0.009364704|non-instanced|15780686|56|9
128.1328|0.0078044|non-instanced|16139294|57|9
163.7547|0.006106697|non-instanced|16139294|57|9
147.1973|0.006793601|non-instanced|16139294|57|9
114.9478|0.008699603|non-instanced|16139294|57|9
149.8465|0.006673498|non-instanced|16139294|57|9
105.6133|0.009468502|non-instanced|16139294|57|9
136.4071|0.007330995|non-instanced|16139294|57|9
123.2741|0.008112004|non-instanced|16139294|57|9
115.4721|0.008660098|non-instanced|16139294|57|9
123.7608|0.008080103|non-instanced|16139294|57|9
105.6535|0.009464902|non-instanced|16139294|57|9
108.0194|0.009257596|non-instanced|16139294|57|9
116.4578|0.008586799|non-instanced|16139294|57|9
152.0426|0.006577105|non-instanced|16139294|57|9
109.2526|0.009153097|non-instanced|16139294|57|9
137.1742|0.007290001|non-instanced|16139294|57|9
118.9528|0.008406697|non-instanced|16139294|57|9
107.6113|0.009292701|non-instanced|16139294|57|9
124.1018|0.008057901|non-instanced|16139294|57|9
114.094|0.008764704|non-instanced|16139294|57|9
114.6474|0.008722399|non-instanced|16139294|57|9
115.1345|0.008685495|non-instanced|16139294|57|9
105.4352|0.009484502|non-instanced|16139294|57|9
119.0335|0.008400999|non-instanced|16139294|57|9
119.1384|0.008393602|non-instanced|16139294|57|9
113.71|0.008794303|non-instanced|15780686|56|9
106.8867|0.009355697|non-instanced|16139294|57|9
124.3796|0.008039902|non-instanced|16139294|57|9
114.2257|0.008754599|non-instanced|16139294|57|9
113.7993|0.008787401|non-instanced|15063470|55|9
48.09103|0.0207939|non-instanced|16139294|57|9
115.4215|0.008663896|non-instanced|16139294|57|9
140.2406|0.007130605|non-instanced|16139294|57|9
108.7512|0.009195302|non-instanced|15780686|56|9
135.4134|0.007384793|non-instanced|16139294|57|9
121.0507|0.008261004|non-instanced|16139294|57|9
117.4799|0.008512096|non-instanced|16139294|57|9
104.2133|0.009595706|non-instanced|16139294|57|9
105.1337|0.009511699|non-instanced|16139294|57|9
106.7943|0.009363797|non-instanced|16139294|57|9
104.6332|0.0095572|non-instanced|16139294|57|9
94.96763|0.0105299|non-instanced|16139294|56|9
96.39206|0.0103743|non-instanced|15780686|56|9
76.70712|0.0130366|non-instanced|16139294|57|9
119.4557|0.008371301|non-instanced|15780686|57|9
87.29967|0.0114548|non-instanced|16139294|57|9
111.1457|0.008997201|non-instanced|16139294|57|9
102.7486|0.009732497|non-instanced|16139294|57|9
94.95139|0.0105317|non-instanced|16139294|57|9
99.04034|0.0100969|non-instanced|16139294|57|9
96.87477|0.01032261|non-instanced|16139294|57|9
64.19351|0.0155779|non-instanced|16139294|57|9
111.0124|0.009008001|non-instanced|16139294|57|9
118.3516|0.008449398|non-instanced|16139294|57|9
88.13445|0.0113463|non-instanced|16139294|57|9
90.36364|0.0110664|non-instanced|16139294|57|9
93.08646|0.0107427|non-instanced|16139294|57|9
89.67721|0.01115111|non-instanced|16139294|57|9
91.06808|0.0109808|non-instanced|16139294|57|9
88.99091|0.0112371|non-instanced|16139294|57|9
92.82556|0.0107729|non-instanced|16139294|57|9
84.528|0.0118304|non-instanced|16139294|57|9
86.91341|0.0115057|non-instanced|15780686|55|9
85.18688|0.0117389|non-instanced|16139294|57|9
88.88732|0.0112502|non-instanced|16139294|57|9
85.4|0.0117096|non-instanced|16139294|57|9
86.53587|0.0115559|non-instanced|16139294|57|16
36.33879|0.0275188|non-instanced|28690576|92|16
68.69691|0.0145567|non-instanced|28690576|92|16
66.18616|0.0151089|non-instanced|28690576|92|16
64.26487|0.0155606|non-instanced|28690576|92|16
64.53985|0.0154943|non-instanced|28690576|92|16
64.96672|0.0153925|non-instanced|28690576|92|16
64.33475|0.0155437|non-instanced|28690576|92|16
64.37407|0.01553421|non-instanced|28690576|92|16
63.89655|0.0156503|non-instanced|28690576|92|16
62.1118|0.0161|non-instanced|28690576|92|16
60.89615|0.0164214|non-instanced|28690576|92|16
62.12993|0.0160953|non-instanced|28690576|92|16
62.48049|0.016005|non-instanced|28690576|92|16
62.40092|0.0160254|non-instanced|28690576|92|16
62.53792|0.0159903|non-instanced|28690576|92|16
61.0743|0.0163735|non-instanced|28690576|92|16
59.98727|0.0166702|non-instanced|28690576|92|16
60.9719|0.016401|non-instanced|28690576|92|16
60.91433|0.0164165|non-instanced|28690576|92|16
60.50301|0.0165281|non-instanced|28690576|92|16
60.06727|0.016648|non-instanced|27614752|89|16
61.10604|0.01636499|non-instanced|28690576|92|16
60.40398|0.0165552|non-instanced|28690576|92|16
60.4277|0.0165487|non-instanced|28690576|92|16
60.77957|0.0164529|non-instanced|28690576|92|16
61.14337|0.016355|non-instanced|28690576|92|16
60.15363|0.0166241|non-instanced|28690576|92|16
60.02547|0.0166596|non-instanced|27614752|89|16
61.39638|0.01628761|non-instanced|28690576|92|16
60.43722|0.01654609|non-instanced|28690576|92|16
60.34421|0.0165716|non-instanced|28690576|92|16
60.18983|0.0166141|non-instanced|28690576|92|16
60.63728|0.0164915|non-instanced|28331968|92|16
60.51549|0.01652469|non-instanced|28690576|92|16
61.12692|0.0163594|non-instanced|28690576|92|16
60.22392|0.0166047|non-instanced|28690576|92|16
60.52865|0.0165211|non-instanced|28690576|92|16
60.96112|0.0164039|non-instanced|28331968|91|16
60.61965|0.0164963|non-instanced|28690576|92|16
60.68513|0.0164785|non-instanced|28331968|89|16
60.44889|0.0165429|non-instanced|28690576|92|16
61.50818|0.016258|non-instanced|28690576|92|16
60.52647|0.0165217|non-instanced|28690576|92|16
60.04095|0.0166553|non-instanced|28690576|92|16
60.78472|0.0164515|non-instanced|28690576|92|16
60.83724|0.0164373|non-instanced|28690576|92|16
59.81792|0.0167174|non-instanced|28690576|92|16
60.07123|0.0166469|non-instanced|28690576|92|16
61.18828|0.016343|non-instanced|28690576|92|16
60.16304|0.0166215|non-instanced|28690576|92|16
61.35497|0.0162986|non-instanced|28331968|90|16
60.2947|0.0165852|non-instanced|28690576|92|16
60.00709|0.0166647|non-instanced|28690576|92|16
61.61086|0.0162309|non-instanced|28690576|92|16
61.64963|0.0162207|non-instanced|28690576|92|25
39.65893|0.025215|non-instanced|44110720|135|25
40.5515|0.02466|non-instanced|44110720|135|25
40.21297|0.0248676|non-instanced|44827936|137|25
40.38545|0.02476139|non-instanced|44827936|137|25
40.58836|0.02463761|non-instanced|44827936|136|25
40.33202|0.0247942|non-instanced|44827936|137|25
40.34698|0.024785|non-instanced|44827936|137|25
39.56353|0.0252758|non-instanced|44827936|137|25
40.31851|0.0248025|non-instanced|44827936|137|25
40.83916|0.0244863|non-instanced|44469328|136|25
40.90298|0.02444809|non-instanced|44827936|137|25
42.51158|0.023523|non-instanced|44469328|135|25
40.80249|0.0245083|non-instanced|44827936|137|25
40.68747|0.02457759|non-instanced|44827936|136|25
41.27165|0.02422971|non-instanced|44827936|137|25
40.9868|0.0243981|non-instanced|44827936|137|25
40.65405|0.0245978|non-instanced|44827936|137|25
41.27167|0.0242297|non-instanced|44469328|134|25
40.84967|0.02448|non-instanced|44827936|137|25
40.66628|0.0245904|non-instanced|44469328|136|25
40.68066|0.0245817|non-instanced|44827936|137|25
40.87439|0.0244652|non-instanced|44827936|137|25
40.64545|0.024603|non-instanced|44827936|137|25
40.91803|0.0244391|non-instanced|44469328|134|25
40.75993|0.0245339|non-instanced|44827936|137|25
40.7807|0.0245214|non-instanced|44827936|137|25
41.18345|0.0242816|non-instanced|44469328|135|25
41.1926|0.0242762|non-instanced|44827936|137|25
41.67501|0.0239952|non-instanced|44827936|137|25
41.49532|0.0240991|non-instanced|44827936|137|25
41.25872|0.0242373|non-instanced|44469328|137|25
41.49223|0.0241009|non-instanced|44110720|137|25
41.24035|0.0242481|non-instanced|44827936|137|25
41.30491|0.0242102|non-instanced|44827936|137|25
41.09121|0.0243361|non-instanced|44827936|137|25
41.59129|0.02404349|non-instanced|42676288|131|25
41.80951|0.02391801|non-instanced|44827936|137|25
41.82386|0.0239098|non-instanced|44827936|137|25
42.2055|0.02369359|non-instanced|44827936|136|25
23.34114|0.0428428|non-instanced|44827936|137|25
87.09132|0.0114822|non-instanced|64551376|191|36
29.67896|0.03369391|non-instanced|64192768|191|36
29.62252|0.0337581|non-instanced|64551376|192|36
29.77679|0.0335832|non-instanced|64551376|192|36
29.69351|0.0336774|non-instanced|64551376|192|36
29.73553|0.0336298|non-instanced|64551376|192|36
29.54437|0.0338474|non-instanced|62758336|185|36
30.14364|0.0331745|non-instanced|64551376|192|36
30.11078|0.0332107|non-instanced|64551376|192|36
30.27312|0.0330326|non-instanced|63116944|188|36
30.12185|0.0331985|non-instanced|64192768|188|36
30.21367|0.03309761|non-instanced|64551376|192|36
30.26287|0.0330438|non-instanced|64551376|192|36
30.54611|0.03273739|non-instanced|63834160|191|36
30.69235|0.03258141|non-instanced|64551376|192|36
30.48985|0.03279779|non-instanced|64551376|192|36
30.40271|0.0328918|non-instanced|64551376|192|36
30.76705|0.0325023|non-instanced|63834160|190|36
30.37492|0.0329219|non-instanced|64551376|192|36
30.53165|0.0327529|non-instanced|64551376|192|36
30.65322|0.032623|non-instanced|63834160|190|36
30.8444|0.0324208|non-instanced|64551376|192|36
31.11891|0.0321348|non-instanced|64551376|192|36
30.88889|0.0323741|non-instanced|64551376|192|36
31.31037|0.0319383|non-instanced|64551376|192|36
31.37904|0.0318684|non-instanced|64551376|192|36
31.51085|0.0317351|non-instanced|63834160|191|36
31.51572|0.0317302|non-instanced|64551376|192|36
31.64918|0.0315964|non-instanced|64192768|191|36
31.88573|0.031362|non-instanced|64551376|191|36
31.53609|0.0317097|non-instanced|64551376|191|49
23.39006|0.0427532|non-instanced|87860896|257|49
23.59804|0.0423764|non-instanced|87860896|257|49
23.85132|0.0419264|non-instanced|87860896|257|49
23.93318|0.041783|non-instanced|87143680|255|49
23.88014|0.0418758|non-instanced|87143680|255|49
24.13052|0.0414413|non-instanced|87860896|257|49
24.06316|0.0415573|non-instanced|87860896|257|49
25.53535|0.0391614|non-instanced|87143679|255|49
27.67821|0.0361295|non-instanced|86785072|254|49
27.59511|0.0362383|non-instanced|87860896|257|49
28.27239|0.0353702|non-instanced|87860896|257|49
28.78883|0.0347357|non-instanced|86785072|254|49
28.75406|0.0347777|non-instanced|86785072|254|49
28.91695|0.0345818|non-instanced|87860896|256|49
29.59622|0.0337881|non-instanced|86785072|251|49
29.60744|0.0337753|non-instanced|87860896|256|49
29.91951|0.033423|non-instanced|87502288|256|49
30.75873|0.0325111|non-instanced|87860896|257|49
30.88822|0.0323748|non-instanced|87860896|257|49
30.61755|0.03266101|non-instanced|87860896|257|49
31.86104|0.0313863|non-instanced|87143680|255|49
31.87362|0.0313739|non-instanced|83198992|241|49
31.9295|0.031319|non-instanced|87502288|256|49
32.05344|0.0311979|non-instanced|87502288|257|49
33.54647|0.0298094|non-instanced|87502288|257|64
25.36674|0.0394217|non-instanced|114397888|331|64
25.6532|0.0389815|non-instanced|114397888|331|64
24.66693|0.0405401|non-instanced|114039280|330|64
24.94593|0.0400867|non-instanced|114397888|332|64
24.89463|0.0401693|non-instanced|114756496|332|64
24.97478|0.0400404|non-instanced|114756496|332|64
25.05732|0.03990849|non-instanced|112963456|326|64
26.39859|0.0378808|non-instanced|113680672|328|64
27.48952|0.0363775|non-instanced|114756496|332|64
27.68557|0.0361199|non-instanced|114756496|332|64
28.73175|0.0348047|non-instanced|114756496|332|64
28.95018|0.0345421|non-instanced|114756496|254|64
28.85428|0.0346569|non-instanced|114397888|332|64
29.08634|0.0343804|non-instanced|114756496|332|64
30.05106|0.0332767|non-instanced|114756496|332|64
30.24657|0.0330616|non-instanced|113680672|331|64
30.04699|0.0332812|non-instanced|114756496|332|64
31.05609|0.0321998|non-instanced|114039280|332|64
30.98767|0.0322709|non-instanced|114756496|332|64
31.43952|0.0318071|non-instanced|114756496|332|64
32.20902|0.0310472|non-instanced|114756496|331|64
32.18487|0.0310705|non-instanced|112604848|321|64
32.839|0.0304516|non-instanced|114756496|332|64
31.99069|0.0312591|non-instanced|114756496|332|64
33.12563|0.0301881|non-instanced|114397888|331|64
32.84687|0.0304443|non-instanced|114039280|332|64
32.79871|0.030489|non-instanced|114039280|332|81
18.70309|0.0534671|non-instanced|141652095|399|81
25.66056|0.0389703|non-instanced|144879568|416|81
25.43888|0.0393099|non-instanced|143445136|416|81
25.46824|0.0392646|non-instanced|144520960|415|81
25.32819|0.0394817|non-instanced|144520960|415|81
22.40374|0.0446354|non-instanced|144879568|416|81
25.65405|0.0389802|non-instanced|144879568|416|81
25.72698|0.0388697|non-instanced|144879568|416|81
26.09692|0.0383187|non-instanced|145238176|417|81
26.23632|0.0381151|non-instanced|143803744|417|81
26.01098|0.0384453|non-instanced|144879568|417|81
26.13136|0.0382682|non-instanced|145238176|416|81
26.0676|0.0383618|non-instanced|145238176|417|81
26.1248|0.0382778|non-instanced|145238176|417|81
25.9113|0.0385932|non-instanced|144162352|415|81
26.06474|0.038366|non-instanced|144520960|416|81
26.32979|0.0379798|non-instanced|144879568|416|81
26.35192|0.0379479|non-instanced|144162352|415|81
26.0547|0.0383808|non-instanced|144879568|416|81
25.88199|0.0386369|non-instanced|145238176|417|81
26.10523|0.0383065|non-instanced|141652096|404|81
26.20579|0.0381595|non-instanced|144162352|394|81
26.40927|0.0378655|non-instanced|144879568|417|81
25.46116|0.0392755|non-instanced|145238176|417|81
25.64346|0.03899629|non-instanced|144520960|416|81
25.4681|0.0392648|non-instanced|144520960|416|100
20.78406|0.0481138|non-instanced|175719862|496|100
20.82474|0.0480198|non-instanced|177871510|508|100
20.70762|0.0482914|non-instanced|178947334|510|100
20.56285|0.0486314|non-instanced|178947334|510|100
20.83368|0.0479992|non-instanced|178947334|511|100
21.05329|0.04749851|non-instanced|177154294|492|100
20.65856|0.04840609|non-instanced|178588726|510|100
21.39843|0.0467324|non-instanced|178588726|511|100
21.00408|0.0476098|non-instanced|177154294|507|100
20.95408|0.0477234|non-instanced|177871510|511|100
21.17783|0.0472192|non-instanced|177871510|509|100
21.15551|0.04726901|non-instanced|176795686|507|100
21.38768|0.0467559|non-instanced|178588726|511|100
21.10733|0.0473769|non-instanced|173568214|494|100
21.21305|0.0471408|non-instanced|176078470|509|100
21.32183|0.0469003|non-instanced|178230118|510|100
21.33975|0.04686091|non-instanced|177154294|504|100
20.96999|0.0476872|non-instanced|177154294|504|121
17.72676|0.0564119|non-instanced|209787622|577|121
17.475|0.0572246|non-instanced|213373702|613|121
17.18644|0.0581854|non-instanced|213373702|613|121
16.957|0.0589727|non-instanced|213015094|610|121
17.31308|0.0577598|non-instanced|214449526|608|121
17.53577|0.0570263|non-instanced|215166742|613|121
17.41187|0.0574321|non-instanced|213732310|610|121
17.73223|0.0563945|non-instanced|215166742|612|121
17.39424|0.0574903|non-instanced|214090918|610|121
17.54983|0.0569806|non-instanced|215525350|613|121
17.36913|0.0575734|non-instanced|214090918|611|121
17.6128|0.0567769|non-instanced|215525350|613|121
17.67115|0.0565894|non-instanced|212297878|595|121
17.73097|0.0563985|non-instanced|214808134|612|121
17.82703|0.0560946|non-instanced|214449526|613|121
17.77724|0.0562517|non-instanced|213373702|612|121
17.4879|0.0571824|non-instanced|215166742|612|121
17.49353|0.057164|non-instanced|213732310|610|121
17.52993|0.0570453|non-instanced|214449525|607|121
17.34512|0.0576531|non-instanced|210504838|591|121
17.40199|0.0574647|non-instanced|212297878|588|121
17.47524|0.0572238|non-instanced|215166742|612|121
17.38952|0.05750589|non-instanced|214808133|608|121
17.32475|0.0577209|non-instanced|213373702|604|121
17.21541|0.0580875|non-instanced|214449526|612|121
17.34115|0.0576663|non-instanced|214808134|611|121
17.53383|0.0570326|non-instanced|214449526|612|121
17.61422|0.0567723|non-instanced|214449526|589|121
17.57512|0.0568986|non-instanced|214808134|611|121
17.76193|0.0563002|non-instanced|213373701|606|121
17.63737|0.0566978|non-instanced|214808133|547|121
17.48243|0.0572003|non-instanced|214808134|610|121
17.56071|0.0569453|non-instanced|215166741|610|121
17.74878|0.0563419|non-instanced|214808134|609|121
17.54983|0.0569806|non-instanced|214449526|612|121
17.67949|0.0565627|non-instanced|214808134|607|121
17.41114|0.0574345|non-instanced|215166742|613|121
17.20803|0.0581124|non-instanced|212297878|606|121
17.1612|0.05827099|non-instanced|214090918|612|121
17.50155|0.05713781|non-instanced|215525350|608|121
17.48454|0.05719339|non-instanced|214449525|613|121
17.42941|0.05737431|non-instanced|215166742|593|121
17.62522|0.0567369|non-instanced|213015094|599|121
17.5186|0.0570822|non-instanced|214090918|606|121
17.4765|0.0572197|non-instanced|214449526|612|121
17.38145|0.0575326|non-instanced|214090918|608|121
17.30481|0.0577874|non-instanced|214808134|612|121
17.68447|0.0565468|non-instanced|204049894|574|121
17.76136|0.056302|non-instanced|213373702|605|121
17.73553|0.056384|non-instanced|215525350|611|121
17.52824|0.0570508|non-instanced|213373702|606|121
17.51234|0.0571026|non-instanced|210863446|587|121
17.36328|0.0575928|non-instanced|214808134|611|121
17.26391|0.0579243|non-instanced|210146230|578|121
17.45143|0.0573019|non-instanced|215166742|612|121
17.56509|0.0569311|non-instanced|215525349|612|121
17.54912|0.0569829|non-instanced|215525350|608|121
17.45725|0.0572828|non-instanced|214449526|613|121
17.31134|0.0577656|non-instanced|203691286|577|121
17.39487|0.0574882|non-instanced|212297878|605|121
17.31653|0.0577483|non-instanced|212656486|601|121
17.45896|0.0572772|non-instanced|214808134|610|121
17.46581|0.05725471|non-instanced|214449526|611|121
17.54223|0.0570053|non-instanced|213015094|603|121
17.72575|0.0564151|non-instanced|215166742|612|121
17.62338|0.05674279|non-instanced|210504838|593|121
17.50832|0.0571157|non-instanced|214808134|612|121
17.51102|0.0571069|non-instanced|211580662|596|121
17.57191|0.056909|non-instanced|215166742|613|121
17.53165|0.0570397|non-instanced|213732310|612|121
17.43579|0.0573533|non-instanced|215525350|612|121
17.54315|0.0570023|non-instanced|214449526|609|121
17.51884|0.0570814|non-instanced|213732310|573|121
17.34916|0.0576397|non-instanced|214808133|612|121
17.2415|0.0579996|non-instanced|214808133|612|100
20.79322|0.0480926|non-instanced|177871510|509|100
21.362|0.04681209|non-instanced|177871510|509|100
21.12106|0.0473461|non-instanced|177512902|507|100
20.56416|0.0486283|non-instanced|177512902|507|100
15.76106|0.06344751|non-instanced|178588726|511|100
20.95531|0.0477206|non-instanced|178947334|511|100
21.57637|0.046347|non-instanced|174285430|499|100
21.17926|0.047216|non-instanced|178588726|511|100
21.18146|0.0472111|non-instanced|177512902|508|100
21.108|0.0473754|non-instanced|177154294|508|100
21.18105|0.047212|non-instanced|177512902|508|100
20.78181|0.048119|non-instanced|178947334|511|100
21.04364|0.0475203|non-instanced|178588726|510|100
21.07464|0.0474504|non-instanced|175719862|503|100
20.54261|0.0486793|non-instanced|178588726|510|100
21.18739|0.0471979|non-instanced|177154294|504|100
20.8924|0.0478643|non-instanced|177154294|504|81
15.98327|0.06256541|non-instanced|145238176|410|81
22.6335|0.0441823|non-instanced|142369312|409|81
22.62689|0.0441952|non-instanced|144520960|416|81
22.61917|0.0442103|non-instanced|144520960|416|81
11.27111|0.0887224|non-instanced|143803744|416|81
22.81547|0.0438299|non-instanced|145238176|417|81
23.23134|0.04304529|non-instanced|145238176|417|81
22.91302|0.0436433|non-instanced|143803744|411|81
23.72119|0.0421564|non-instanced|143803744|411|81
23.11225|0.0432671|non-instanced|142727920|407|81
23.52709|0.0425042|non-instanced|144520960|416|81
23.3382|0.0428482|non-instanced|143445136|412|81
23.34039|0.04284419|non-instanced|144879568|416|81
23.32971|0.0428638|non-instanced|145238176|416|81
23.22627|0.0430547|non-instanced|144162352|414|81
23.23372|0.0430409|non-instanced|145238176|416|81
23.34458|0.0428365|non-instanced|144879568|416|81
23.20692|0.0430906|non-instanced|144879568|416|64
11.61455|0.0860989|non-instanced|114039280|331|64
23.56628|0.0424335|non-instanced|114756496|332|64
23.27709|0.0429607|non-instanced|114756496|332|64
11.66004|0.08576299|non-instanced|114039280|329|64
23.34534|0.0428351|non-instanced|111170416|315|64
23.36312|0.0428025|non-instanced|112963456|329|64
23.36525|0.0427986|non-instanced|114756496|332|64
23.88533|0.04186669|non-instanced|114397888|330|64
23.87706|0.0418812|non-instanced|114039280|268|64
24.0347|0.0416065|non-instanced|112246240|327|64
24.16451|0.041383|non-instanced|113680672|330|64
24.01462|0.0416413|non-instanced|114756496|332|64
23.96972|0.0417193|non-instanced|112963456|322|64
24.06142|0.0415603|non-instanced|112963456|322|49
11.93609|0.0837795|non-instanced|87502288|256|49
24.25618|0.0412266|non-instanced|87143680|256|49
24.59601|0.040657|non-instanced|87143680|256|49
12.338|0.0810504|non-instanced|87860896|257|49
24.87785|0.0401964|non-instanced|87502288|256|49
24.6106|0.0406329|non-instanced|87860896|257|49
25.6158|0.0390384|non-instanced|87502288|257|49
25.48647|0.0392365|non-instanced|87860896|257|49
25.1149|0.039817|non-instanced|87143680|254|49
25.45967|0.0392778|non-instanced|87860896|257|49
25.53581|0.0391607|non-instanced|87860896|257|49
25.49843|0.0392181|non-instanced|87860896|257|49
25.49303|0.0392264|non-instanced|87860896|257|36
12.72274|0.0785994|non-instanced|64551376|192|36
23.9084|0.0418263|non-instanced|64551376|192|36
24.28293|0.04118119|non-instanced|64551376|192|36
12.67673|0.0788847|non-instanced|63834160|191|36
25.48634|0.0392367|non-instanced|64551376|192|36
24.69014|0.040502|non-instanced|63834160|192|36
24.36938|0.0410351|non-instanced|64551376|192|36
24.48244|0.0408456|non-instanced|64192768|191|36
23.96926|0.0417201|non-instanced|64551376|192|36
25.35548|0.0394392|non-instanced|64551376|192|25
12.35744|0.08092289|non-instanced|44469328|136|25
24.59982|0.0406507|non-instanced|44827936|137|25
24.43189|0.0409301|non-instanced|43752112|134|25
24.30524|0.0411434|non-instanced|43752112|134|25
12.07231|0.08283421|non-instanced|43752112|134|25
24.33333|0.0410959|non-instanced|44469328|135|25
24.18941|0.0413404|non-instanced|44827936|137|25
24.18836|0.0413422|non-instanced|44469328|136|25
24.02212|0.0416283|non-instanced|44827936|137|25
23.5739|0.0424198|non-instanced|28690576|92|16
12.07226|0.0828345|non-instanced|28331968|90|16
22.87466|0.0437165|non-instanced|28690575|92|16
22.98935|0.0434984|non-instanced|28690575|92|16
12.03089|0.08311939|non-instanced|28690576|92|16
23.91772|0.04181001|non-instanced|28690576|92|16
23.46856|0.0426102|non-instanced|27973360|91|16
23.29449|0.0429286|non-instanced|27614752|89|16
23.36885|0.042792|non-instanced|28690576|92|16
23.64452|0.0422931|non-instanced|28690576|92|9
19.93215|0.0501702|non-instanced|15780686|55|9
36.63675|0.027295|non-instanced|16139294|57|9
43.55172|0.0229612|non-instanced|16139294|57|9
46.58031|0.0214683|non-instanced|16139294|57|9
82.99785|0.01204851|non-instanced|16139294|57|9
89.34954|0.011192|non-instanced|16139294|57|9
112.7994|0.008865299|non-instanced|16139294|57|9
114.9267|0.008701198|non-instanced|16139294|57|9
62.71125|0.0159461|non-instanced|15422078|55|9
104.4747|0.009571698|non-instanced|16139294|57|9
130.1422|0.0076839|non-instanced|16139294|57|9
101.2392|0.009877601|non-instanced|16139294|57|9
75.09031|0.0133173|non-instanced|16139294|57|9
87.10268|0.0114807|non-instanced|16139294|57|9
81.46108|0.0122758|non-instanced|16139294|57|9
78.96587|0.0126637|non-instanced|16139294|57|9
64.53902|0.0154945|non-instanced|16139294|57|9
72.81148|0.0137341|non-instanced|16139294|57|9
95.40982|0.0104811|non-instanced|16139294|57|9
106.9759|0.009347903|non-instanced|16139294|57|9
95.21271|0.0105028|non-instanced|16139294|57|9
53.68004|0.0186289|non-instanced|7174094|32|4
81.72673|0.0122359|non-instanced|7174094|32|4
93.68117|0.0106745|non-instanced|7174094|32|4
123.556|0.008093495|non-instanced|7174094|32|4
129.599|0.007716107|non-instanced|7174094|32|4
99.52431|0.0100478|non-instanced|7174094|32|4
109.7502|0.0091116|non-instanced|7174094|32|4
82.69112|0.0120932|non-instanced|6815486|31|4
92.47015|0.0108143|non-instanced|6815486|31|4
84.4416|0.0118425|non-instanced|7174094|32|4
75.64237|0.0132201|non-instanced|7174094|32|4
102.0909|0.009795195|non-instanced|7174094|32|4
72.59632|0.0137748|non-instanced|7174094|32|4
57.54004|0.0173792|non-instanced|7174094|31|4
99.25858|0.0100747|non-instanced|7174094|32|4
103.6516|0.009647704|non-instanced|7174094|32|4
80.49975|0.0124224|non-instanced|7174094|32|4
54.43155|0.0183717|non-instanced|7174094|32|4
86.22027|0.0115982|non-instanced|7174094|32|4
84.36684|0.011853|non-instanced|7174094|32|4
63.89776|0.01565|non-instanced|7174094|32|4
58.62386|0.0170579|non-instanced|6815486|31|4
57.04895|0.01752881|non-instanced|7174094|32|4
60.7301|0.0164663|non-instanced|7174093|31|4
40.1281|0.0249202|non-instanced|7174094|32|4
86.09555|0.011615|non-instanced|7174094|32|4
96.11226|0.0104045|non-instanced|7174094|32|4
76.70182|0.0130375|non-instanced|6815486|30|4
59.05835|0.01693241|non-instanced|7174094|32|4
89.66359|0.0111528|non-instanced|7174094|32|4
107.0481|0.009341596|non-instanced|7174094|32|4
66.85385|0.014958|non-instanced|7174094|32|4
41.44493|0.0241284|non-instanced|7174094|32|4
77.76534|0.0128592|non-instanced|7174094|32|4
84.66396|0.0118114|non-instanced|7174094|32|4
113.4558|0.008814002|non-instanced|7174094|32|4
95.31071|0.010492|non-instanced|7174094|32|4
106.9599|0.009349299|non-instanced|7174094|32|4
133.5737|0.007486501|non-instanced|7174094|32|4
126.3695|0.007913301|non-instanced|7174094|32|4
79.38964|0.0125961|non-instanced|7174094|32|4
65.00176|0.0153842|non-instanced|6815486|31|4
65.12623|0.0153548|non-instanced|7174094|32|4
152.6181|0.006552303|non-instanced|7174094|32|4
157.166|0.006362699|non-instanced|7174094|32|4
74.75851|0.0133764|non-instanced|7174094|32|4
82.05734|0.0121866|non-instanced|7174094|32|4
56.01676|0.0178518|non-instanced|7174094|32|4
58.35157|0.0171375|non-instanced|7174094|32|4
96.79138|0.0103315|non-instanced|7174094|32|4
83.50034|0.011976|non-instanced|6815486|31|4
56.29014|0.0177651|non-instanced|7174094|31|4
61.6808|0.0162125|non-instanced|1794974|17|1
116.9016|0.008554203|non-instanced|1794974|17|1
151.9895|0.006579401|non-instanced|1794974|17|1
109.4559|0.009136097|non-instanced|1794974|17|1
127.7907|0.007825297|non-instanced|1794974|17|1
98.70596|0.0101311|non-instanced|1794974|17|1
57.80614|0.0172992|non-instanced|1794974|17|1
81.01624|0.0123432|non-instanced|1794974|17|1
94.74543|0.0105546|non-instanced|1794974|17|1
70.58061|0.0141682|non-instanced|1436366|17|1
69.33897|0.0144219|non-instanced|1436366|16|1
98.14893|0.0101886|non-instanced|1794974|17|1
62.41497|0.0160218|non-instanced|1794974|17|1
61.25237|0.0163259|non-instanced|1794974|17|1
148.679|0.0067259|non-instanced|1794974|17|1
143.9802|0.006945401|non-instanced|1794974|17|1
168.1606|0.005946698|non-instanced|1794974|17|1
89.7843|0.0111378|non-instanced|1794974|16|1
110.9829|0.009010395|non-instanced|1794974|17|1
91.56584|0.0109211|non-instanced|1794974|17|1
117.0056|0.008546598|non-instanced|1436366|17|1
86.04816|0.0116214|non-instanced|1794974|17|1
122.3271|0.008174801|non-instanced|1794974|17|1
121.8843|0.008204499|non-instanced|1794974|17|1
149.7925|0.0066759|non-instanced|1794974|17|1
80.80415|0.0123756|non-instanced|1794974|17|1
102.9866|0.009709999|non-instanced|1794974|17|1
119.7232|0.008352601|non-instanced|1794974|17|1
157.9854|0.006329698|non-instanced|1794974|17|1
123.5162|0.008096103|non-instanced|1794974|17|1
146.1455|0.006842496|non-instanced|1794974|17|1
113.5667|0.0088054|non-instanced|1794974|17|1
166.1488|0.006018701|non-instanced|1794974|17|1
140.8708|0.007098703|non-instanced|1436366|16|1
121.984|0.008197797|non-instanced|1436366|16|1
120.3427|0.008309602|non-instanced|1794974|17|1
115.6256|0.008648604|non-instanced|1794974|17|1
124.42|0.008037294|non-instanced|1794974|17|1
115.496|0.008658305|non-instanced|1794974|17|1
122.6858|0.0081509|non-instanced|1077758|15|1
93.10641|0.0107404|non-instanced|1077758|15|1
124.7303|0.008017297|non-instanced|1794974|17|1
125.943|0.007940101|non-instanced|1794974|17|1
117.4825|0.008511905|non-instanced|1794974|17|1
122.5146|0.008162295|non-instanced|1794974|17|1
143.9656|0.006946103|non-instanced|1794974|17|1
127.8805|0.007819799|non-instanced|1794974|17|1
117.8453|0.0084857|non-instanced|1794974|17|1
103.2471|0.009685501|non-instanced|1794974|17|1
71.57069|0.0139722|non-instanced|1794974|17|1
130.4989|0.007662897|non-instanced|1794974|17|1
104.4517|0.009573802|non-instanced|1794974|17|1
88.11662|0.0113486|non-instanced|1794974|17|1
61.78788|0.0161844|non-instanced|1794974|17|1
93.06743|0.0107449|non-instanced|1794974|17|1
100.1252|0.0099875|non-instanced|1794974|17|1
114.3053|0.008748498|non-instanced|1794974|17|1
139.7428|0.007156002|non-instanced|1794974|17|1
160.9502|0.006213102|non-instanced|1794974|17|1
93.45448|0.0107004|non-instanced|1794974|17|1
129.4633|0.007724199|non-instanced|1794974|17|1
133.1203|0.007512004|non-instanced|1794974|17|1
165.6398|0.006037195|non-instanced|1794974|17|1
119.9846|0.008334403|non-instanced|1436366|17|1
56.0969|0.0178263|non-instanced|1436366|17|1
104.5489|0.009564903|non-instanced|1794974|17|1
111.1938|0.008993303|non-instanced|1794974|17|1
81.49297|0.012271|non-instanced|1436366|16|1
53.67628|0.0186302|non-instanced|1436366|16|1
131.375|0.007611799|non-instanced|1794974|17|1
87.05646|0.0114868|non-instanced|1794974|17|1
18.63144|0.0536727|non-instanced|1794974|17|1
34.79532|0.0287395|non-instanced|1794974|17|1
43.53561|0.0229697|non-instanced|1794974|17|1
43.2833|0.0231036|non-instanced|1794974|17|1
52.81113|0.0189354|non-instanced|1794974|17|1
117.0453|0.0085437|non-instanced|1794974|17|1
113.5977|0.008802998|non-instanced|1794974|17|1
127.8151|0.007823803|non-instanced|1436366|17|1
109.1239|0.009163896|non-instanced|1436366|17|1
39.19985|0.0255103|non-instanced|1794974|17|1
134.3022|0.007445897|non-instanced|1794974|17|1
81.361|0.0122909|non-instanced|1794974|17|1
49.86312|0.0200549|non-instanced|1794974|17|1
65.35821|0.0153003|non-instanced|1794974|17|1
46.79282|0.0213708|non-instanced|1794974|17|1
52.38345|0.01909|non-instanced|1794974|17|1
44.84828|0.0222974|non-instanced|1794974|17|1
86.719|0.0115315|non-instanced|1436366|17|1
87.52811|0.0114249|non-instanced|1794974|17|1
93.26006|0.0107227|non-instanced|1794974|17|1
132.3557|0.0075554|non-instanced|1794974|17|1
131.1424|0.007625298|non-instanced|1794974|17|1
98.75666|0.0101259|non-instanced|1794974|17|1
135.3051|0.007390703|non-instanced|1794974|17|1
66.33237|0.0150756|non-instanced|1794974|17|1
82.03311|0.0121902|non-instanced|1794974|17|1
94.28176|0.0106065|non-instanced|1794974|17|1
92.12943|0.01085429|non-instanced|1794974|17|1
74.23075|0.01347151|non-instanced|1794974|17|1
80.5841|0.0124094|non-instanced|1794974|17|1
43.22661|0.0231339|non-instanced|1794974|17|1
40.76242|0.0245324|non-instanced|1794974|17|1
96.02822|0.01041361|non-instanced|1794974|17|1
96.49158|0.0103636|non-instanced|1794974|17|1
69.36351|0.0144168|non-instanced|1436366|16|1
71.55943|0.0139744|non-instanced|1794974|17|1
118.3152|0.008451998|non-instanced|1794974|17|1
48.079|0.0207991|non-instanced|1794974|17|1
82.8274|0.0120733|non-instanced|1794974|17|1
90.90575|0.0110004|non-instanced|1436366|16|1
87.99953|0.0113637|non-instanced|1794974|17|1
84.40101|0.0118482|non-instanced|1794974|17|1
72.96606|0.013705|non-instanced|1794974|17|1
97.32266|0.0102751|non-instanced|1794974|17|1
42.3449|0.0236156|non-instanced|1794974|17|1
84.508|0.0118332|non-instanced|1794974|17|1
84.10638|0.0118897|non-instanced|1794974|17|1
80.96642|0.0123508|non-instanced|1794974|17|1
83.04063|0.0120423|non-instanced|1794974|17|1
82.64734|0.0120996|non-instanced|1436366|16|1
81.32199|0.0122968|non-instanced|1794974|17|1
83.22585|0.0120155|non-instanced|1794974|17|1
81.26711|0.0123051|non-instanced|1794974|17|1
82.55045|0.0121138|non-instanced|1794974|17|1
53.88572|0.01855779|non-instanced|1794974|17|1
68.79375|0.0145362|non-instanced|1436366|16|1
95.0905|0.0105163|non-instanced|1794974|17|1
58.30836|0.0171502|non-instanced|1794974|17|1
99.65018|0.01003511|non-instanced|1794974|17|1
50.00002|0.01999999|non-instanced|1436366|16|1
50.00002|0.01999999|non-instanced|1934|12|1
28.59177|0.0349751|non-instanced|1794974|17|1
75.53556|0.0132388|non-instanced|1794974|17|1
69.81873|0.0143228|non-instanced|1794974|17|1
56.98526|0.0175484|non-instanced|1794974|17|1
54.97376|0.0181905|non-instanced|1794974|17|1
48.24018|0.02072961|non-instanced|1794974|17|1
26.99209|0.0370479|non-instanced|1794974|17|1
98.37965|0.0101647|non-instanced|1794974|17|1
21.31051|0.0469252|non-instanced|1436366|16|1
50.00002|0.01999999|non-instanced|1794974|17|1
50.00002|0.01999999|non-instanced|1934|12|1
39.20278|0.0255084|non-instanced|1436366|16|1
77.3772|0.0129237|non-instanced|1794974|17|1
72.6264|0.0137691|non-instanced|1794974|17|1
62.66291|0.0159584|non-instanced|1794974|17|1
65.01401|0.0153813|non-instanced|1794974|17|1
63.08911|0.0158506|non-instanced|1794974|17|1
65.00428|0.0153836|non-instanced|1436366|16|1
63.82312|0.0156683|non-instanced|1794974|17|1
64.45502|0.0155147|non-instanced|1794974|17|1
63.09944|0.015848|non-instanced|1794974|17|1
62.12454|0.0160967|non-instanced|1794974|17|1
75.63666|0.0132211|non-instanced|1794974|17|1
74.60071|0.0134047|non-instanced|1794974|17|1
79.50329|0.0125781|non-instanced|1794974|17|1
77.4641|0.0129092|non-instanced|1794974|17|1
76.35162|0.0130973|non-instanced|1794974|17|1
78.09024|0.0128057|non-instanced|1794974|17|1
76.31375|0.0131038|non-instanced|1794974|17|1
76.26134|0.0131128|non-instanced|1794974|17|1
76.98111|0.0129902|non-instanced|1794974|17|1
77.94657|0.0128293|non-instanced|1794974|17|1
79.70544|0.01254619|non-instanced|1794974|17|1
75.28247|0.0132833|non-instanced|1794974|17|1
79.56653|0.0125681|non-instanced|1794974|17|1
76.02367|0.0131538|non-instanced|1794974|17|1
78.35085|0.0127631|non-instanced|1794974|17|1
104.068|0.009609099|non-instanced|1794974|17|1
130.7156|0.007650198|non-instanced|1794974|17|1
105.1867|0.009506902|non-instanced|1436366|17|1
93.48853|0.0106965|non-instanced|1436366|17|1
122.2748|0.008178302|non-instanced|1794974|17|1
96.98476|0.0103109|non-instanced|1794974|17|1
103.2375|0.009686402|non-instanced|1794974|17|1
119.4529|0.008371499|non-instanced|1794974|17|1
132.901|0.007524398|non-instanced|1794974|17|1
116.4619|0.008586501|non-instanced|1794974|17|1
120.4152|0.008304599|non-instanced|1794974|17|1
110.1491|0.0090786|non-instanced|1436366|17|1
103.6022|0.009652303|non-instanced|1794974|17|1
131.6829|0.007593998|non-instanced|1794974|17|1
129.8246|0.0077027|non-instanced|1794974|17|1
116.9563|0.008550199|non-instanced|1794974|17|1
121.8739|0.008205201|non-instanced|1794974|16|1
100.4147|0.009958702|non-instanced|1794974|17|1
122.1569|0.008186196|non-instanced|1794974|17|1
153.4635|0.006516206|non-instanced|1794974|17|1
136.8532|0.0073071|non-instanced|1794974|17|1
138.579|0.0072161|non-instanced|1794974|17|1
141.1393|0.007085197|non-instanced|1794974|17|1
125.6187|0.007960601|non-instanced|1794974|17|1
152.0103|0.0065785|non-instanced|1794974|17|1
100.8553|0.0099152|non-instanced|1794974|17|1
88.74612|0.0112681|non-instanced|1794974|17|1
144.1628|0.0069366|non-instanced|1794974|17|1
141.3947|0.007072399|non-instanced|1794974|17|1
147.022|0.006801701|non-instanced|1794974|17|1
142.7164|0.007006902|non-instanced|1794974|17|1
111.4306|0.008974199|non-instanced|1794974|17|1
76.91541|0.0130013|non-instanced|1794974|17|1
97.35294|0.0102719|non-instanced|1794974|17|1
109.5254|0.0091303|non-instanced|1794974|17|1
63.76942|0.0156815|non-instanced|1794974|17|1
64.70189|0.0154555|non-instanced|1794974|17|1
52.23186|0.0191454|non-instanced|1794974|17|1
59.03049|0.0169404|non-instanced|1794974|17|1
83.6456|0.0119552|non-instanced|1794974|17|1
78.57558|0.0127266|non-instanced|1794974|17|1
95.28163|0.0104952|non-instanced|1794974|17|1
88.28078|0.01132749|non-instanced|1794974|17|1
97.81958|0.0102229|non-instanced|1794974|17|1
119.7576|0.008350198|non-instanced|1794974|17|1
124.375|0.0080402|non-instanced|1794974|17|1
95.98772|0.010418|non-instanced|1794974|17|1
121.2738|0.008245805|non-instanced|1794974|17|1
117.7399|0.008493297|non-instanced|1794974|17|1
125.2536|0.007983801|non-instanced|1794974|17|1
108.6508|0.009203798|non-instanced|1794974|17|1
123.0482|0.008126899|non-instanced|1794974|17|1
91.74813|0.0108994|non-instanced|1794974|17|1
114.8594|0.0087063|non-instanced|1794974|17|1
118.3544|0.0084492|non-instanced|1436366|17|1
88.9775|0.0112388|non-instanced|1794974|17|1
122.1224|0.008188507|non-instanced|1794974|17|1
113.7139|0.008793998|non-instanced|1794974|17|1
127.3463|0.007852601|non-instanced|1794974|17|1
125.9367|0.007940497|non-instanced|1794974|17|1
105.5899|0.0094706|non-instanced|1794974|17|1
109.0965|0.009166199|non-instanced|1794974|17|1
87.87421|0.0113799|non-instanced|1794974|17|1
110.5681|0.009044196|non-instanced|1794974|17|1
126.435|0.007909205|non-instanced|1794974|17|1
99.82732|0.0100173|non-instanced|1794974|17|1
82.03445|0.01219|non-instanced|1794974|17|1
65.1695|0.0153446|non-instanced|1794974|17|1
52.80807|0.0189365|non-instanced|1794974|17|1
27.16712|0.0368092|non-instanced|1794974|17|1
57.8687|0.0172805|non-instanced|1794974|17|1
81.34909|0.0122927|non-instanced|1794974|17|1
89.90785|0.0111225|non-instanced|1794974|17|1
115.3948|0.008665902|non-instanced|1794974|17|1
96.09655|0.0104062|non-instanced|1794974|17|1
122.3227|0.008175099|non-instanced|1794974|17|1
123.7517|0.008080698|non-instanced|1794974|17|1
124.2297|0.008049604|non-instanced|1794974|17|1
101.0244|0.009898597|non-instanced|1794974|17|1
79.18343|0.0126289|non-instanced|1794974|17|1
73.79912|0.0135503|non-instanced|1794974|17|1
72.73046|0.0137494|non-instanced|1794974|17|1
93.48413|0.010697|non-instanced|1794974|17|1
87.68469|0.0114045|non-instanced|1794974|17|1
81.52084|0.0122668|non-instanced|1794974|17|1
76.61366|0.0130525|non-instanced|1794974|17|1
91.38346|0.0109429|non-instanced|1794974|17|1
82.70478|0.0120912|non-instanced|1794974|17|1
85.86715|0.0116459|non-instanced|1794974|17|1
79.87923|0.0125189|non-instanced|1794974|17|1
69.25591|0.0144392|non-instanced|1794974|17|1
78.48245|0.0127417|non-instanced|1794974|17|1
76.47889|0.0130755|non-instanced|1794974|17|1
86.06966|0.01161849|non-instanced|1794974|17|1
76.3522|0.0130972|non-instanced|1794974|17|1
111.5001|0.008968601|non-instanced|1794974|17|1
113.3298|0.008823803|non-instanced|1794974|17|1
99.12082|0.0100887|non-instanced|1794974|17|1
91.35092|0.0109468|non-instanced|1794974|17|1
97.0779|0.01030101|non-instanced|1794974|17|1
88.73746|0.0112692|non-instanced|1794974|17|1
95.79095|0.0104394|non-instanced|1794974|17|1
107.1065|0.0093365|non-instanced|1794974|17|1
102.2463|0.009780301|non-instanced|1794974|17|1
104.7285|0.009548497|non-instanced|1794974|17|1
89.64188|0.0111555|non-instanced|1794974|17|1
103.229|0.009687202|non-instanced|1794974|17|1
84.26801|0.0118669|non-instanced|1794974|17|1
111.1605|0.008996003|non-instanced|1794974|17|1
101.9077|0.009812797|non-instanced|1794974|17|1
93.33581|0.010714|non-instanced|1794974|17|1
108.7395|0.009196294|non-instanced|1794974|17|1
85.84129|0.0116494|non-instanced|1794974|17|1
103.2035|0.009689597|non-instanced|1794974|17|1
100.4702|0.009953203|non-instanced|1794974|17|1
98.4097|0.0101616|non-instanced|1794974|17|1
90.94301|0.0109959|non-instanced|1794974|17|1
90.08929|0.0111001|non-instanced|1794974|17|1
109.3637|0.0091438|non-instanced|1794974|17|1
93.01197|0.0107513|non-instanced|1794974|17|1
100.5885|0.009941497|non-instanced|1794974|17|1
97.46684|0.0102599|non-instanced|1794974|17|1
109.9517|0.009094905|non-instanced|1794974|17|1
105.1658|0.009508794|non-instanced|1794974|17|1
108.613|0.009207001|non-instanced|1436366|16|1
98.18259|0.0101851|non-instanced|1794974|17|1
115.8064|0.008635098|non-instanced|1794974|17|1
99.88315|0.0100117|non-instanced|1436366|16|1
77.03448|0.0129812|non-instanced|1436366|16|1
107.8399|0.009273002|non-instanced|1794974|17|1
88.33455|0.0113206|non-instanced|1794974|17|1
99.69298|0.0100308|non-instanced|1794974|17|1
76.35277|0.0130971|non-instanced|1436366|16|1
124.7396|0.008016702|non-instanced|1794974|17|1
130.1999|0.007680499|non-instanced|1794974|17|1
115.7555|0.008638896|non-instanced|1794974|17|1
112.0034|0.008928302|non-instanced|1794974|17|1
115.1808|0.008682001|non-instanced|1794974|17|1
113.434|0.008815703|non-instanced|1794974|17|1
109.4847|0.009133695|non-instanced|1436366|17|1
111.1136|0.008999801|non-instanced|1794974|17|1
124.9781|0.008001403|non-instanced|1794974|17|1
122.127|0.008188195|non-instanced|1794974|17|1
121.6633|0.008219402|non-instanced|1794974|17|1
116.5909|0.008576998|non-instanced|1794974|17|1
127.4226|0.007847902|non-instanced|1794974|17|1
124.5438|0.008029302|non-instanced|1436366|17|1
106.7999|0.009363301|non-instanced|1794974|17|1
115.0418|0.008692496|non-instanced|1794974|17|1
121.0008|0.008264407|non-instanced|1794974|17|1
106.0704|0.0094277|non-instanced|1794974|17|1
102.7771|0.009729797|non-instanced|1794974|17|1
117.708|0.008495599|non-instanced|1794974|17|1
119.8394|0.008344501|non-instanced|1794974|17|1
120.1909|0.008320096|non-instanced|1794974|17|1
118.3501|0.008449504|non-instanced|1794974|17|1
142.0394|0.007040299|non-instanced|1794974|17|1
129.7505|0.0077071|non-instanced|1794974|17|1
131.5651|0.007600801|non-instanced|1794974|17|1
115.4935|0.008658497|non-instanced|1794974|17|1
115.8252|0.008633702|non-instanced|1794974|17|1
132.5802|0.007542602|non-instanced|1794974|17|1
121.5584|0.008226495|non-instanced|1794974|17|1
117.8494|0.008485403|non-instanced|1794974|17|1
117.8064|0.0084885|non-instanced|1794974|17|1
126.2515|0.007920698|non-instanced|1794974|17|1
123.8145|0.008076602|non-instanced|1794974|17|1
146.3764|0.006831704|non-instanced|1794974|17|1
134.6149|0.0074286|non-instanced|1794974|17|1
136.6643|0.007317198|non-instanced|1794974|17|1
133.8993|0.007468297|non-instanced|1794974|17|1
119.0334|0.008401006|non-instanced|1794974|17|1
119.3645|0.0083777|non-instanced|1794974|17|1
99.60059|0.0100401|non-instanced|1794974|17|1
105.5053|0.009478196|non-instanced|1794974|17|1
141.1472|0.0070848|non-instanced|1794974|17|1
118.9499|0.008406902|non-instanced|1794974|17|1
153.7303|0.006504897|non-instanced|1794974|17|1
121.1372|0.008255102|non-instanced|1794974|17|1
120.4297|0.008303599|non-instanced|1794974|17|1
119.1142|0.008395302|non-instanced|1794974|17|1
113.6997|0.008795097|non-instanced|1794974|17|1
119.2122|0.0083884|non-instanced|1794974|17|1
129.2173|0.007738903|non-instanced|1794974|17|1
117.7288|0.008494097|non-instanced|1794974|17|1
117.2965|0.008525404|non-instanced|1794974|17|1
105.6246|0.009467496|non-instanced|1794974|17|1
133.1718|0.007509099|non-instanced|1794974|17|1
122.6091|0.008156002|non-instanced|1794974|17|1
127.0761|0.007869302|non-instanced|1794974|17|1
116.6712|0.008571096|non-instanced|1794974|17|1
123.698|0.008084205|non-instanced|1794974|17|1
112.6013|0.008880896|non-instanced|1794974|17|1
128|0.0078125|non-instanced|1794974|17|1
118.8495|0.008414002|non-instanced|1794974|17|1
119.3075|0.008381704|non-instanced|1794974|16|1
120.5706|0.008293899|non-instanced|1794974|17|1
114.5423|0.008730399|non-instanced|1794974|17|1
118.6916|0.008425198|non-instanced|1794974|17|1
128.4505|0.007785098|non-instanced|1794974|17|1
118.9768|0.008405003|non-instanced|1794974|17|1
122.6347|0.008154301|non-instanced|1794974|17|1
117.9092|0.008481101|non-instanced|1794974|17|1
121.5732|0.008225496|non-instanced|1794974|17|1
108.0462|0.0092553|non-instanced|1794974|17|1
128.0869|0.007807199|non-instanced|1794974|17|1
120.4369|0.008303104|non-instanced|1794974|17|1
125.9907|0.007937096|non-instanced|1794974|17|1
117.9147|0.008480704|non-instanced|1794974|17|1
114.1774|0.008758298|non-instanced|1794974|17|1
129.828|0.007702501|non-instanced|1794974|17|1
119.3118|0.008381398|non-instanced|1794974|17|1
102.9506|0.0097134|non-instanced|1794974|17|1
116.298|0.008598597|non-instanced|1794974|17|1
145.4503|0.006875198|non-instanced|1794974|17|1
114.1409|0.008761104|non-instanced|1794974|17|1
128.3138|0.007793396|non-instanced|1794974|17|1
119.7073|0.008353706|non-instanced|1794974|17|1
121.2753|0.008245699|non-instanced|1794974|17|1
120.588|0.008292701|non-instanced|1794974|17|1
118.6733|0.008426495|non-instanced|1794974|17|1
117.2374|0.008529705|non-instanced|1794974|16|1
119.7203|0.008352799|non-instanced|1794974|17|1
120.6419|0.008288995|non-instanced|1794974|17|1
122.0107|0.008196004|non-instanced|1794974|17|1
121.5747|0.008225397|non-instanced|1794974|17|1
113.7488|0.008791305|non-instanced|1794974|17|1
125.3244|0.007979294|non-instanced|1794974|17|1
48.30101|0.0207035|non-instanced|1794974|17|1
101.749|0.009828104|non-instanced|1794974|17|1
137.9292|0.007250099|non-instanced|1794974|17|1
62.66764|0.0159572|non-instanced|1794974|17|1
121.0639|0.008260097|non-instanced|1794974|17|1
120.6272|0.008290001|non-instanced|1794974|17|1
119.7476|0.0083509|non-instanced|1794974|17|1
120.35|0.008309099|non-instanced|1794974|17|1
120.379|0.0083071|non-instanced|1794974|17|1
118.7225|0.008423002|non-instanced|1794974|17|1
34.86775|0.0286798|non-instanced|1794974|17|1
50.00002|0.01999999|non-instanced|1686|7|1
50.00002|0.01999999|non-instanced|1796666|24|1
14.57082|0.0686303|non-instanced|1796914|29|1
65.6461|0.0152332|non-instanced|1796914|29|1
6.244045|0.1601526|non-instanced|1794974|17|1
128.629|0.007774299|non-instanced|1794974|17|1
87.83023|0.0113856|non-instanced|1794974|17|1
88.4705|0.0113032|non-instanced|1794974|17|1
76.85982|0.0130107|non-instanced|1794974|17|1
87.6739|0.0114059|non-instanced|1794974|16|1
66.54379|0.0150277|non-instanced|1794974|17|1
66.65514|0.01500259|non-instanced|1794974|17|1
65.28947|0.0153164|non-instanced|1794974|17|1
66.32794|0.0150766|non-instanced|1794974|17|1
63.61768|0.0157189|non-instanced|1794974|17|1
64.07957|0.0156056|non-instanced|1436366|16|1
68.24308|0.0146535|non-instanced|1436366|17|1
64.57612|0.0154856|non-instanced|1794974|17|1
64.9798|0.0153894|non-instanced|1794974|17|1
64.81512|0.0154285|non-instanced|1436366|17|1
64.85085|0.01542|non-instanced|1436366|16|1
64.0775|0.0156061|non-instanced|1794974|17|1
72.6818|0.0137586|non-instanced|1794974|17|1
69.26934|0.0144364|non-instanced|1794974|16|1
70.24002|0.0142369|non-instanced|1794974|17|1
69.22381|0.0144459|non-instanced|1794974|17|1
70.97785|0.0140889|non-instanced|1794974|17|1
70.36902|0.0142108|non-instanced|1794974|17|1
69.27464|0.0144353|non-instanced|1794974|17|1
70.69733|0.01414481|non-instanced|1794974|17|1
80.48872|0.0124241|non-instanced|1794974|17|1
78.865|0.0126799|non-instanced|1794974|17|1
84.09792|0.0118909|non-instanced|1794974|17|1
43.49831|0.0229894|non-instanced|1794974|17|1
44.44386|0.0225003|non-instanced|1794974|17|1
42.26132|0.0236623|non-instanced|1794974|17|1
66.21199|0.015103|non-instanced|1794974|17|1
63.33685|0.0157886|non-instanced|1794974|17|1
82.78697|0.0120792|non-instanced|1794974|17|1
61.8364|0.0161717|non-instanced|1794974|17|1
119.9817|0.008334601|non-instanced|1794974|17|1
156.1597|0.006403699|non-instanced|1794974|17|1
105.9132|0.009441695|non-instanced|1794974|17|1
85.41019|0.01170821|non-instanced|1794974|17|1
72.68555|0.01375789|non-instanced|1794974|17|1
65.48444|0.0152708|non-instanced|1794974|17|1
64.82059|0.0154272|non-instanced|1436366|16|1
99.98901|0.0100011|non-instanced|1794974|17|1
123.718|0.008082901|non-instanced|1794974|17|1
115.3163|0.008671804|non-instanced|1794974|17|1
129.6681|0.007711997|non-instanced|1794974|17|1
92.62176|0.0107966|non-instanced|1794974|17|1
90.51986|0.0110473|non-instanced|1794974|17|1
71.43367|0.013999|non-instanced|1794974|17|1
121.0522|0.008260898|non-instanced|1794974|17|1
111.0482|0.009005102|non-instanced|1794974|17|1
106.2428|0.0094124|non-instanced|1794974|17|1
110.6537|0.009037202|non-instanced|1794974|17|1
107.1766|0.009330399|non-instanced|1794974|17|1
107.7041|0.009284701|non-instanced|1794974|17|1
107.6403|0.0092902|non-instanced|1794974|17|1
106.5326|0.009386798|non-instanced|1794974|17|1
109.9421|0.009095699|non-instanced|1794974|17|1
108.4352|0.009222101|non-instanced|1794974|17|1
109.9276|0.009096896|non-instanced|1794974|17|1
106.7874|0.009364399|non-instanced|1794974|17|1
119.4943|0.008368601|non-instanced|1794974|17|1
121.551|0.008226998|non-instanced|1794974|17|1
95.26259|0.0104973|non-instanced|1794974|17|1
106.6496|0.009376503|non-instanced|1794974|17|1
101.2422|0.009877303|non-instanced|1794974|17|1
116.466|0.008586196|non-instanced|1794974|17|1
125.832|0.007947102|non-instanced|1794974|17|1
127.4778|0.007844501|non-instanced|1794974|17|1
134.3436|0.007443601|non-instanced|1794974|17|1
106.2564|0.009411196|non-instanced|1794974|17|1
131.4924|0.007605003|non-instanced|1794974|17|1
78.79102|0.0126918|non-instanced|1794974|17|1
85.58713|0.011684|non-instanced|1794974|17|1
113.9979|0.008772095|non-instanced|1794974|17|1
112.6582|0.008876403|non-instanced|1794974|17|1
89.71021|0.011147|non-instanced|1794974|17|1
77.02679|0.0129825|non-instanced|1794974|17|1
73.36058|0.0136313|non-instanced|1794974|17|1
86.59055|0.0115486|non-instanced|1794974|17|1
56.8353|0.0175947|non-instanced|1794974|17|1
89.35277|0.0111916|non-instanced|1794974|17|1
118.4946|0.008439201|non-instanced|1794974|17|1
118.1195|0.008466001|non-instanced|1794974|17|1
101.5672|0.009845698|non-instanced|1794974|17|1
51.0613|0.0195843|non-instanced|1794974|17|1
98.1432|0.01018919|non-instanced|1794974|17|1
99.34726|0.0100657|non-instanced|1794974|17|1
133.2162|0.007506597|non-instanced|1794974|17|1
148.8028|0.006720302|non-instanced|1794974|17|1
65.33128|0.0153066|non-instanced|1794974|17|1
73.11546|0.013677|non-instanced|1794974|17|1
47.95911|0.0208511|non-instanced|1794974|17|1
63.04495|0.0158617|non-instanced|1794974|16|1
122.369|0.008172003|non-instanced|1794974|16|1
103.7668|0.009636997|non-instanced|1436366|17|1
109.0655|0.0091688|non-instanced|1794974|16|1
142.8816|0.006998803|non-instanced|1794974|17|1
60.71424|0.0164706|non-instanced|1794974|17|1
60.21556|0.016607|non-instanced|1794974|17|1
152.8351|0.006542999|non-instanced|1794974|17|1
69.00453|0.0144918|non-instanced|1794974|17|1
115.2166|0.008679301|non-instanced|1794974|17|1
118.731|0.008422399|non-instanced|1794974|17|1
131.3042|0.007615902|non-instanced|1794974|17|1
154.5261|0.0064714|non-instanced|1436366|16|1
82.36559|0.01214099|non-instanced|1794974|17|1
72.21465|0.01384761|non-instanced|1794974|17|1
52.90054|0.0189034|non-instanced|1794974|17|1
98.09019|0.0101947|non-instanced|1794974|17|1
117.1249|0.008537897|non-instanced|1794974|17|1
106.686|0.0093733|non-instanced|1794974|17|1
136.2434|0.007339803|non-instanced|1794974|17|1
134.4321|0.007438697|non-instanced|1794974|17|1
86.40875|0.0115729|non-instanced|1794974|17|1
102.8383|0.009724|non-instanced|1794974|17|1
100.6776|0.009932696|non-instanced|1436366|16|1
94.03888|0.0106339|non-instanced|1794974|17|1
63.81377|0.0156706|non-instanced|1794974|17|1
74.38095|0.0134443|non-instanced|1794974|17|1
40.54065|0.0246666|non-instanced|1794974|17|1
61.68385|0.0162117|non-instanced|1794974|17|1
91.44196|0.0109359|non-instanced|1794974|17|1
76.98228|0.01299|non-instanced|1794974|17|1
46.29116|0.0216024|non-instanced|1794974|17|1
54.13598|0.018472|non-instanced|1794974|17|1
56.69223|0.0176391|non-instanced|1794974|17|1
66.71738|0.0149886|non-instanced|1436366|17|1
90.80345|0.0110128|non-instanced|1794974|17|1
103.7764|0.009636104|non-instanced|1794974|17|1
94.60113|0.0105707|non-instanced|1794974|17|1
111.4554|0.008972201|non-instanced|1794974|16|1
106.7635|0.009366496|non-instanced|1794974|17|1
106.5303|0.009387004|non-instanced|1794974|17|1
120.4413|0.008302799|non-instanced|1794974|17|1
109.1025|0.009165696|non-instanced|1794974|17|1
84.96536|0.0117695|non-instanced|1794974|17|1
65.83972|0.0151884|non-instanced|1794974|17|1
67.82417|0.01474401|non-instanced|1794974|17|1
71.9668|0.01389529|non-instanced|1794974|17|1
72.65224|0.0137642|non-instanced|1794974|17|1
83.92217|0.0119158|non-instanced|1794974|17|1
108.2415|0.009238598|non-instanced|1794974|17|1
117.426|0.008516001|non-instanced|1794974|17|1
119.8624|0.008342899|non-instanced|1794974|17|1
115.0801|0.008689597|non-instanced|1794974|17|1
97.83775|0.010221|non-instanced|1794974|17|1
114.7539|0.0087143|non-instanced|1794974|16|1
111.652|0.008956399|non-instanced|1794974|17|1
108.6945|0.009200099|non-instanced|1436366|16|1
80.65622|0.0123983|non-instanced|1794974|17|1
98.25204|0.01017791|non-instanced|1794974|17|1
106.7225|0.009370096|non-instanced|1794974|17|1
101.3182|0.009869898|non-instanced|1436366|16|1
82.76022|0.0120831|non-instanced|1436368|16|1
93.91521|0.0106479|non-instanced|1794974|17|1
105.2343|0.009502601|non-instanced|1436366|16|1
88.4705|0.0113032|non-instanced|1794974|17|1
100.4349|0.009956696|non-instanced|1794974|17|1
110.2803|0.009067801|non-instanced|1436366|16|1
101.689|0.0098339|non-instanced|1436366|16|1
26.40641|0.0378696|non-instanced|1794974|17|1
48.63671|0.0205606|non-instanced|6815486|31|4
70.49451|0.0141855|non-instanced|6815486|31|4
86.32301|0.0115844|non-instanced|6098270|30|4
81.03071|0.012341|non-instanced|6098270|30|4
60.70356|0.0164735|non-instanced|7174094|32|4
80.03838|0.01249401|non-instanced|7174094|32|4
100.6786|0.009932596|non-instanced|6815486|31|4
78.67137|0.0127111|non-instanced|6456878|30|4
80.28327|0.0124559|non-instanced|6456878|29|4
75.2066|0.0132967|non-instanced|7174094|31|4
69.76472|0.01433389|non-instanced|7174094|32|4
83.02544|0.0120445|non-instanced|7174094|31|4
92.69038|0.01078861|non-instanced|7174094|32|4
102.6147|0.009745196|non-instanced|7174094|32|4
101.7066|0.0098322|non-instanced|7174094|32|4
75.69735|0.0132105|non-instanced|6815486|31|4
86.77243|0.0115244|non-instanced|7174094|31|4
99.64821|0.0100353|non-instanced|6815486|32|4
78.96213|0.0126643|non-instanced|7174094|32|4
96.16309|0.010399|non-instanced|6815486|31|4
89.13931|0.0112184|non-instanced|7174094|31|4
79.32542|0.0126063|non-instanced|6456878|31|4
80.27806|0.0124567|non-instanced|7174094|32|4
103.7678|0.009636898|non-instanced|7174094|32|4
114.7289|0.008716199|non-instanced|7174094|32|4
119.1895|0.008390001|non-instanced|7174094|32|4
96.06516|0.0104096|non-instanced|6815486|32|4
76.36971|0.0130942|non-instanced|7174094|32|4
95.19453|0.0105048|non-instanced|7174094|32|4
91.90839|0.0108804|non-instanced|7174094|32|4
90.05519|0.0111043|non-instanced|7174094|32|4
106.9084|0.009353798|non-instanced|7174094|32|4
108.1946|0.009242602|non-instanced|7174094|32|4
118.4596|0.008441695|non-instanced|6815486|31|4
78.76556|0.0126959|non-instanced|6815486|31|4
82.52323|0.0121178|non-instanced|7174094|32|4
100.2406|0.009976|non-instanced|7174094|32|4
92.0497|0.0108637|non-instanced|7174094|32|4
88.94502|0.0112429|non-instanced|7174094|32|4
85.35625|0.0117156|non-instanced|6815486|31|4
87.22353|0.0114648|non-instanced|7174094|32|4
79.99614|0.0125006|non-instanced|7174094|30|4
81.98402|0.0121975|non-instanced|7174094|32|4
79.70666|0.012546|non-instanced|7174094|31|4
74.04831|0.0135047|non-instanced|7174094|31|4
86.54186|0.0115551|non-instanced|7174094|32|4
79.86074|0.0125218|non-instanced|7174094|32|4
81.38615|0.0122871|non-instanced|7174094|32|4
80.29099|0.0124547|non-instanced|7174094|32|4
79.6489|0.0125551|non-instanced|7174094|32|4
69.23148|0.0144443|non-instanced|7174094|32|4
70.70483|0.0141433|non-instanced|7174094|32|4
69.5019|0.0143881|non-instanced|7174094|32|4
69.81339|0.0143239|non-instanced|6815486|30|4
70.32893|0.0142189|non-instanced|7174094|32|4
70.68684|0.0141469|non-instanced|7174094|32|4
56.78206|0.0176112|non-instanced|6456878|30|4
76.52045|0.0130684|non-instanced|7174094|31|4
69.34668|0.0144203|non-instanced|7174094|32|4
59.85086|0.0167082|non-instanced|6815486|31|4
60.21266|0.0166078|non-instanced|7174094|32|4
62.31696|0.016047|non-instanced|7174094|32|4
60.58403|0.016506|non-instanced|7174094|32|4
59.64915|0.0167647|non-instanced|7174094|32|4
52.07438|0.0192033|non-instanced|7174094|32|4
55.45021|0.0180342|non-instanced|7174094|32|4
53.28728|0.01876621|non-instanced|6815486|32|4
53.41881|0.01872|non-instanced|7174094|32|4
53.71058|0.0186183|non-instanced|7174094|32|4
51.7569|0.0193211|non-instanced|6815486|32|4
51.21193|0.0195267|non-instanced|7174094|32|4
50.91183|0.0196418|non-instanced|7174094|32|4
50.26819|0.0198933|non-instanced|16139294|57|9
25.23959|0.0396203|non-instanced|16139294|57|9
50.23787|0.0199053|non-instanced|16139294|57|9
49.79113|0.0200839|non-instanced|16139294|57|9
49.36639|0.0202567|non-instanced|16139294|57|9
48.89066|0.02045381|non-instanced|16139294|57|9
50.20006|0.0199203|non-instanced|16139294|57|9
49.63567|0.0201468|non-instanced|15422078|56|9
50.52751|0.0197912|non-instanced|15422078|56|9
24.85188|0.0402384|non-instanced|16139294|57|9
50.75885|0.019701|non-instanced|16139294|57|9
50.8994|0.0196466|non-instanced|16139294|57|9
52.38372|0.0190899|non-instanced|16139294|57|9
52.72538|0.0189662|non-instanced|15780686|56|9
52.54639|0.0190308|non-instanced|15422078|55|9
52.10477|0.0191921|non-instanced|16139294|57|9
53.11973|0.0188254|non-instanced|16139294|56|9
52.57318|0.0190211|non-instanced|16139294|57|9
54.86337|0.0182271|non-instanced|16139294|57|9
55.39644|0.0180517|non-instanced|16139294|57|9
55.63313|0.0179749|non-instanced|16139294|57|9
55.43914|0.0180378|non-instanced|16139294|57|9
54.85492|0.0182299|non-instanced|15422078|56|9
55.5127|0.0180139|non-instanced|16139294|57|9
57.50628|0.01738941|non-instanced|16139294|57|9
59.05072|0.01693459|non-instanced|16139294|57|9
57.94749|0.017257|non-instanced|16139294|56|9
58.33421|0.0171426|non-instanced|15780686|56|9
57.60303|0.0173602|non-instanced|16139294|56|9
58.79758|0.0170075|non-instanced|16139294|57|9
60.73565|0.0164648|non-instanced|16139294|57|9
62.64602|0.01596271|non-instanced|16139294|57|9
61.20439|0.0163387|non-instanced|16139294|57|9
61.12581|0.0163597|non-instanced|16139294|57|9
62.58684|0.0159778|non-instanced|16139294|57|9
61.42016|0.0162813|non-instanced|16139294|57|9
61.55059|0.0162468|non-instanced|16139294|57|9
65.13937|0.0153517|non-instanced|16139294|55|9
66.03712|0.015143|non-instanced|16139294|57|9
65.66634|0.0152285|non-instanced|16139294|57|9
66.13668|0.0151202|non-instanced|16139294|57|9
65.49261|0.0152689|non-instanced|16139294|57|9
65.54929|0.0152557|non-instanced|16139294|57|9
65.20052|0.0153373|non-instanced|16139294|57|9
71.44593|0.0139966|non-instanced|16139294|57|9
70.04221|0.0142771|non-instanced|16139294|57|9
71.06008|0.0140726|non-instanced|16139294|57|9
71.10252|0.0140642|non-instanced|16139294|57|9
67.79984|0.0147493|non-instanced|16139294|57|9
72.48792|0.0137954|non-instanced|16139294|57|9
70.74837|0.0141346|non-instanced|16139294|57|9
71.3715|0.0140112|non-instanced|16139294|57|9
41.28137|0.024224|non-instanced|16139294|57|9
88.01341|0.0113619|non-instanced|16139294|57|9
94.52154|0.0105796|non-instanced|16139294|57|9
96.58662|0.0103534|non-instanced|16139294|57|9
74.69825|0.01338719|non-instanced|16139294|57|9
86.2158|0.0115988|non-instanced|16139294|57|9
92.97569|0.0107555|non-instanced|15780686|57|9
45.57262|0.021943|non-instanced|16139294|57|9
85.25003|0.0117302|non-instanced|16139294|57|9
96.75575|0.0103353|non-instanced|16139294|57|9
98.33132|0.0101697|non-instanced|16139294|57|9
83.01308|0.01204629|non-instanced|16139294|57|9
85.2711|0.0117273|non-instanced|16139294|57|9
50.90017|0.0196463|non-instanced|16139294|57|9
70.87525|0.0141093|non-instanced|16139294|57|9
90.00735|0.0111102|non-instanced|16139294|57|9
96.12339|0.0104033|non-instanced|16139294|57|16
45.53817|0.0219596|non-instanced|28690576|92|16
59.70362|0.0167494|non-instanced|28690576|92|16
60.19456|0.0166128|non-instanced|28690576|92|16
58.8187|0.0170014|non-instanced|28690576|92|16
61.38847|0.0162897|non-instanced|28690576|92|16
61.71239|0.0162042|non-instanced|28690576|92|16
60.23662|0.0166012|non-instanced|28690576|92|16
61.51574|0.016256|non-instanced|28331968|90|16
59.59761|0.0167792|non-instanced|28331968|90|16
60.42112|0.0165505|non-instanced|28690576|92|16
61.87699|0.0161611|non-instanced|28690576|92|16
60.97263|0.0164008|non-instanced|28331968|91|16
62.66174|0.0159587|non-instanced|28331968|91|16
61.88808|0.0161582|non-instanced|28690576|92|16
63.09188|0.0158499|non-instanced|28690576|92|16
61.95634|0.0161404|non-instanced|28690576|92|16
62.82946|0.0159161|non-instanced|28690576|92|16
62.25563|0.01606281|non-instanced|28690576|92|16
62.67195|0.0159561|non-instanced|27256144|89|16
62.64841|0.0159621|non-instanced|28690576|92|16
63.2527|0.0158096|non-instanced|28690576|92|16
62.97189|0.0158801|non-instanced|28690576|92|16
62.15815|0.016088|non-instanced|28690576|92|16
64.54401|0.0154933|non-instanced|28690576|91|16
62.54341|0.0159889|non-instanced|27973360|91|16
62.97307|0.0158798|non-instanced|28331968|91|16
64.67218|0.0154626|non-instanced|28690576|92|16
63.71376|0.0156952|non-instanced|28690576|92|16
63.76412|0.0156828|non-instanced|28690576|92|16
63.1397|0.0158379|non-instanced|28690576|92|16
54.41911|0.0183759|non-instanced|28690576|92|16
64.16301|0.0155853|non-instanced|28690576|92|16
63.91368|0.0156461|non-instanced|28690576|92|16
64.15933|0.0155862|non-instanced|28690576|92|16
62.49335|0.0160017|non-instanced|28690576|92|16
66.01052|0.0151491|non-instanced|28690576|92|16
65.12535|0.015355|non-instanced|27973360|92|16
64.85044|0.0154201|non-instanced|28690576|91|16
66.73205|0.0149853|non-instanced|28690576|92|16
65.41507|0.015287|non-instanced|28690576|92|16
64.36993|0.0155352|non-instanced|28331968|92|16
64.58989|0.0154823|non-instanced|28690576|92|16
65.23159|0.01533|non-instanced|28690576|92|16
64.46788|0.0155116|non-instanced|28690576|92|16
65.79769|0.0151981|non-instanced|28690576|92|16
65.86661|0.0151822|non-instanced|28690576|92|16
65.9796|0.0151562|non-instanced|28331968|91|16
65.59914|0.0152441|non-instanced|28331968|91|16
65.87833|0.0151795|non-instanced|28690576|92|16
65.12962|0.015354|non-instanced|28331968|92|16
65.98873|0.0151541|non-instanced|28690576|92|16
65.89527|0.01517559|non-instanced|28690576|92|16
65.37913|0.0152954|non-instanced|28690576|92|16
65.85619|0.0151846|non-instanced|28690576|92|16
65.17841|0.0153425|non-instanced|28690576|92|16
66.4505|0.0150488|non-instanced|28690576|92|16
66.04321|0.0151416|non-instanced|28690576|92|16
67.00301|0.0149247|non-instanced|28690576|91|16
66.40682|0.01505869|non-instanced|28690576|92|16
67.02953|0.0149188|non-instanced|28690576|92|16
66.34201|0.01507341|non-instanced|28690576|92|16
66.69159|0.01499439|non-instanced|28331968|88|16
66.25719|0.0150927|non-instanced|28690576|92|16
68.35785|0.0146289|non-instanced|28690576|92|16
67.27346|0.0148647|non-instanced|28690576|92|16
66.98237|0.0149293|non-instanced|28690576|92|25
44.00808|0.0227231|non-instanced|44827936|137|25
44.81532|0.0223138|non-instanced|44827936|137|25
44.8682|0.0222875|non-instanced|44469328|136|25
45.97616|0.0217504|non-instanced|44469328|137|25
44.61219|0.0224154|non-instanced|44827936|137|25
44.75374|0.0223445|non-instanced|44827936|137|25
44.7822|0.0223303|non-instanced|44110720|134|25
45.03674|0.0222041|non-instanced|44110720|134|25
41.46194|0.0241185|non-instanced|44827936|137|25
43.31311|0.0230877|non-instanced|44827936|137|25
45.52718|0.0219649|non-instanced|44827936|137|25
45.35395|0.0220488|non-instanced|44827936|137|25
45.0822|0.0221817|non-instanced|44827936|137|25
44.9794|0.0222324|non-instanced|44827936|137|25
45.16365|0.0221417|non-instanced|44827936|137|25
45.18691|0.0221303|non-instanced|44469328|137|25
45.07693|0.0221843|non-instanced|44827936|137|25
45.46693|0.02199401|non-instanced|44110720|135|25
45.19366|0.022127|non-instanced|44827936|137|25
45.03592|0.0222045|non-instanced|44827936|137|25
45.31223|0.0220691|non-instanced|44827936|137|25
45.17202|0.0221376|non-instanced|44827936|137|25
47.38437|0.021104|non-instanced|44827936|137|25
46.06427|0.0217088|non-instanced|44827936|137|25
45.60088|0.0219294|non-instanced|44827936|137|25
45.99817|0.02174|non-instanced|44827936|137|25
45.43968|0.0220072|non-instanced|44827936|137|25
46.0649|0.0217085|non-instanced|44827936|137|25
45.62627|0.0219172|non-instanced|44827936|137|25
46.07976|0.0217015|non-instanced|44827936|137|25
45.69945|0.0218821|non-instanced|44469328|136|25
46.01086|0.021734|non-instanced|44827936|137|25
46.72962|0.0213997|non-instanced|44469328|136|25
46.16167|0.021663|non-instanced|44827936|137|25
46.15228|0.0216674|non-instanced|44827936|137|25
46.58813|0.0214647|non-instanced|44827936|137|25
46.42634|0.0215395|non-instanced|44827936|137|25
46.4846|0.0215125|non-instanced|44827936|137|25
46.19727|0.0216463|non-instanced|44827936|137|25
46.13036|0.0216777|non-instanced|44827936|137|25
46.36306|0.0215689|non-instanced|44469328|135|25
46.53175|0.0214907|non-instanced|44827936|137|25
46.34414|0.0215777|non-instanced|44827936|137|25
46.46235|0.0215228|non-instanced|44827936|137|25
46.30959|0.0215938|non-instanced|44827936|136|25
46.27916|0.021608|non-instanced|44469328|136|25
46.3377|0.0215807|non-instanced|44469328|137|25
46.15676|0.0216653|non-instanced|43752112|134|25
46.30486|0.021596|non-instanced|43752112|134|36
32.62505|0.0306513|non-instanced|64192768|191|36
32.88943|0.0304049|non-instanced|64551376|191|36
33.15804|0.0301586|non-instanced|64551376|192|36
33.37149|0.0299657|non-instanced|64551376|192|36
33.50758|0.029844|non-instanced|64551376|192|36
33.33978|0.0299942|non-instanced|64551376|192|36
32.74492|0.03053909|non-instanced|64551376|192|36
33.19524|0.0301248|non-instanced|64192768|191|36
33.23949|0.0300847|non-instanced|64551376|192|36
33.24347|0.0300811|non-instanced|64551376|192|36
33.09648|0.0302147|non-instanced|64551376|192|36
33.53802|0.0298169|non-instanced|64192768|191|36
33.12608|0.0301877|non-instanced|64551376|192|36
34.52013|0.0289686|non-instanced|64551376|192|36
33.65417|0.029714|non-instanced|64551376|192|36
33.67015|0.0296999|non-instanced|64551376|192|36
33.68852|0.0296837|non-instanced|64551376|192|36
33.74526|0.02963379|non-instanced|64551376|192|36
33.62926|0.029736|non-instanced|64192768|189|36
33.29505|0.0300345|non-instanced|63475552|184|36
34.33311|0.0291264|non-instanced|63834160|192|36
34.03584|0.0293808|non-instanced|63834160|190|36
34.15312|0.0292799|non-instanced|63834159|190|36
34.16526|0.0292695|non-instanced|64551376|192|36
33.82996|0.0295596|non-instanced|63475552|190|36
34.08027|0.02934249|non-instanced|64551376|191|36
33.8649|0.0295291|non-instanced|64551376|191|36
34.3684|0.0290965|non-instanced|64551376|192|36
34.67286|0.028841|non-instanced|63834160|183|36
34.31015|0.0291459|non-instanced|64551376|192|36
34.31179|0.0291445|non-instanced|64192768|187|36
34.54684|0.0289462|non-instanced|64551376|192|36
34.38483|0.0290826|non-instanced|64551376|192|49
25.5076|0.03920401|non-instanced|87860896|257|49
25.72321|0.0388754|non-instanced|87860896|257|49
25.89137|0.0386229|non-instanced|87860896|257|49
26.02805|0.0384201|non-instanced|87860896|257|49
25.99212|0.0384732|non-instanced|87860896|256|49
25.59175|0.0390751|non-instanced|87860896|257|49
25.95845|0.0385231|non-instanced|87860896|257|49
26.61698|0.03757|non-instanced|86785072|256|49
27.77099|0.0360088|non-instanced|87860896|257|49
27.6701|0.03614009|non-instanced|87143680|255|49
28.06553|0.0356309|non-instanced|87502288|255|49
28.49603|0.0350926|non-instanced|87860896|257|49
28.28438|0.0353552|non-instanced|87502287|255|49
28.50579|0.0350806|non-instanced|86785072|253|49
29.13727|0.0343203|non-instanced|87860896|257|49
28.6405|0.0349156|non-instanced|87860896|257|49
29.11895|0.0343419|non-instanced|87860896|257|49
29.08304|0.0343843|non-instanced|87860896|257|49
29.08904|0.0343772|non-instanced|86067856|252|49
29.33403|0.0340901|non-instanced|87860896|257|49
29.68953|0.0336819|non-instanced|87502288|257|49
29.78576|0.03357309|non-instanced|87502288|257|49
29.75889|0.0336034|non-instanced|87860896|257|49
30.34358|0.0329559|non-instanced|79971519|257|49
30.2778|0.0330275|non-instanced|87860896|257|49
30.30147|0.0330017|non-instanced|87860896|257|49
29.92391|0.0334181|non-instanced|87860896|257|49
30.11949|0.0332011|non-instanced|87860896|257|49
29.91871|0.0334239|non-instanced|87860896|257|64
22.89005|0.0436871|non-instanced|114397887|331|64
23.00935|0.0434606|non-instanced|114756496|332|64
23.01072|0.043458|non-instanced|114397888|332|64
23.20267|0.0430985|non-instanced|114397888|332|64
23.06475|0.0433562|non-instanced|114397888|332|64
23.15978|0.0431783|non-instanced|114756496|332|64
23.42014|0.0426983|non-instanced|114039280|331|64
24.0682|0.0415486|non-instanced|114397888|331|64
27.84011|0.03591939|non-instanced|110811808|320|64
27.93998|0.035791|non-instanced|114756496|332|64
28.03838|0.0356654|non-instanced|114397888|320|64
28.5336|0.0350464|non-instanced|114756496|328|64
29.1405|0.0343165|non-instanced|114397888|331|64
29.36159|0.0340581|non-instanced|114039280|330|64
30.27303|0.0330327|non-instanced|114039280|332|64
30.59311|0.0326871|non-instanced|114756496|332|64
30.40133|0.0328933|non-instanced|114756496|332|64
31.18423|0.0320675|non-instanced|114756496|332|64
31.89019|0.03135761|non-instanced|114397888|331|64
31.99375|0.0312561|non-instanced|114756496|332|64
32.05344|0.0311979|non-instanced|114039280|330|64
33.0724|0.0302367|non-instanced|114756496|332|64
32.83295|0.03045721|non-instanced|114756496|332|64
33.16134|0.0301556|non-instanced|114039280|329|64
32.92702|0.0303702|non-instanced|113680672|329|64
33.07742|0.0302321|non-instanced|113680672|328|64
33.22226|0.0301003|non-instanced|113680672|329|64
33.16211|0.0301549|non-instanced|114397888|332|64
30.62628|0.0326517|non-instanced|114756496|332|64
30.87173|0.0323921|non-instanced|112604848|332|64
30.85163|0.0324132|non-instanced|114397888|332|64
30.3847|0.0329113|non-instanced|114397888|331|64
29.87001|0.03347839|non-instanced|114756496|332|64
29.91075|0.0334328|non-instanced|144162352|412|81
15.53941|0.0643525|non-instanced|144879568|416|81
23.66298|0.0422601|non-instanced|144520959|415|81
23.86424|0.0419037|non-instanced|142369312|389|81
23.83523|0.0419547|non-instanced|142369312|389|81
23.80261|0.0420122|non-instanced|142369312|410|81
26.08058|0.0383427|non-instanced|142727920|411|81
26.15049|0.0382402|non-instanced|142010704|393|81
26.41324|0.0378598|non-instanced|143445136|415|81
26.14242|0.038252|non-instanced|145238176|417|81
26.12105|0.0382833|non-instanced|144162352|415|81
26.32729|0.0379834|non-instanced|145238176|417|81
26.19145|0.0381804|non-instanced|143445100|410|81
26.20716|0.0381575|non-instanced|145238176|417|81
26.21631|0.0381442|non-instanced|144879568|416|81
26.46091|0.0377916|non-instanced|142369311|408|81
26.54612|0.0376703|non-instanced|145238176|417|81
26.43796|0.0378244|non-instanced|144879568|417|81
25.99888|0.0384632|non-instanced|144879568|416|81
26.1561|0.03823199|non-instanced|144520960|415|81
26.24238|0.0381063|non-instanced|144879568|417|81
26.08017|0.0383433|non-instanced|145238176|416|81
26.52126|0.0377056|non-instanced|144520960|415|81
26.16048|0.0382256|non-instanced|144162352|417|81
26.23446|0.0381178|non-instanced|143803744|412|81
26.39505|0.0378859|non-instanced|143803744|412|81
25.93772|0.0385539|non-instanced|145238176|417|81
25.50558|0.0392071|non-instanced|142727920|403|81
25.24385|0.0396136|non-instanced|143803744|411|81
25.40922|0.0393558|non-instanced|144520960|415|81
25.31613|0.0395005|non-instanced|144520960|415|100
20.53249|0.04870329|non-instanced|177871510|510|100
20.90074|0.0478452|non-instanced|178947334|510|100
20.58498|0.0485791|non-instanced|178588726|510|100
21.18052|0.04721319|non-instanced|178588726|510|100
21.15574|0.0472685|non-instanced|178588726|510|100
20.9827|0.0476583|non-instanced|178947334|511|100
21.48823|0.0465371|non-instanced|175002646|487|100
21.28511|0.0469812|non-instanced|178947334|511|100
21.48579|0.04654239|non-instanced|172850998|469|100
21.38027|0.0467721|non-instanced|176078470|475|100
21.43954|0.0466428|non-instanced|178230118|508|100
21.38722|0.0467569|non-instanced|176078470|494|100
21.43954|0.0466428|non-instanced|176795686|504|100
21.26384|0.0470282|non-instanced|175361254|492|100
21.50903|0.0464921|non-instanced|178588726|510|100
21.28687|0.0469773|non-instanced|178947334|511|100
21.05986|0.0474837|non-instanced|176437078|508|100
21.01697|0.0475806|non-instanced|175719862|489|100
21.18765|0.0471973|non-instanced|178230118|507|100
20.75998|0.0481696|non-instanced|177512902|508|100
21.03151|0.0475477|non-instanced|176795686|504|100
20.62906|0.04847531|non-instanced|177871510|510|100
20.70672|0.04829349|non-instanced|178230118|507|100
20.90659|0.0478318|non-instanced|175002646|498|100
20.79785|0.0480819|non-instanced|175002646|498|121
17.67972|0.056562|non-instanced|214808134|607|121
17.66475|0.0566099|non-instanced|215525350|611|121
17.61205|0.0567793|non-instanced|214808134|612|121
17.64101|0.0566861|non-instanced|214808134|612|121
17.72613|0.0564139|non-instanced|215525350|613|121
17.90812|0.0558406|non-instanced|208353190|592|121
17.85861|0.05599539|non-instanced|214808134|609|121
17.76262|0.056298|non-instanced|214808134|612|121
17.47189|0.0572348|non-instanced|215166742|612|121
17.75451|0.0563237|non-instanced|215166742|610|121
17.78186|0.0562371|non-instanced|215166742|612|121
17.58882|0.0568543|non-instanced|215166742|612|121
17.54127|0.0570084|non-instanced|202256854|576|121
17.26418|0.0579234|non-instanced|215525350|613|121
17.27068|0.0579016|non-instanced|213373702|610|121
17.16267|0.058266|non-instanced|214808134|611|121
17.48276|0.05719921|non-instanced|212297878|600|121
17.74752|0.0563459|non-instanced|214808134|613|121
17.6829|0.0565518|non-instanced|215166741|612|121
17.71329|0.0564548|non-instanced|215166742|613|121
17.55596|0.0569607|non-instanced|215525350|610|121
17.54641|0.0569917|non-instanced|214449526|613|121
17.74091|0.0563669|non-instanced|214808134|601|121
17.80408|0.0561669|non-instanced|215166742|450|121
17.78597|0.0562241|non-instanced|213015094|612|121
17.84542|0.0560368|non-instanced|214449526|610|121
17.79562|0.0561936|non-instanced|212656486|590|121
17.56241|0.0569398|non-instanced|213015094|606|121
17.64602|0.05667|non-instanced|213732310|607|121
17.3537|0.0576246|non-instanced|211939270|591|121
17.30792|0.05777701|non-instanced|215525350|613|121
17.44735|0.0573153|non-instanced|215166742|612|121
17.1632|0.0582642|non-instanced|215166742|613|121
17.49408|0.0571622|non-instanced|215525350|613|121
17.5224|0.0570698|non-instanced|212656486|605|121
17.57037|0.05691399|non-instanced|214449526|610|121
17.58353|0.0568714|non-instanced|214449526|609|121
17.72962|0.0564028|non-instanced|213373702|608|121
17.84857|0.0560269|non-instanced|213015094|605|121
17.70099|0.05649401|non-instanced|214449526|612|121
17.79765|0.05618719|non-instanced|212297878|599|121
17.61236|0.0567783|non-instanced|214090918|586|121
17.82652|0.0560962|non-instanced|213732310|609|121
17.70112|0.0564936|non-instanced|213373702|609|121
17.76398|0.0562937|non-instanced|212297878|531|121
17.4588|0.0572777|non-instanced|214808134|611|121
17.54244|0.0570046|non-instanced|213732310|612|121
17.6636|0.0566136|non-instanced|215166742|613|121
17.48408|0.0571949|non-instanced|215525350|612|121
17.46523|0.05725661|non-instanced|214090918|612|121
17.16019|0.0582744|non-instanced|215525350|612|121
17.63252|0.0567134|non-instanced|213373702|607|121
17.48383|0.0571957|non-instanced|213373702|607|100
20.84575|0.0479714|non-instanced|178588726|511|100
21.21413|0.0471384|non-instanced|177871510|511|100
20.96687|0.0476943|non-instanced|177871510|511|100
19.46499|0.0513743|non-instanced|176795686|510|100
21.28534|0.0469807|non-instanced|178588726|511|100
20.34629|0.049149|non-instanced|178230118|510|100
20.93071|0.0477767|non-instanced|177154294|507|100
20.91105|0.0478216|non-instanced|178588726|510|100
21.41231|0.04670211|non-instanced|177871510|507|100
21.21791|0.04713|non-instanced|178230118|506|100
21.34932|0.0468399|non-instanced|174644038|488|100
21.40045|0.046728|non-instanced|177871468|510|100
21.25764|0.0470419|non-instanced|176795686|493|100
20.97834|0.0476682|non-instanced|178588726|511|100
21.20477|0.0471592|non-instanced|177154294|481|100
21.00584|0.04760581|non-instanced|178230118|507|100
20.92387|0.0477923|non-instanced|178230118|509|100
21.00492|0.0476079|non-instanced|173209606|469|100
21.07064|0.0474594|non-instanced|178588726|510|100
20.79979|0.0480774|non-instanced|178947334|510|100
20.96107|0.0477075|non-instanced|178947334|510|81
11.47712|0.08712991|non-instanced|144162352|416|81
21.68892|0.0461065|non-instanced|144879568|412|81
21.38356|0.0467649|non-instanced|144879568|412|81
10.95775|0.0912596|non-instanced|144162352|414|81
22.04348|0.04536489|non-instanced|144520960|415|81
22.48196|0.0444801|non-instanced|144520960|413|81
22.60255|0.0442428|non-instanced|144879568|417|81
22.59157|0.0442643|non-instanced|144879568|416|81
22.56236|0.0443216|non-instanced|144520960|415|81
22.52404|0.044397|non-instanced|145238176|417|81
22.44679|0.0445498|non-instanced|143086528|397|81
22.68242|0.044087|non-instanced|144520960|415|81
22.54659|0.0443526|non-instanced|144520960|414|81
22.30679|0.0448294|non-instanced|144162352|413|81
22.44497|0.0445534|non-instanced|141293488|413|81
22.33075|0.0447813|non-instanced|144520960|415|81
22.97657|0.0435226|non-instanced|144879568|416|81
22.57341|0.0442999|non-instanced|145238176|417|81
22.36531|0.0447121|non-instanced|141293488|388|81
22.598|0.0442517|non-instanced|141652096|414|81
22.43797|0.04456731|non-instanced|144162352|414|81
22.6118|0.04422469|non-instanced|143445136|411|81
22.60853|0.0442311|non-instanced|144520960|416|81
22.64026|0.04416911|non-instanced|144520960|416|64
11.6525|0.08581849|non-instanced|114756496|332|64
23.91698|0.0418113|non-instanced|113680672|327|64
25.02327|0.0399628|non-instanced|114039280|332|64
24.31209|0.0411318|non-instanced|114039280|332|64
12.30739|0.081252|non-instanced|109735984|308|64
24.74402|0.0404138|non-instanced|114039280|331|64
25.06121|0.0399023|non-instanced|113680672|332|64
25.66241|0.0389675|non-instanced|114397888|331|64
25.47576|0.039253|non-instanced|114756496|332|64
25.69829|0.0389131|non-instanced|114756496|332|64
25.95555|0.0385274|non-instanced|113680672|329|64
25.33025|0.03947849|non-instanced|114397888|331|64
25.55309|0.0391342|non-instanced|113322064|328|64
25.77878|0.0387916|non-instanced|114756496|332|64
25.40263|0.039366|non-instanced|114397888|331|64
25.44419|0.0393017|non-instanced|114397888|329|64
25.24475|0.0396122|non-instanced|114756496|332|64
25.55081|0.0391377|non-instanced|114039280|332|64
25.75819|0.0388226|non-instanced|112963456|325|64
25.14787|0.0397648|non-instanced|114397888|332|64
26.0357|0.0384088|non-instanced|110453200|310|64
25.45378|0.0392869|non-instanced|114756496|332|64
25.51919|0.0391862|non-instanced|112963456|328|64
24.73044|0.040436|non-instanced|113680672|329|64
26.44034|0.03782099|non-instanced|113680671|330|64
25.14236|0.03977351|non-instanced|114039280|330|64
27.39374|0.0365047|non-instanced|113322064|326|64
27.4192|0.0364708|non-instanced|113680672|332|64
28.2015|0.0354591|non-instanced|114397888|331|64
28.56245|0.035011|non-instanced|113680672|330|64
28.56|0.035014|non-instanced|114397888|331|64
28.2835|0.0353563|non-instanced|114397888|331|49
15.11191|0.06617299|non-instanced|87860896|257|49
30.01362|0.0333182|non-instanced|87143680|255|49
30.31433|0.0329877|non-instanced|87502288|257|49
29.99724|0.0333364|non-instanced|87502288|257|49
14.87405|0.0672312|non-instanced|87143680|256|49
30.18476|0.0331293|non-instanced|87860896|257|49
29.54097|0.0338513|non-instanced|87502288|255|49
30.74577|0.0325248|non-instanced|87860896|256|49
29.86046|0.0334891|non-instanced|87502288|257|49
30.21404|0.03309719|non-instanced|87502288|256|49
29.96245|0.03337511|non-instanced|87860896|257|49
29.99967|0.0333337|non-instanced|87860895|256|49
29.93734|0.0334031|non-instanced|87502288|257|49
29.64017|0.03373799|non-instanced|87860896|257|49
30.00516|0.0333276|non-instanced|87860896|257|49
30.24702|0.03306111|non-instanced|87860896|257|49
30.01282|0.0333191|non-instanced|87860896|257|49
30.16191|0.0331544|non-instanced|86785072|256|49
29.80857|0.0335474|non-instanced|87143680|256|49
28.49994|0.0350878|non-instanced|87502288|256|49
31.56565|0.03168|non-instanced|87143679|256|49
29.96407|0.0333733|non-instanced|87860896|256|49
29.28618|0.0341458|non-instanced|87860896|257|49
31.15497|0.0320976|non-instanced|87860896|257|49
29.35651|0.03406399|non-instanced|87860896|257|49
30.27981|0.03302531|non-instanced|87860896|257|49
30.32904|0.0329717|non-instanced|87143680|255|49
29.88804|0.0334582|non-instanced|86426464|253|49
29.82697|0.0335267|non-instanced|87860896|257|49
30.19889|0.0331138|non-instanced|85709248|251|49
29.98933|0.0333452|non-instanced|87860896|257|49
29.88393|0.0334628|non-instanced|87860896|257|49
30.11178|0.0332096|non-instanced|87502288|256|49
29.87902|0.0334683|non-instanced|87860896|257|49
29.99508|0.0333388|non-instanced|87860896|256|49
30.00147|0.0333317|non-instanced|87860896|256|49
30.14882|0.0331688|non-instanced|87860896|256|36
14.90069|0.067111|non-instanced|63834160|189|36
30.11314|0.0332081|non-instanced|64192768|192|36
30.38802|0.0329077|non-instanced|64551376|192|36
29.67624|0.03369699|non-instanced|64551376|191|36
30.24876|0.03305921|non-instanced|64551376|191|36
14.92337|0.067009|non-instanced|64551376|192|36
29.847|0.0335042|non-instanced|63834160|188|36
30.59068|0.0326897|non-instanced|64551376|192|36
29.76084|0.0336012|non-instanced|62399728|186|36
29.99805|0.0333355|non-instanced|64192768|192|36
29.60884|0.0337737|non-instanced|63834160|190|36
30.58722|0.0326934|non-instanced|64551376|192|36
29.79507|0.0335626|non-instanced|64551376|192|36
29.40563|0.0340071|non-instanced|64551376|192|36
30.07084|0.03325481|non-instanced|64192768|190|36
30.6916|0.0325822|non-instanced|64551376|192|36
30.10688|0.033215|non-instanced|64192768|192|36
29.98204|0.0333533|non-instanced|63834160|190|36
29.99706|0.0333366|non-instanced|64192768|191|36
30.02399|0.0333067|non-instanced|64551376|191|36
29.49444|0.0339047|non-instanced|64551376|192|36
30.44992|0.0328408|non-instanced|63475552|188|36
28.95647|0.0345346|non-instanced|64192768|192|36
29.60121|0.0337824|non-instanced|64192768|192|36
31.65489|0.0315907|non-instanced|64192768|191|36
29.98267|0.0333526|non-instanced|63834160|190|36
29.86804|0.03348061|non-instanced|64551376|192|36
30.10244|0.0332199|non-instanced|63475552|188|36
29.97162|0.0333649|non-instanced|63475552|190|36
30.16827|0.03314741|non-instanced|64551376|192|36
30.26451|0.033042|non-instanced|64551376|192|36
29.97333|0.033363|non-instanced|64192768|192|36
30.40068|0.032894|non-instanced|64551376|192|36
30.62496|0.0326531|non-instanced|63834160|192|36
30.99766|0.0322605|non-instanced|64551376|192|36
30.68878|0.0325852|non-instanced|64551376|192|36
31.00563|0.0322522|non-instanced|64551376|192|36
31.10875|0.0321453|non-instanced|64551376|192|36
31.4024|0.0318447|non-instanced|64551376|192|36
31.51294|0.031733|non-instanced|64551376|192|36
31.74341|0.0315026|non-instanced|64551376|192|25
15.91865|0.0628194|non-instanced|44827936|137|25
31.84957|0.0313976|non-instanced|44827936|137|25
32.87418|0.03041901|non-instanced|44827936|136|25
32.72016|0.0305622|non-instanced|44827936|136|25
16.34623|0.0611762|non-instanced|44469328|136|25
33.23441|0.0300893|non-instanced|43393504|136|25
34.26876|0.02918109|non-instanced|44827936|137|25
33.64861|0.02971891|non-instanced|44469328|137|25
33.79269|0.0295922|non-instanced|44827936|137|25
35.43762|0.0282186|non-instanced|44827936|137|25
35.29678|0.0283312|non-instanced|44827936|137|25
35.49599|0.02817219|non-instanced|44110720|119|25
35.15865|0.0284425|non-instanced|44827936|137|25
35.33095|0.0283038|non-instanced|44827936|137|25
35.33556|0.0283001|non-instanced|44110720|135|25
35.45873|0.0282018|non-instanced|44827936|137|25
35.42493|0.02822871|non-instanced|44469328|136|25
35.36719|0.0282748|non-instanced|44469328|136|25
35.50669|0.02816371|non-instanced|42676288|131|25
34.65917|0.0288524|non-instanced|44827936|137|25
36.33377|0.0275226|non-instanced|44827936|137|25
35.39923|0.0282492|non-instanced|44827936|137|25
35.13617|0.0284607|non-instanced|44827936|136|25
35.38095|0.0282638|non-instanced|44827936|136|25
36.83472|0.0271483|non-instanced|44827936|137|25
36.78485|0.0271851|non-instanced|44827936|137|25
36.02968|0.0277549|non-instanced|44827936|135|25
36.96735|0.0270509|non-instanced|44469328|137|25
37.46988|0.0266881|non-instanced|44469328|136|25
38.96448|0.0256644|non-instanced|44827936|137|25
38.47146|0.0259933|non-instanced|44469328|136|25
37.48576|0.0266768|non-instanced|41600464|137|25
36.10929|0.0276937|non-instanced|41600464|137|25
46.03755|0.0217214|non-instanced|44827936|137|25
39.91745|0.0250517|non-instanced|44827936|137|25
41.26485|0.0242337|non-instanced|44827936|137|25
40.35301|0.0247813|non-instanced|44827936|137|25
41.96638|0.0238286|non-instanced|44827936|137|25
41.6396|0.0240156|non-instanced|44469328|136|25
42.12975|0.0237362|non-instanced|44469328|136|16
21.175|0.0472255|non-instanced|27973360|90|16
41.41421|0.0241463|non-instanced|28690576|92|16
45.70908|0.02187749|non-instanced|28690576|92|16
41.99404|0.0238129|non-instanced|28690576|92|16
43.88834|0.0227851|non-instanced|28690576|92|16
45.1396|0.0221535|non-instanced|28331968|90|16
45.87514|0.0217983|non-instanced|28331968|90|16
22.4545|0.0445345|non-instanced|28690576|92|16
34.38104|0.0290858|non-instanced|28690576|92|16
69.4705|0.0143946|non-instanced|27973360|90|16
39.12639|0.0255582|non-instanced|27973360|90|16
58.27708|0.0171594|non-instanced|28690576|92|16
46.42936|0.0215381|non-instanced|28690576|92|16
48.0372|0.0208172|non-instanced|28690576|92|16
46.84038|0.0213491|non-instanced|28690576|92|16
46.73988|0.021395|non-instanced|28690576|92|16
46.79305|0.0213707|non-instanced|28690576|92|16
46.49303|0.0215086|non-instanced|28690576|92|16
46.31667|0.0215905|non-instanced|28690576|92|16
46.9821|0.0212847|non-instanced|28690576|92|16
47.03116|0.0212625|non-instanced|28690576|92|16
46.49001|0.02151|non-instanced|28331968|92|16
46.69602|0.0214151|non-instanced|27973360|90|16
46.827|0.0213552|non-instanced|28690576|92|16
46.8064|0.0213646|non-instanced|28690576|92|16
45.25091|0.022099|non-instanced|28690576|92|16
48.40037|0.020661|non-instanced|28690576|92|16
46.3261|0.0215861|non-instanced|28690576|92|16
47.09295|0.0212346|non-instanced|28331968|92|16
47.78037|0.0209291|non-instanced|27973360|91|16
49.31646|0.0202772|non-instanced|28690576|92|16
49.52531|0.0201917|non-instanced|27973360|89|16
49.87207|0.0200513|non-instanced|28690576|92|16
48.406|0.0206586|non-instanced|28331968|88|16
51.21717|0.0195247|non-instanced|28690576|91|16
50.24141|0.0199039|non-instanced|28690576|92|16
52.42105|0.0190763|non-instanced|28690576|92|16
50.78154|0.0196922|non-instanced|28690576|92|16
51.43239|0.019443|non-instanced|28690576|92|16
50.83599|0.0196711|non-instanced|28690576|92|16
52.59366|0.0190137|non-instanced|27973360|90|16
43.67231|0.0228978|non-instanced|27973360|90|16
55.53489|0.0180067|non-instanced|28690576|92|16
55.54937|0.01800201|non-instanced|28690576|92|16
54.24319|0.01843549|non-instanced|28690576|92|16
56.663|0.0176482|non-instanced|28690576|92|16
54.2953|0.0184178|non-instanced|28690576|92|16
54.53098|0.0183382|non-instanced|28690576|92|16
53.03999|0.0188537|non-instanced|28331968|91|16
54.27319|0.0184253|non-instanced|28690576|92|16
55.23796|0.01810349|non-instanced|28690576|92|16
53.43449|0.01871451|non-instanced|28690576|92|16
52.71815|0.0189688|non-instanced|28690576|92|16
46.22803|0.02163189|non-instanced|28690576|92|16
71.19513|0.0140459|non-instanced|28690576|92|16
46.48719|0.0215113|non-instanced|28690576|92|16
71.96317|0.013896|non-instanced|27973360|90|16
56.3101|0.0177588|non-instanced|28690576|92|16
54.43331|0.0183711|non-instanced|28690576|92|16
58.85262|0.0169916|non-instanced|28690576|92|16
54.76271|0.0182606|non-instanced|28690576|92|16
58.58952|0.0170679|non-instanced|28690576|92|16
55.13895|0.018136|non-instanced|28690576|92|16
57.38585|0.0174259|non-instanced|28690576|92|16
56.64085|0.0176551|non-instanced|28690576|92|16
58.21873|0.0171766|non-instanced|28690576|92|16
57.06266|0.0175246|non-instanced|28690576|92|16
56.66332|0.0176481|non-instanced|28690576|92|9
28.46335|0.0351329|non-instanced|16139294|57|9
57.27015|0.0174611|non-instanced|16139294|57|9
57.23639|0.0174714|non-instanced|16139294|57|9
56.85857|0.0175875|non-instanced|16139294|57|9
57.45708|0.01740429|non-instanced|16139294|57|9
55.9306|0.0178793|non-instanced|15422078|56|9
56.36978|0.01774|non-instanced|16139294|57|9
59.06708|0.0169299|non-instanced|16139294|57|9
28.83507|0.03467999|non-instanced|15780686|56|9
58.20519|0.0171806|non-instanced|16139294|57|9
57.52348|0.01738421|non-instanced|16139294|57|9
57.77942|0.0173072|non-instanced|16139294|57|9
57.23837|0.0174708|non-instanced|16139294|56|9
60.10375|0.0166379|non-instanced|16139294|57|9
58.65308|0.0170494|non-instanced|16139294|56|9
59.47354|0.0168142|non-instanced|16139294|57|9
58.84916|0.0169926|non-instanced|16139294|57|9
59.03884|0.016938|non-instanced|16139294|57|9
58.51513|0.0170896|non-instanced|15780686|56|9
60.36277|0.0165665|non-instanced|16139294|57|9
60.23551|0.0166015|non-instanced|16139294|57|9
59.93301|0.0166853|non-instanced|15780686|56|9
60.31071|0.0165808|non-instanced|16139294|57|9
56.74306|0.0176233|non-instanced|16139294|57|9
60.71242|0.0164711|non-instanced|16139294|57|9
50.70428|0.0197222|non-instanced|16139294|57|9
47.95473|0.020853|non-instanced|16139294|57|9
60.57779|0.0165077|non-instanced|16139294|57|9
53.43451|0.0187145|non-instanced|16139294|57|9
91.8695|0.01088501|non-instanced|16139294|57|9
90.85378|0.0110067|non-instanced|16139294|57|9
63.87532|0.0156555|non-instanced|16139294|57|9
62.16277|0.0160868|non-instanced|16139294|57|9
64.58194|0.0154842|non-instanced|16139294|57|9
63.16123|0.0158325|non-instanced|15422078|55|9
51.22713|0.0195209|non-instanced|15422078|55|9
45.23537|0.0221066|non-instanced|16139294|57|9
53.65353|0.0186381|non-instanced|16139294|57|9
66.56419|0.01502309|non-instanced|16139294|57|9
46.60939|0.0214549|non-instanced|16139294|57|9
80.42657|0.0124337|non-instanced|16139294|57|9
69.12046|0.0144675|non-instanced|16139294|57|9
81.74941|0.0122325|non-instanced|16139294|57|9
78.4763|0.0127427|non-instanced|15780686|56|9
73.31004|0.0136407|non-instanced|16139294|57|9
69.96723|0.0142924|non-instanced|16139294|57|9
55.17516|0.0181241|non-instanced|16139294|57|9
97.07135|0.0103017|non-instanced|15780686|56|9
66.82751|0.0149639|non-instanced|16139294|57|9
61.78293|0.0161857|non-instanced|16139294|57|9
63.50498|0.0157468|non-instanced|16139294|57|9
65.39494|0.0152917|non-instanced|16139294|57|9
69.85433|0.0143155|non-instanced|16139294|57|9
88.68555|0.01127579|non-instanced|16139294|57|9
68.93506|0.01450641|non-instanced|15780686|56|9
70.2489|0.0142351|non-instanced|16139294|57|9
69.49126|0.0143903|non-instanced|16139294|57|9
54.02806|0.0185089|non-instanced|16139294|57|9
95.00285|0.010526|non-instanced|16139294|57|9
71.21644|0.0140417|non-instanced|16139294|57|9
75.061|0.0133225|non-instanced|16139294|57|9
72.47218|0.0137984|non-instanced|16139294|57|9
72.48528|0.0137959|non-instanced|16139294|57|9
72.88153|0.0137209|non-instanced|16139294|57|9
72.27209|0.0138366|non-instanced|16139294|57|9
72.84647|0.0137275|non-instanced|16139294|57|9
71.61888|0.0139628|non-instanced|16139294|57|9
72.89478|0.0137184|non-instanced|16139294|57|9
72.64117|0.0137663|non-instanced|15780686|56|9
73.02734|0.0136935|non-instanced|16139294|57|9
75.31767|0.0132771|non-instanced|16139294|57|9
75.2315|0.0132923|non-instanced|16139294|57|9
74.77702|0.01337309|non-instanced|16139294|57|9
74.59736|0.0134053|non-instanced|16139294|57|9
73.89016|0.0135336|non-instanced|16139294|57|9
73.96284|0.0135203|non-instanced|16139294|57|9
75.26043|0.0132872|non-instanced|16139294|57|9
74.56342|0.0134114|non-instanced|16139294|57|9
55.17729|0.0181234|non-instanced|15780686|56|9
42.03817|0.0237879|non-instanced|16139294|57|9
43.58591|0.0229432|non-instanced|16139294|57|9
73.0743|0.0136847|non-instanced|16139294|57|9
92.10899|0.0108567|non-instanced|16139294|57|9
72.39036|0.01381399|non-instanced|16139294|57|9
50.44823|0.0198223|non-instanced|7174094|32|4
51.39988|0.0194553|non-instanced|7174094|32|4
98.96581|0.0101045|non-instanced|7174094|32|4
103.7205|0.009641298|non-instanced|7174094|32|4
115.7233|0.008641305|non-instanced|7174094|32|4
79.32417|0.0126065|non-instanced|6456878|30|4
79.01204|0.0126563|non-instanced|7174094|32|4
77.86709|0.0128424|non-instanced|7174094|32|4
78.6293|0.01271791|non-instanced|7174094|32|4
78.13356|0.0127986|non-instanced|7174094|32|4
77.98853|0.0128224|non-instanced|7174094|32|4
78.6349|0.012717|non-instanced|6815486|31|4
78.29013|0.012773|non-instanced|7174094|32|4
77.41375|0.0129176|non-instanced|7174094|32|4
39.302|0.025444|non-instanced|7174094|32|4
80.70502|0.0123908|non-instanced|7174094|32|4
79.02579|0.0126541|non-instanced|7174094|32|4
78.9185|0.0126713|non-instanced|7174094|32|4
83.01855|0.0120455|non-instanced|7174094|32|4
78.71539|0.012704|non-instanced|7174094|32|4
81.09576|0.0123311|non-instanced|7174094|32|4
80.03198|0.012495|non-instanced|6815486|31|4
80.87018|0.0123655|non-instanced|7174094|32|4
79.72381|0.0125433|non-instanced|6456878|31|4
83.06062|0.0120394|non-instanced|7174094|32|4
82.98345|0.0120506|non-instanced|7174094|32|4
81.73539|0.0122346|non-instanced|7174094|32|4
81.65797|0.0122462|non-instanced|7174094|32|4
83.49055|0.0119774|non-instanced|7174094|32|4
80.2047|0.0124681|non-instanced|7174094|32|4
85.75669|0.0116609|non-instanced|6815486|30|4
56.19273|0.0177959|non-instanced|6815486|30|4
52.56794|0.019023|non-instanced|7174094|32|4
114.3537|0.008744799|non-instanced|7174094|32|4
61.2993|0.0163134|non-instanced|7174094|32|4
55.87466|0.0178972|non-instanced|7174094|32|4
62.55904|0.0159849|non-instanced|7174094|32|4
48.43717|0.0206453|non-instanced|7174094|32|4
57.28591|0.0174563|non-instanced|7174094|32|4
76.53393|0.0130661|non-instanced|7174094|32|4
40.83766|0.0244872|non-instanced|7174094|32|4
81.65131|0.0122472|non-instanced|7174094|32|4
77.4084|0.01291849|non-instanced|7174094|32|4
62.01551|0.016125|non-instanced|7174094|32|4
49.01792|0.0204007|non-instanced|7174094|32|4
60.80135|0.016447|non-instanced|7174094|32|4
57.27345|0.0174601|non-instanced|7174094|32|4
83.42161|0.0119873|non-instanced|7174094|32|4
74.15371|0.0134855|non-instanced|7174094|32|4
79.78493|0.01253369|non-instanced|7174094|32|4
56.7379|0.0176249|non-instanced|7174094|32|4
53.39912|0.0187269|non-instanced|7174094|32|4
69.9883|0.0142881|non-instanced|7174094|32|4
62.8413|0.0159131|non-instanced|7174094|32|4
58.91606|0.0169733|non-instanced|7174094|32|4
81.41996|0.012282|non-instanced|7174094|32|4
81.40342|0.0122845|non-instanced|7174094|32|4
75.74493|0.0132022|non-instanced|7174094|32|4
100.1723|0.009982802|non-instanced|7174094|32|4
93.66985|0.01067579|non-instanced|6815486|30|4
79.26313|0.01261621|non-instanced|7174094|32|4
123.8146|0.008076594|non-instanced|7174094|32|4
80.10635|0.0124834|non-instanced|7174094|32|4
78.08778|0.0128061|non-instanced|7174094|32|4
66.54689|0.015027|non-instanced|7174094|32|4
127.0342|0.007871896|non-instanced|7174094|32|4
80.57692|0.0124105|non-instanced|7174094|32|4
81.01429|0.0123435|non-instanced|7174094|32|4
74.95745|0.0133409|non-instanced|6815486|31|4
39.31421|0.0254361|non-instanced|6815486|31|4
71.19312|0.0140463|non-instanced|7174094|32|4
73.22252|0.013657|non-instanced|7174094|32|4
56.70157|0.0176362|non-instanced|7174094|32|4
52.47856|0.0190554|non-instanced|6815486|30|4
34.46054|0.0290187|non-instanced|7174094|32|4
58.37438|0.0171308|non-instanced|7174094|32|4
64.71236|0.015453|non-instanced|7174094|32|4
56.1268|0.0178168|non-instanced|7174094|32|4
142.1263|0.007035998|non-instanced|7174094|32|4
139.2312|0.007182299|non-instanced|7174094|32|4
113.657|0.008798406|non-instanced|6815486|31|4
67.38683|0.0148397|non-instanced|6815486|30|4
54.4692|0.018359|non-instanced|7174094|32|4
107.9972|0.009259502|non-instanced|7174094|32|4
57.26359|0.0174631|non-instanced|6815486|31|4
44.46203|0.0224911|non-instanced|7174094|32|4
53.18103|0.0188037|non-instanced|7174094|32|4
43.2141|0.0231406|non-instanced|6815486|29|4
37.39478|0.0267417|non-instanced|7174094|32|4
53.98111|0.018525|non-instanced|7174094|31|4
98.1817|0.0101852|non-instanced|7174094|32|4
72.02069|0.0138849|non-instanced|7174094|32|4
70.87372|0.0141096|non-instanced|7174094|32|4
47.29384|0.0211444|non-instanced|7174094|32|4
53.34869|0.0187446|non-instanced|7174094|31|4
53.54868|0.0186746|non-instanced|7174094|32|4
50.65726|0.01974051|non-instanced|7174094|32|4
55.85314|0.0179041|non-instanced|7174094|32|4
120.3659|0.008308|non-instanced|7174094|32|4
101.3479|0.009866999|non-instanced|7174094|32|4
61.27676|0.0163194|non-instanced|7174094|32|4
51.82771|0.0192947|non-instanced|7174094|32|4
48.45829|0.0206363|non-instanced|6815486|31|4
44.90003|0.0222717|non-instanced|7174094|32|4
70.76237|0.0141318|non-instanced|7174094|32|4
64.23185|0.0155686|non-instanced|7174094|31|4
72.19437|0.0138515|non-instanced|7174094|32|4
71.26009|0.0140331|non-instanced|7174094|31|4
56.89286|0.0175769|non-instanced|7174094|32|4
89.14004|0.0112183|non-instanced|7174094|32|4
139.8328|0.007151396|non-instanced|7174094|32|4
98.62124|0.0101398|non-instanced|7174094|32|4
68.06425|0.014692|non-instanced|7174094|32|4
81.08984|0.012332|non-instanced|7174094|32|4
72.60634|0.0137729|non-instanced|7174094|32|4
73.19415|0.01366229|non-instanced|7174094|32|4
54.90162|0.0182144|non-instanced|7174094|31|4
93.5891|0.01068501|non-instanced|7174094|32|4
95.68742|0.01045069|non-instanced|7174094|32|4
76.83203|0.01301541|non-instanced|7174094|32|4
77.63794|0.0128803|non-instanced|7174094|32|4
76.09656|0.0131412|non-instanced|7174094|32|4
79.52541|0.0125746|non-instanced|6815486|31|4
76.45843|0.013079|non-instanced|6815486|31|1
39.48808|0.0253241|non-instanced|1794974|17|1
81.34379|0.0122935|non-instanced|1794974|17|1
81.75349|0.01223189|non-instanced|1794974|17|1
81.32527|0.0122963|non-instanced|1794974|17|1
81.80827|0.0122237|non-instanced|1794974|17|1
80.90746|0.0123598|non-instanced|1794974|17|1
80.00771|0.0124988|non-instanced|1794974|17|1
81.82767|0.0122208|non-instanced|1794974|17|1
79.91053|0.012514|non-instanced|1794974|17|1
86.32149|0.0115846|non-instanced|1794974|17|1
84.34834|0.0118556|non-instanced|1794974|17|1
83.3104|0.0120033|non-instanced|1794974|17|1
42.01981|0.0237983|non-instanced|1794974|17|1
86.41695|0.0115718|non-instanced|1794974|17|1
83.58759|0.0119635|non-instanced|1794974|17|1
84.65466|0.0118127|non-instanced|1794974|17|1
84.77952|0.0117953|non-instanced|1794974|17|1
86.94597|0.0115014|non-instanced|1794974|16|1
86.5846|0.0115494|non-instanced|1794974|17|1
88.05064|0.0113571|non-instanced|1794974|17|1
87.07161|0.0114848|non-instanced|1436366|15|1
85.85237|0.0116479|non-instanced|1794974|17|1
87.15889|0.0114733|non-instanced|1794974|17|1
88.00568|0.0113629|non-instanced|1794974|17|1
86.65436|0.0115401|non-instanced|1794974|17|1
87.69852|0.0114027|non-instanced|1794974|17|1
87.39125|0.01144279|non-instanced|1794974|17|1
88.6509|0.0112802|non-instanced|1794974|17|1
88.53394|0.0112951|non-instanced|1436366|16|1
91.32757|0.0109496|non-instanced|1794974|17|1
88.42355|0.0113092|non-instanced|1077758|15|1
92.17613|0.0108488|non-instanced|1794974|17|1
88.98457|0.0112379|non-instanced|1794974|17|1
89.56242|0.0111654|non-instanced|1794974|17|1
89.57526|0.0111638|non-instanced|1794974|17|1
90.19328|0.0110873|non-instanced|1794974|17|1
90.2853|0.011076|non-instanced|1794974|17|1
90.00253|0.0111108|non-instanced|1794974|17|1
93.21226|0.0107282|non-instanced|1794974|17|1
93.30186|0.0107179|non-instanced|1794974|17|1
89.7674|0.0111399|non-instanced|1794974|17|1
92.79107|0.0107769|non-instanced|1794974|17|1
92.72565|0.0107845|non-instanced|1794974|17|1
93.30624|0.0107174|non-instanced|1794974|17|1
84.84282|0.0117865|non-instanced|1794974|17|1
83.02544|0.0120445|non-instanced|1794974|17|1
107.9273|0.009265497|non-instanced|1794974|17|1
84.14745|0.0118839|non-instanced|1794974|17|1
102.5788|0.009748604|non-instanced|1794974|17|1
101.774|0.009825694|non-instanced|1794974|17|1
91.99377|0.0108703|non-instanced|1436366|17|1
89.80853|0.0111348|non-instanced|1436366|17|1
98.71962|0.0101297|non-instanced|1794974|17|1
95.12209|0.0105128|non-instanced|1794974|17|1
94.09644|0.0106274|non-instanced|1794974|17|1
92.45392|0.0108162|non-instanced|1794974|17|1
96.64727|0.0103469|non-instanced|1794974|17|1
95.14294|0.0105105|non-instanced|1794974|17|1
96.50742|0.0103619|non-instanced|1794974|17|1
94.70327|0.0105593|non-instanced|1794974|17|1
97.65333|0.01024031|non-instanced|1794974|17|1
94.47421|0.0105849|non-instanced|1794974|17|1
92.05053|0.0108636|non-instanced|1794974|17|1
99.04423|0.0100965|non-instanced|1794974|17|1
96.04397|0.0104119|non-instanced|1794974|17|1
95.45261|0.0104764|non-instanced|1794974|17|1
96.0541|0.0104108|non-instanced|1794974|17|1
96.15201|0.0104002|non-instanced|1436366|16|1
97.08925|0.0102998|non-instanced|1794974|17|1
95.34433|0.0104883|non-instanced|1794974|17|1
96.83728|0.0103266|non-instanced|1794974|16|1
97.79856|0.0102251|non-instanced|1794974|17|1
97.15248|0.0102931|non-instanced|1794974|17|1
95.87178|0.0104306|non-instanced|1794974|17|1
93.16622|0.0107335|non-instanced|1794974|17|1
100.9408|0.009906796|non-instanced|1794974|17|1
96.67343|0.0103441|non-instanced|1794974|17|1
94.24713|0.0106104|non-instanced|1794974|17|1
93.70052|0.0106723|non-instanced|1794974|17|1
97.40044|0.01026689|non-instanced|1794974|17|1
95.06155|0.0105195|non-instanced|1794974|17|1
97.82629|0.0102222|non-instanced|1794974|17|1
98.67869|0.0101339|non-instanced|1794974|17|1
97.37666|0.0102694|non-instanced|1794974|17|1
93.74358|0.0106674|non-instanced|1794974|17|1
98.34674|0.01016811|non-instanced|1794974|17|1
96.30484|0.01038369|non-instanced|1794974|17|1
78.03782|0.0128143|non-instanced|1794974|17|1
124.8938|0.008006803|non-instanced|1436366|17|1
97.64198|0.0102415|non-instanced|1794974|17|1
95.30344|0.0104928|non-instanced|1436366|17|1
97.84061|0.01022071|non-instanced|1794974|17|1
95.92326|0.010425|non-instanced|1794974|17|1
97.29998|0.01027749|non-instanced|1794974|17|1
94.77864|0.0105509|non-instanced|1794974|17|1
97.88274|0.01021631|non-instanced|1794974|17|1
96.56242|0.010356|non-instanced|1794974|17|1
95.24536|0.0104992|non-instanced|1794974|17|1
95.00189|0.01052611|non-instanced|1794974|17|1
99.70094|0.01003|non-instanced|1436366|16|1
91.19177|0.0109659|non-instanced|1794974|17|1
99.98597|0.0100014|non-instanced|1794974|17|1
101.9317|0.009810494|non-instanced|1794974|17|1
98.90706|0.0101105|non-instanced|1794974|17|1
95.59953|0.0104603|non-instanced|1794974|17|1
97.53623|0.0102526|non-instanced|1794974|17|1
99.82231|0.0100178|non-instanced|1436366|16|1
89.08849|0.01122479|non-instanced|1436366|16|1
91.275|0.0109559|non-instanced|1794974|17|1
119.0576|0.008399298|non-instanced|1794974|17|1
99.62936|0.0100372|non-instanced|1794974|17|1
98.10847|0.0101928|non-instanced|1794974|17|1
97.68395|0.0102371|non-instanced|1794974|17|1
99.91306|0.0100087|non-instanced|1794974|17|1
95.63885|0.010456|non-instanced|1794974|17|1
100.7821|0.009922399|non-instanced|1794974|17|1
98.37293|0.0101654|non-instanced|1436366|16|1
100.2567|0.009974398|non-instanced|1794974|17|1
96.92081|0.0103177|non-instanced|1794974|17|1
75.68534|0.0132126|non-instanced|1794974|17|1
71.05855|0.0140729|non-instanced|1794974|17|1
125.0829|0.007994699|non-instanced|1794974|17|1
130.127|0.0076848|non-instanced|1436366|16|1
114.0225|0.008770202|non-instanced|1794974|17|1
113.2529|0.008829798|non-instanced|1794974|17|1
106.469|0.009392404|non-instanced|1436366|16|1
99.34041|0.0100664|non-instanced|1794974|17|1
95.42621|0.0104793|non-instanced|1794974|17|1
102.3919|0.009766397|non-instanced|1794974|17|1
97.83585|0.0102212|non-instanced|1794974|17|1
93.9329|0.0106459|non-instanced|1436366|17|1
112.2826|0.008906101|non-instanced|1794974|17|1
102.5883|0.009747704|non-instanced|1794974|17|1
100.051|0.009994898|non-instanced|1794974|17|1
100.5258|0.009947697|non-instanced|1794974|17|1
102.3604|0.009769402|non-instanced|1794974|17|1
100.2758|0.009972499|non-instanced|1794974|17|1
100.7029|0.009930201|non-instanced|1794974|17|1
100.4349|0.009956696|non-instanced|1794974|17|1
100.3905|0.009961104|non-instanced|1794974|17|1
103.7765|0.009636097|non-instanced|1794974|17|1
98.4213|0.0101604|non-instanced|1794974|17|1
76.64775|0.0130467|non-instanced|1794974|17|1
120.5066|0.008298299|non-instanced|1794974|17|1
121.8412|0.008207405|non-instanced|1794974|17|1
105.0729|0.009517198|non-instanced|1794974|17|1
102.2965|0.009775504|non-instanced|1436366|16|1
87.23415|0.0114634|non-instanced|1794974|17|1
122.4275|0.008168099|non-instanced|1794974|17|1
101.9566|0.0098081|non-instanced|1794974|17|1
100.9734|0.0099036|non-instanced|1436366|17|1
99.40457|0.0100599|non-instanced|1794974|17|1
82.49394|0.0121221|non-instanced|1794974|17|1
127.4942|0.007843495|non-instanced|1794974|17|1
114.0914|0.008764902|non-instanced|1794974|17|1
101.4919|0.009853004|non-instanced|1794974|17|1
103.5111|0.009660799|non-instanced|1794974|17|1
102.8997|0.009718197|non-instanced|1436366|17|1
100.008|0.009999199|non-instanced|1436366|16|1
106.2146|0.009414902|non-instanced|1794974|17|1
103.799|0.009633999|non-instanced|1794974|17|1
104.0615|0.009609701|non-instanced|1436366|17|1
87.13305|0.0114767|non-instanced|1794974|17|1
84.43237|0.0118438|non-instanced|1794974|17|1
124.341|0.008042397|non-instanced|1794974|17|1
134.4683|0.007436699|non-instanced|1794974|17|1
103.5271|0.009659304|non-instanced|1436366|16|1
103.1577|0.009693899|non-instanced|1794974|17|1
107.5766|0.009295698|non-instanced|1794974|17|1
103.5261|0.009659403|non-instanced|1794974|17|1
104.17|0.009599695|non-instanced|1794974|17|1
104.6287|0.009557604|non-instanced|1077758|15|1
106.2011|0.0094161|non-instanced|1794974|17|1
102.5252|0.009753699|non-instanced|1794974|17|1
104.779|0.009543899|non-instanced|1794974|17|1
103.598|0.0096527|non-instanced|1794974|17|1
104.7153|0.009549703|non-instanced|1794974|17|1
105.2466|0.009501495|non-instanced|1794974|16|1
106.5711|0.009383405|non-instanced|1794974|17|1
106.5337|0.0093867|non-instanced|1794974|17|1
104.184|0.009598399|non-instanced|1794974|17|1
104.8833|0.009534404|non-instanced|1794974|17|1
105.6837|0.009462195|non-instanced|1794974|17|1
103.8799|0.009626502|non-instanced|1794974|17|1
107.4356|0.009307901|non-instanced|1794974|17|1
105.3064|0.009496103|non-instanced|1794974|17|1
105.482|0.009480293|non-instanced|1794974|17|1
105.2886|0.009497704|non-instanced|1794974|17|1
108.093|0.009251297|non-instanced|1794974|17|1
106.5905|0.009381703|non-instanced|1794974|17|1
105.8033|0.009451502|non-instanced|1794974|17|1
107.2363|0.009325199|non-instanced|1794974|17|1
98.02097|0.0102019|non-instanced|1794974|17|1
96.62675|0.0103491|non-instanced|1794974|17|1
115.781|0.008636997|non-instanced|1794974|17|1
117.0357|0.008544402|non-instanced|1436366|17|1
106.8113|0.009362302|non-instanced|1794974|17|1
103.8778|0.009626701|non-instanced|1794974|17|1
105.5989|0.009469799|non-instanced|1794974|17|1
93.69877|0.0106725|non-instanced|1794974|17|1
92.91173|0.0107629|non-instanced|1794974|17|1
54.53188|0.0183379|non-instanced|1794974|17|1
61.06645|0.0163756|non-instanced|1794974|17|1
95.05796|0.0105199|non-instanced|1794974|17|1
84.84354|0.0117864|non-instanced|1794974|17|1
103.6968|0.009643495|non-instanced|1794974|17|1
92.52831|0.0108075|non-instanced|1794974|17|1
48.00354|0.0208318|non-instanced|1794974|17|1
78.82455|0.0126864|non-instanced|1794974|17|1
61.46697|0.0162689|non-instanced|1794974|17|1
76.05198|0.0131489|non-instanced|1794974|17|1
56.77237|0.0176142|non-instanced|1794974|17|1
44.97717|0.0222335|non-instanced|1794974|17|1
77.86709|0.0128424|non-instanced|1794974|17|1
69.95013|0.0142959|non-instanced|1436366|16|1
67.69287|0.01477261|non-instanced|1794974|17|1
50.06785|0.0199729|non-instanced|1436366|16|1
52.13465|0.0191811|non-instanced|1794974|17|1
74.44573|0.0134326|non-instanced|1794974|17|1
60.61597|0.0164973|non-instanced|1436366|16|1
59.66979|0.0167589|non-instanced|1436366|16|1
52.66763|0.018987|non-instanced|1436366|16|1
61.93023|0.0161472|non-instanced|1794974|17|1
112.9|0.008857398|non-instanced|1794974|17|1
74.38702|0.0134432|non-instanced|1794974|16|1
57.32796|0.01744349|non-instanced|1794974|17|1
77.91985|0.0128337|non-instanced|1794974|17|1
65.76915|0.0152047|non-instanced|1436366|16|1
50.13084|0.0199478|non-instanced|1794974|17|1
56.37041|0.0177398|non-instanced|1794974|17|1
77.12601|0.01296579|non-instanced|1794974|17|1
84.61381|0.0118184|non-instanced|1794974|17|1
71.63583|0.0139595|non-instanced|1794974|17|1
69.52748|0.0143828|non-instanced|1794974|17|1
63.54007|0.0157381|non-instanced|1794974|17|1
62.19138|0.0160794|non-instanced|1794974|17|1
136.6363|0.0073187|non-instanced|1794974|17|1
156.1549|0.006403897|non-instanced|1794974|17|1
61.75354|0.0161934|non-instanced|1794974|17|1
94.95058|0.0105318|non-instanced|1794974|17|1
77.59939|0.0128867|non-instanced|1794974|17|1
47.61405|0.0210022|non-instanced|1794974|17|1
62.37292|0.0160326|non-instanced|1794974|17|1
57.72005|0.017325|non-instanced|1794974|17|1
86.01999|0.01162521|non-instanced|1794974|17|1
92.44453|0.0108173|non-instanced|1794974|17|1
87.61935|0.011413|non-instanced|1794974|17|1
85.41753|0.0117072|non-instanced|1794974|17|1
83.32709|0.0120009|non-instanced|1794974|17|1
59.22101|0.0168859|non-instanced|1794974|17|1
100.7791|0.009922697|non-instanced|1794974|17|1
80.54964|0.0124147|non-instanced|1436366|16|1
123.2849|0.008111295|non-instanced|1794974|17|1
155.7753|0.006419501|non-instanced|1794974|17|1
84.73569|0.0118014|non-instanced|1794974|17|1
121.0566|0.008260601|non-instanced|1794974|17|1
90.17218|0.01108989|non-instanced|1436366|16|1
90.56081|0.0110423|non-instanced|1794974|17|1
91.8814|0.0108836|non-instanced|1077758|16|1
91.21753|0.0109628|non-instanced|1436366|17|1
90.93311|0.01099709|non-instanced|1794974|17|1
89.42382|0.0111827|non-instanced|1794974|17|1
88.15697|0.0113434|non-instanced|1794974|17|1
104.8438|0.009537996|non-instanced|1794974|17|1
98.95304|0.0101058|non-instanced|1794974|17|1
94.97038|0.0105296|non-instanced|1436366|17|1
94.87308|0.0105404|non-instanced|1794974|17|1
104.89|0.009533801|non-instanced|1794974|17|1
97.89048|0.0102155|non-instanced|1794974|17|1
99.51237|0.010049|non-instanced|1794974|17|1
95.04977|0.0105208|non-instanced|1794974|17|1
99.63337|0.0100368|non-instanced|1794974|17|1
93.29754|0.0107184|non-instanced|1794974|17|1
105.3274|0.009494203|non-instanced|1794974|17|1
103.8465|0.009629599|non-instanced|1794974|17|1
102.4726|0.009758702|non-instanced|1794974|17|1
107.257|0.009323399|non-instanced|1794974|17|1
105.2133|0.0095045|non-instanced|1794974|17|1
100.5136|0.009948902|non-instanced|1794974|17|1
100.5511|0.009945195|non-instanced|1794974|17|1
103.148|0.009694806|non-instanced|1794974|17|1
102.5757|0.009748895|non-instanced|1794974|17|1
87.40494|0.011441|non-instanced|1794974|17|1
101.6694|0.009835799|non-instanced|1794974|17|1
104.1005|0.009606102|non-instanced|1794974|17|1
125.9905|0.007937104|non-instanced|1436366|17|1
84.01245|0.011903|non-instanced|1794974|17|1
101.8216|0.009821103|non-instanced|1436366|16|1
123.6798|0.008085395|non-instanced|1794974|17|1
108.0077|0.009258603|non-instanced|1794974|16|1
94.7544|0.0105536|non-instanced|1794974|17|1
103.7549|0.009638103|non-instanced|1794974|17|1
114.541|0.008730499|non-instanced|1794974|17|1
87.32938|0.0114509|non-instanced|1794974|17|1
68.38541|0.014623|non-instanced|1794974|17|1
76.61604|0.0130521|non-instanced|1436366|16|1
75.65669|0.0132176|non-instanced|1794974|17|1
101.4209|0.009859899|non-instanced|1794974|17|1
135.4261|0.007384099|non-instanced|1436366|16|1
70.1917|0.0142467|non-instanced|1794974|17|1
96.16859|0.01039841|non-instanced|1794974|17|1
62.85199|0.01591039|non-instanced|1794974|16|1
121.6116|0.008222902|non-instanced|1794974|17|1
119.1356|0.0083938|non-instanced|1794974|17|1
66.79671|0.0149708|non-instanced|1794974|17|1
94.48136|0.0105841|non-instanced|1794974|17|1
101.9784|0.009806002|non-instanced|1794974|17|1
91.07719|0.0109797|non-instanced|1794974|17|1
95.39706|0.0104825|non-instanced|1794974|17|1
103.372|0.009673796|non-instanced|1794974|17|1
88.49163|0.0113005|non-instanced|1794974|17|1
69.45795|0.0143972|non-instanced|1794974|17|1
47.69013|0.0209687|non-instanced|1794974|17|1
93.3681|0.0107103|non-instanced|1794974|17|1
70.18134|0.0142488|non-instanced|1794974|17|1
62.67195|0.0159561|non-instanced|1794974|17|1
70.15771|0.0142536|non-instanced|1794974|16|1
48.45407|0.0206381|non-instanced|1794974|17|1
51.92163|0.01925979|non-instanced|1794974|17|1
45.37307|0.0220395|non-instanced|1794974|16|1
60.43903|0.0165456|non-instanced|1794974|17|1
101.1235|0.009888896|non-instanced|1794974|17|1
101.749|0.009828104|non-instanced|1794974|17|1
58.57373|0.0170725|non-instanced|1794974|17|1
48.0146|0.020827|non-instanced|1794974|17|1
70.98792|0.0140869|non-instanced|1794974|17|1
66.56594|0.0150227|non-instanced|1794974|17|1
48.85461|0.0204689|non-instanced|1794974|17|1
85.96088|0.0116332|non-instanced|1794974|17|1
83.09441|0.0120345|non-instanced|1794974|17|1
64.42053|0.015523|non-instanced|1794974|17|1
85.0015|0.0117645|non-instanced|1794974|17|1
68.83117|0.0145283|non-instanced|1794974|17|1
111.0963|0.009001197|non-instanced|1794974|17|1
119.51|0.008367503|non-instanced|1794974|17|1
76.713|0.0130356|non-instanced|1794974|17|1
80.31873|0.0124504|non-instanced|1794974|17|1
125.7308|0.0079535|non-instanced|1794974|17|1
126.6015|0.007898803|non-instanced|1794974|17|1
84.60741|0.0118193|non-instanced|1794974|17|1
87.91132|0.0113751|non-instanced|1436366|17|1
86.52164|0.0115578|non-instanced|1794974|17|1
86.57259|0.011551|non-instanced|1794974|17|1
87.33927|0.0114496|non-instanced|1794974|17|1
53.64635|0.0186406|non-instanced|1794974|17|1
97.73448|0.0102318|non-instanced|1794974|17|1
113.6209|0.008801198|non-instanced|1794974|17|1
105.532|0.009475801|non-instanced|1794974|17|1
102.9887|0.009709801|non-instanced|1794974|17|1
88.97587|0.011239|non-instanced|1794974|17|1
85.37086|0.0117136|non-instanced|1794974|17|1
91.5801|0.0109194|non-instanced|1794974|17|1
90.12421|0.0110958|non-instanced|1794974|17|1
83.47732|0.0119793|non-instanced|1794974|17|1
94.69876|0.0105598|non-instanced|1794974|17|1
89.00123|0.0112358|non-instanced|1436366|17|1
91.57677|0.0109198|non-instanced|1436366|17|1
86.88628|0.0115093|instanced|1794970|17|1
45.13389|0.0221563|instanced|1794970|17|1
91.10617|0.0109762|instanced|1794970|17|1
92.26201|0.0108387|instanced|1794970|17|1
92.06663|0.0108617|instanced|1794970|17|1
71.88245|0.0139116|instanced|1794970|17|1
99.84124|0.0100159|instanced|1794970|17|1
108.8815|0.009184297|instanced|1794970|17|1
90.87437|0.0110042|instanced|1794970|17|1
90.26735|0.0110782|instanced|1794970|17|1
90.43719|0.0110574|instanced|1436362|17|1
89.66359|0.0111528|instanced|1436362|17|1
44.9709|0.0222366|instanced|1794970|17|1
93.83678|0.0106568|instanced|1077754|15|1
90.8711|0.0110046|instanced|1794970|17|1
91.55414|0.0109225|instanced|1436362|17|1
90.19898|0.0110866|instanced|1794970|17|1
89.29684|0.0111986|instanced|1794970|17|1
91.59104|0.0109181|instanced|1794970|17|1
88.866|0.0112529|instanced|1436362|16|1
95.03261|0.0105227|instanced|1794970|16|1
88.87075|0.0112523|instanced|1436362|17|1
91.87039|0.0108849|instanced|1794970|17|1
90.51329|0.0110481|instanced|1794970|17|1
91.66321|0.0109095|instanced|1794970|17|1
89.65636|0.0111537|instanced|1794970|17|1
91.16102|0.0109696|instanced|1794970|17|1
88.44394|0.0113066|instanced|1794970|17|1
91.47035|0.0109325|instanced|1794970|17|1
90.98024|0.0109914|instanced|1794970|17|1
89.40546|0.011185|instanced|1794970|17|1
90.74243|0.0110202|instanced|1794970|17|1
91.15855|0.0109699|instanced|1794970|17|1
89.31041|0.0111969|instanced|1436362|16|1
90.47644|0.0110526|instanced|1794970|17|1
89.79321|0.0111367|instanced|1077754|17|1
90.6487|0.0110316|instanced|1794970|17|1
88.37825|0.011315|instanced|1794970|17|1
88.85967|0.0112537|instanced|1794970|17|1
90.97444|0.0109921|instanced|1794970|17|1
89.71021|0.011147|instanced|1794970|17|1
86.44241|0.0115684|instanced|1794970|17|1
91.03982|0.0109842|instanced|1794970|17|1
88.82572|0.011258|instanced|1794970|17|1
91.52564|0.0109259|instanced|1794970|17|1
88.61477|0.0112848|instanced|1794970|17|1
87.91132|0.0113751|instanced|1794970|17|1
87.64471|0.0114097|instanced|1794970|17|1
88.71856|0.0112716|instanced|1794970|17|1
87.89895|0.0113767|instanced|1794970|17|1
89.28572|0.0112|instanced|1436362|17|1
88.12047|0.0113481|instanced|1436362|17|1
88.13759|0.0113459|instanced|1794970|17|1
87.88274|0.0113788|instanced|1794970|17|1
73.30681|0.0136413|instanced|1794970|17|1
99.93597|0.01000641|instanced|1794970|17|1
95.40801|0.0104813|instanced|1794970|17|1
86.18757|0.0116026|instanced|1794970|17|1
86.97694|0.0114973|instanced|1436362|16|1
85.86568|0.0116461|instanced|1794970|17|1
84.88099|0.0117812|instanced|1794970|17|1
90.8876|0.0110026|instanced|1794970|17|1
86.35503|0.0115801|instanced|1794970|17|1
84.69053|0.0118077|instanced|1794970|17|1
90.62897|0.011034|instanced|1794970|17|1
85.48174|0.01169841|instanced|1794970|17|1
83.09652|0.0120342|instanced|1794970|17|1
88.80755|0.0112603|instanced|1794970|17|1
85.60619|0.0116814|instanced|1794970|17|1
85.99933|0.011628|instanced|1794970|17|1
88.14612|0.0113448|instanced|1794970|17|1
85.72726|0.0116649|instanced|1794970|17|1
85.90546|0.0116407|instanced|1794970|17|1
86.76944|0.01152479|instanced|1794970|17|1
85.74418|0.0116626|instanced|1436362|17|1
86.74907|0.0115275|instanced|1794970|17|1
86.39082|0.0115753|instanced|1794970|17|1
85.45916|0.0117015|instanced|1794970|17|1
88.3205|0.0113224|instanced|1794970|17|1
84.86369|0.0117836|instanced|1794970|17|1
86.38416|0.0115762|instanced|1794970|17|1
87.02913|0.01149041|instanced|1794970|17|1
74.62911|0.0133996|instanced|1794970|17|1
89.27058|0.0112019|instanced|1794970|17|1
106.3615|0.009401899|instanced|1794970|17|1
43.67003|0.022899|instanced|1794970|17|1
89.66035|0.0111532|instanced|1794970|17|1
90.10551|0.0110981|instanced|1794970|17|1
86.65739|0.0115397|instanced|1794970|17|1
89.36629|0.0111899|instanced|1794970|17|1
88.61244|0.0112851|instanced|1794970|17|1
88.46973|0.0113033|instanced|1794970|17|1
88.73669|0.0112693|instanced|1794970|17|1
91.42685|0.01093771|instanced|1794970|16|1
91.54411|0.0109237|instanced|1794970|17|1
92.5078|0.0108099|instanced|1794970|17|1
93.5585|0.0106885|instanced|1794970|17|1
90.2975|0.0110745|instanced|1794970|17|1
93.48153|0.0106973|instanced|1794970|17|1
62.22658|0.0160703|instanced|1794970|17|1
84.89324|0.0117795|instanced|1794970|17|1
85.0514|0.0117576|instanced|1794970|17|1
73.39232|0.0136254|instanced|1794970|17|1
67.21062|0.0148786|instanced|1794970|17|1
75.70081|0.0132099|instanced|1794970|17|1
89.54076|0.0111681|instanced|1794970|17|1
69.19075|0.0144528|instanced|1794970|17|1
78.05059|0.0128122|instanced|1794970|16|1
72.36782|0.0138183|instanced|1794970|17|1
60.39229|0.01655841|instanced|1794970|17|1
51.96209|0.0192448|instanced|1794970|17|1
41.6228|0.0240253|instanced|1794970|17|1
52.5257|0.0190383|instanced|1794970|17|1
58.7879|0.0170103|instanced|1794970|17|1
47.92326|0.0208667|instanced|1794970|17|1
20.36411|0.049106|instanced|1794970|17|1
101.6136|0.009841199|instanced|1794970|17|1
128.2791|0.0077955|instanced|1794970|17|1
83.60155|0.0119615|instanced|1436362|16|1
70.809|0.0141225|instanced|1794970|17|1
62.29405|0.0160529|instanced|1794970|17|1
53.91822|0.01854661|instanced|1436362|17|1
67.12987|0.0148965|instanced|1794970|17|1
67.48779|0.0148175|instanced|1794970|17|1
55.40932|0.01804751|instanced|1794970|17|1
110.7199|0.009031796|instanced|1794970|17|1
144.5129|0.006919799|instanced|1794970|17|1
59.84654|0.0167094|instanced|1794970|17|1
64.43092|0.0155205|instanced|1794970|17|1
54.0985|0.0184848|instanced|1794970|17|1
132.2979|0.007558702|instanced|1794970|17|1
62.45707|0.016011|instanced|1794970|17|1
59.51814|0.0168016|instanced|1794970|17|1
60.39488|0.0165577|instanced|1794970|17|1
137.5515|0.007270004|instanced|1794970|17|1
145.9258|0.006852799|instanced|1794970|17|1
106.636|0.0093777|instanced|1794970|17|1
82.77872|0.0120804|instanced|1794970|17|1
81.68935|0.0122415|instanced|1794970|17|1
96.54182|0.01035821|instanced|1794970|17|1
93.38992|0.01070779|instanced|1794970|17|1
92.86777|0.010768|instanced|1794970|17|1
84.86726|0.01178311|instanced|1794970|17|1
82.8741|0.0120665|instanced|1794970|17|1
113.6764|0.008796903|instanced|1794970|17|1
95.48911|0.0104724|instanced|1794970|17|1
93.06221|0.0107455|instanced|1794970|16|1
89.0187|0.0112336|instanced|1794970|17|1
103.3816|0.009672903|instanced|1794970|17|1
98.43393|0.0101591|instanced|1794970|17|1
99.92805|0.0100072|instanced|1794970|17|1
99.45004|0.0100553|instanced|1794970|17|1
98.15275|0.0101882|instanced|1794970|17|1
98.17686|0.0101857|instanced|1794970|17|1
103.2173|0.009688301|instanced|1794970|17|1
97.13174|0.0102953|instanced|1794970|17|1
100.1582|0.009984205|instanced|1794970|17|1
100.0751|0.009992496|instanced|1794970|17|1
99.02261|0.0100987|instanced|1794970|17|1
103.8551|0.009628798|instanced|1794970|17|1
105.5688|0.009472499|instanced|1794970|17|1
107.2719|0.009322102|instanced|1794970|17|1
106.6518|0.009376304|instanced|1794970|17|1
105.0288|0.009521195|instanced|1794970|17|1
104.8558|0.009536905|instanced|1436362|16|1
102.261|0.009778897|instanced|1794970|17|1
108.7914|0.0091919|instanced|1794970|16|1
94.86944|0.0105408|instanced|1436362|16|1
95.49821|0.0104714|instanced|1794970|17|1
64.45086|0.0155157|instanced|1794970|17|1
100.1462|0.009985402|instanced|1794970|17|1
87.93449|0.0113721|instanced|1794970|17|1
127.4616|0.0078455|instanced|1794970|17|1
101.7171|0.009831193|instanced|1436362|16|1
102.563|0.009750106|instanced|1436362|16|1
94.82272|0.010546|instanced|1794970|17|1
124.8829|0.008007504|instanced|1794970|17|1
112.3482|0.0089009|instanced|1794970|17|1
115.1955|0.008680896|instanced|1794970|17|1
66.33321|0.0150754|instanced|1794970|17|1
104.196|0.009597301|instanced|1794970|17|1
121.6812|0.008218197|instanced|1794970|17|1
137.7184|0.007261196|instanced|1794970|17|1
63.55056|0.0157355|instanced|1794970|17|1
54.92333|0.0182072|instanced|1794970|17|1
65.26052|0.0153232|instanced|1794970|17|1
135.4811|0.007381101|instanced|1794970|17|1
90.65441|0.0110309|instanced|1794970|17|1
55.55772|0.0179993|instanced|1794970|17|1
48.64642|0.0205565|instanced|1794970|17|1
41.41679|0.0241448|instanced|1436362|16|1
59.95957|0.0166779|instanced|7174090|17|4
111.3797|0.008978295|instanced|7174090|17|4
115.6042|0.008650205|instanced|7174090|17|4
135.0312|0.007405697|instanced|7174090|17|4
153.0456|0.006533999|instanced|7174090|17|4
63.83821|0.0156646|instanced|7174090|17|4
82.33771|0.0121451|instanced|5739658|16|4
86.80707|0.0115198|instanced|7174090|17|4
80.82442|0.0123725|instanced|7174090|17|4
52.90474|0.0189019|instanced|5739658|16|4
107.9354|0.009264803|instanced|5739658|16|4
72.14694|0.0138606|instanced|5739658|16|4
59.01064|0.0169461|instanced|7174090|17|4
53.11605|0.0188267|instanced|7174090|17|4
48.40012|0.0206611|instanced|7174090|17|4
79.97443|0.012504|instanced|7174090|17|4
64.52943|0.0154968|instanced|7174090|17|4
64.64667|0.0154687|instanced|7174090|17|4
136.0045|0.0073527|instanced|7174090|17|4
106.6963|0.009372399|instanced|7174090|17|4
52.54778|0.0190303|instanced|7174090|17|4
47.58098|0.0210168|instanced|7174090|17|4
42.73743|0.0233987|instanced|7174090|17|4
60.82911|0.0164395|instanced|7174090|17|4
78.83949|0.012684|instanced|7174090|17|4
58.56892|0.0170739|instanced|7174090|17|4
57.19678|0.0174835|instanced|7174090|17|4
45.85159|0.0218095|instanced|7174090|17|4
86.99587|0.0114948|instanced|7174090|17|4
91.19006|0.01096611|instanced|7174090|17|4
99.40856|0.0100595|instanced|7174090|17|4
86.93611|0.0115027|instanced|5739658|17|4
121.776|0.008211798|instanced|7174090|17|4
107.4656|0.0093053|instanced|7174090|17|4
118.8255|0.008415703|instanced|7174090|17|4
88.62657|0.0112833|instanced|7174090|17|4
90.68319|0.0110274|instanced|7174090|17|4
89.86097|0.0111283|instanced|7174090|17|4
91.57429|0.0109201|instanced|7174090|17|4
90.52311|0.0110469|instanced|7174090|17|4
86.06741|0.0116188|instanced|7174090|17|4
71.85973|0.013916|instanced|7174090|17|4
94.72572|0.0105568|instanced|7174090|17|4
128.1804|0.007801502|instanced|7174090|17|4
88.57712|0.0112896|instanced|7174090|17|4
86.19352|0.0116018|instanced|7174090|17|4
97.78996|0.010226|instanced|7174090|17|4
89.83271|0.0111318|instanced|7174090|17|4
92.27305|0.0108374|instanced|7174090|17|4
90.4511|0.0110557|instanced|7174090|17|4
93.71719|0.0106704|instanced|7174090|17|4
88.59592|0.0112872|instanced|7174090|17|4
92.76954|0.0107794|instanced|4305226|15|4
90.49774|0.01105|instanced|7174090|17|4
92.00054|0.0108695|instanced|7174090|17|4
89.53196|0.0111692|instanced|7174090|17|4
92.82727|0.0107727|instanced|7174090|17|4
90.11684|0.0110967|instanced|7174090|17|4
90.60273|0.0110372|instanced|7174090|17|4
87.90666|0.0113757|instanced|7174090|17|4
91.99628|0.01087|instanced|7174090|17|4
91.78608|0.0108949|instanced|7174090|17|4
89.48949|0.0111745|instanced|7174090|17|4
90.11851|0.0110965|instanced|7174090|17|4
91.86615|0.0108854|instanced|7174090|17|4
89.18618|0.0112125|instanced|7174090|17|4
90.96945|0.0109927|instanced|7174090|17|4
87.47223|0.0114322|instanced|5739658|16|4
89.53996|0.0111682|instanced|7174090|17|4
84.2673|0.011867|instanced|5739658|17|4
88.18887|0.0113393|instanced|7174090|17|4
91.09788|0.0109772|instanced|5739658|16|4
77.42156|0.0129163|instanced|5739658|16|4
50.53363|0.0197888|instanced|7174090|17|4
52.19045|0.01916059|instanced|7174090|16|4
78.60398|0.012722|instanced|7174090|17|4
52.99276|0.0188705|instanced|7174090|17|4
78.5873|0.0127247|instanced|7174090|17|4
67.56165|0.0148013|instanced|7174090|17|4
44.18913|0.02263|instanced|7174090|17|4
86.31034|0.0115861|instanced|7174090|17|4
48.34211|0.0206859|instanced|7174090|17|4
63.80806|0.015672|instanced|7174090|17|4
49.85566|0.0200579|instanced|7174090|17|4
69.12954|0.0144656|instanced|7174090|17|4
53.65411|0.0186379|instanced|7174090|17|4
66.12227|0.0151235|instanced|7174090|17|4
60.51658|0.0165244|instanced|7174090|17|4
80.54124|0.012416|instanced|7174090|17|4
137.1046|0.0072937|instanced|7174090|17|4
116.7119|0.008568105|instanced|7174090|17|4
74.86377|0.0133576|instanced|7174090|17|4
70.99095|0.0140863|instanced|7174090|17|4
76.01093|0.013156|instanced|7174090|17|4
76.73715|0.0130315|instanced|7174090|17|4
73.39396|0.0136251|instanced|7174090|17|4
76.70654|0.0130367|instanced|7174090|17|4
71.25804|0.0140335|instanced|7174090|17|4
46.64964|0.0214364|instanced|7174090|17|4
109.9445|0.0090955|instanced|7174090|17|4
84.1609|0.011882|instanced|7174090|17|4
56.79333|0.0176077|instanced|16139290|17|9
55.71187|0.0179495|instanced|16139290|17|9
59.34436|0.0168508|instanced|16139290|17|9
52.66428|0.0189882|instanced|16139290|17|9
85.13971|0.0117454|instanced|16139290|17|9
76.32597|0.0131017|instanced|16139290|17|9
75.63382|0.0132216|instanced|16139290|17|9
114.3406|0.008745798|instanced|16139290|17|9
92.5018|0.0108106|instanced|16139290|17|9
60.33546|0.016574|instanced|16139290|17|9
91.97686|0.0108723|instanced|16139290|17|9
48.92033|0.0204414|instanced|16139290|17|9
79.38334|0.0125971|instanced|12911818|16|9
81.80158|0.0122247|instanced|16139290|17|9
77.01195|0.012985|instanced|12911818|17|9
75.47513|0.0132494|instanced|16139290|17|9
88.35091|0.0113185|instanced|16139290|17|9
82.02639|0.0121912|instanced|16139290|17|9
80.52566|0.0124184|instanced|16139290|17|9
79.85627|0.0125225|instanced|16139290|17|9
82.06879|0.0121849|instanced|16139290|17|9
81.53615|0.0122645|instanced|12911818|16|9
83.04063|0.0120423|instanced|16139290|17|9
80.88585|0.0123631|instanced|16139290|17|9
82.04994|0.0121877|instanced|12911818|16|9
81.76211|0.0122306|instanced|16139290|17|9
80.96971|0.0123503|instanced|16139290|17|9
83.29236|0.0120059|instanced|12911818|16|9
81.53747|0.0122643|instanced|16139290|17|9
77.66507|0.0128758|instanced|16139290|17|9
86.60113|0.01154719|instanced|16139290|17|9
82.30856|0.0121494|instanced|16139290|17|9
79.48811|0.0125805|instanced|16139290|17|9
85.02388|0.0117614|instanced|16139290|17|9
78.38097|0.0127582|instanced|16139290|17|9
84.2673|0.011867|instanced|16139290|17|9
83.30003|0.0120048|instanced|16139290|17|9
81.2308|0.0123106|instanced|16139290|17|9
80.24715|0.0124615|instanced|16139290|17|9
81.21103|0.0123136|instanced|16139290|16|9
77.45692|0.0129104|instanced|16139290|16|9
85.88261|0.0116438|instanced|16139290|17|9
81.41798|0.0122823|instanced|16139290|17|9
80.04738|0.0124926|instanced|16139290|17|9
81.8411|0.0122188|instanced|16139290|17|9
81.4538|0.0122769|instanced|16139290|17|9
81.21566|0.0123129|instanced|16139290|17|9
31.6609|0.0315847|instanced|16139290|17|9
139.6199|0.007162302|instanced|16139290|17|9
141.5709|0.007063598|instanced|16139290|17|9
79.48304|0.0125813|instanced|9684346|15|9
76.89525|0.01300471|instanced|16139290|17|9
58.61974|0.0170591|instanced|16139290|17|9
46.87595|0.0213329|instanced|12911818|16|9
79.82568|0.0125273|instanced|16139290|17|9
55.683|0.0179588|instanced|16139290|17|9
57.49969|0.0173914|instanced|16139290|17|9
99.8243|0.0100176|instanced|12911818|16|9
51.37637|0.0194642|instanced|16139290|17|9
103.4971|0.009662103|instanced|16139290|17|9
121.8369|0.008207696|instanced|16139290|17|9
57.65349|0.017345|instanced|16139290|17|9
70.83309|0.01411769|instanced|16139290|16|9
41.26348|0.0242345|instanced|16139290|17|9
87.13989|0.0114758|instanced|16139290|17|9
119.7031|0.008354004|instanced|16139290|17|9
54.93058|0.0182048|instanced|16139290|17|9
72.26373|0.0138382|instanced|16139290|17|9
45.53609|0.0219606|instanced|16139290|17|9
59.01901|0.01694369|instanced|16139290|17|9
116.3872|0.008592007|instanced|16139290|17|9
109.3662|0.009143594|instanced|16139290|17|9
99.7108|0.010029|instanced|16139290|17|9
77.16705|0.0129589|instanced|16139290|17|9
70.68837|0.0141466|instanced|16139290|17|9
75.39831|0.0132629|instanced|16139290|17|9
55.67773|0.0179605|instanced|16139290|16|9
81.81966|0.012222|instanced|12911818|16|9
68.11524|0.014681|instanced|16139290|17|9
81.35175|0.0122923|instanced|16139290|17|9
66.32398|0.0150775|instanced|16139290|17|9
102.9453|0.009713896|instanced|16139290|17|9
85.87227|0.0116452|instanced|16139290|17|9
104.5686|0.009563102|instanced|16139290|17|9
67.56667|0.0148002|instanced|16139290|17|9
118.1684|0.0084625|instanced|16139290|17|9
79.36633|0.0125998|instanced|16139290|17|9
66.06853|0.0151358|instanced|16139290|17|9
73.23434|0.0136548|instanced|16139290|17|9
76.16843|0.0131288|instanced|16139290|16|9
89.62578|0.0111575|instanced|16139290|17|9
128.7267|0.007768396|instanced|16139290|17|9
81.49161|0.0122712|instanced|16139290|17|9
86.47001|0.0115647|instanced|16139290|17|9
80.98416|0.01234809|instanced|16139290|17|9
82.53683|0.0121158|instanced|16139290|17|9
74.9041|0.0133504|instanced|16139290|17|9
88.71387|0.01127219|instanced|16139290|17|9
80.16674|0.012474|instanced|16139290|17|9
80.0506|0.0124921|instanced|16139290|17|9
84.54729|0.0118277|instanced|16139290|17|9
82.53751|0.0121157|instanced|16139290|16|9
80.58796|0.0124088|instanced|16139290|17|9
82.61526|0.0121043|instanced|16139290|17|9
83.39381|0.0119913|instanced|16139290|17|9
81.00313|0.0123452|instanced|9684346|15|9
77.98003|0.01282379|instanced|9684346|15|9
88.94341|0.0112431|instanced|16139290|17|9
75.16595|0.0133039|instanced|16139290|17|9
92.19733|0.0108463|instanced|16139290|17|9
78.86562|0.0126798|instanced|16139290|17|9
77.53139|0.012898|instanced|16139290|17|9
93.65487|0.0106775|instanced|16139290|17|9
85.26965|0.0117275|instanced|16139290|17|9
83.89124|0.0119202|instanced|16139290|17|9
83.24382|0.0120129|instanced|16139290|17|9
80.34584|0.01244619|instanced|16139290|17|9
88.31033|0.0113237|instanced|16139290|17|9
83.96022|0.0119104|instanced|16139290|17|9
83.12418|0.01203019|instanced|16139290|17|9
84.36256|0.0118536|instanced|16139290|17|9
83.94544|0.0119125|instanced|16139290|17|9
85.82214|0.01165201|instanced|16139290|17|9
83.79211|0.0119343|instanced|16139290|17|9
84.58018|0.0118231|instanced|16139290|17|9
84.65751|0.0118123|instanced|12911818|16|9
85.79349|0.0116559|instanced|16139290|17|9
83.86517|0.0119239|instanced|16139290|17|16
34.99268|0.0285774|instanced|22952844|16|16
91.77426|0.0108963|instanced|28690572|17|16
87.13537|0.0114764|instanced|28690572|17|16
83.88556|0.011921|instanced|28690572|17|16
65.3168|0.01531|instanced|28690572|17|16
79.47736|0.0125822|instanced|28690572|17|16
95.60963|0.0104592|instanced|28690572|17|16
100.085|0.009991503|instanced|22952844|16|16
65.31253|0.015311|instanced|28690572|17|16
60.45803|0.0165404|instanced|28690572|17|16
53.39997|0.0187266|instanced|28690572|17|16
67.0529|0.0149136|instanced|28690572|17|16
72.08452|0.0138726|instanced|28690572|17|16
55.34096|0.0180698|instanced|28690572|17|16
93.96024|0.0106428|instanced|28690572|17|16
75.58067|0.0132309|instanced|28690572|17|16
59.09431|0.0169221|instanced|28690572|17|16
85.33952|0.0117179|instanced|28690572|17|16
89.62578|0.0111575|instanced|28690572|17|16
56.27874|0.0177687|instanced|28690572|17|16
63.93372|0.0156412|instanced|28690572|17|16
58.34783|0.0171386|instanced|28690572|17|16
46.2706|0.021612|instanced|28690572|17|16
95.7955|0.0104389|instanced|28690572|17|16
97.10341|0.0102983|instanced|28690572|17|16
76.81965|0.0130175|instanced|28690572|17|16
56.1473|0.0178103|instanced|28690572|17|16
53.51199|0.0186874|instanced|28690572|17|16
84.08518|0.0118927|instanced|28690572|17|16
93.15325|0.010735|instanced|28690572|17|16
63.99794|0.0156255|instanced|28690572|17|16
73.77951|0.0135539|instanced|28690572|16|16
80.7174|0.0123889|instanced|28690572|17|16
85.34247|0.0117175|instanced|28690572|17|16
89.04796|0.0112299|instanced|28690572|17|16
88.43379|0.01130789|instanced|28690572|17|16
67.64388|0.01478331|instanced|28690572|17|16
85.62156|0.0116793|instanced|28690572|17|16
89.45188|0.01117919|instanced|28690572|17|16
89.2817|0.0112005|instanced|28690572|17|16
89.71027|0.011147|instanced|28690572|17|16
86.2991|0.01158761|instanced|28690572|17|16
84.99357|0.0117656|instanced|28690572|17|16
85.12306|0.0117477|instanced|22952844|16|16
84.8054|0.0117917|instanced|28690572|17|16
89.07815|0.0112261|instanced|28690572|17|16
73.44514|0.0136156|instanced|28690572|17|16
85.57104|0.0116862|instanced|28690572|17|16
82.48782|0.012123|instanced|28690572|17|16
77.43652|0.0129138|instanced|28690572|17|16
71.63735|0.0139592|instanced|22952844|16|16
81.055|0.0123373|instanced|28690572|17|16
78.69186|0.0127078|instanced|28690572|17|16
70.92851|0.0140987|instanced|28690572|17|16
79.31155|0.0126085|instanced|28690572|17|16
69.93059|0.01429989|instanced|28690572|17|16
79.35812|0.01260111|instanced|28690572|17|16
80.13078|0.0124796|instanced|28690572|17|16
72.5758|0.0137787|instanced|28690572|17|16
65.86356|0.0151829|instanced|28690572|17|16
77.34311|0.0129294|instanced|28690572|17|16
74.7971|0.0133695|instanced|28690572|17|16
73.01083|0.0136966|instanced|28690572|17|16
67.25224|0.01486939|instanced|28690572|17|16
76.3965|0.0130896|instanced|28690572|17|16
77.14026|0.0129634|instanced|17215116|15|16
66.51634|0.0150339|instanced|28690572|17|16
67.65395|0.0147811|instanced|17215116|15|16
71.13692|0.0140574|instanced|28690572|17|16
71.69282|0.0139484|instanced|28690572|17|16
66.4571|0.0150473|instanced|28690572|17|16
71.4204|0.0140016|instanced|28690572|17|16
69.59232|0.0143694|instanced|22952844|17|16
70.38786|0.01420699|instanced|28690572|17|16
66.87217|0.0149539|instanced|28690572|17|16
66.99137|0.0149273|instanced|28690572|16|16
67.03669|0.01491721|instanced|28690572|17|16
66.81859|0.01496589|instanced|28690572|17|16
66.55351|0.0150255|instanced|28690572|17|16
66.368|0.0150675|instanced|28690572|17|16
66.76861|0.0149771|instanced|28690572|17|16
63.76737|0.015682|instanced|28690572|17|16
63.2563|0.0158087|instanced|28690572|17|16
62.7526|0.01593559|instanced|28690572|17|16
62.9695|0.0158807|instanced|28690572|17|16
62.50703|0.0159982|instanced|28690572|17|16
61.21113|0.0163369|instanced|28690572|17|16
50.813|0.01968|instanced|28690572|17|16
56.81882|0.0175998|instanced|28690572|17|16
60.12001|0.0166334|instanced|28690572|17|16
59.95995|0.0166778|instanced|28690572|17|16
58.81867|0.0170014|instanced|28690572|17|16
59.55146|0.0167922|instanced|28690572|17|16
60.04708|0.0166536|instanced|28690572|17|16
56.25626|0.0177758|instanced|28690572|17|16
57.78042|0.0173069|instanced|28690572|17|25
35.75336|0.0279694|instanced|44827932|17|25
37.52316|0.02665021|instanced|44827932|17|25
37.7434|0.0264947|instanced|44827932|17|25
35.7865|0.0279435|instanced|44827932|17|25
35.98378|0.0277903|instanced|44827932|17|25
35.86491|0.0278824|instanced|44827932|17|25
35.97148|0.0277998|instanced|44827932|17|25
35.01033|0.028563|instanced|44827932|16|25
35.02872|0.028548|instanced|35862732|16|25
35.32945|0.028305|instanced|44827932|17|25
35.57832|0.028107|instanced|44827932|17|25
35.35654|0.02828331|instanced|44827932|17|25
35.57301|0.0281112|instanced|44827932|16|25
35.53218|0.0281435|instanced|44827932|17|25
35.36806|0.0282741|instanced|35862732|16|25
35.2669|0.0283552|instanced|44827932|17|25
35.21424|0.0283976|instanced|44827932|17|25
35.57263|0.0281115|instanced|44827932|17|25
35.15284|0.0284472|instanced|44827932|17|25
35.25609|0.0283639|instanced|44827932|17|25
35.54911|0.0281301|instanced|44827932|17|25
35.15705|0.0284438|instanced|26897532|15|25
35.73088|0.027987|instanced|44827932|17|25
35.86041|0.02788591|instanced|44827932|17|25
36.0891|0.0277092|instanced|44827932|17|25
35.96889|0.0278018|instanced|44827932|17|25
36.09053|0.0277081|instanced|44827932|17|25
36.78526|0.0271848|instanced|44827932|17|25
36.04227|0.0277452|instanced|44827932|16|25
36.88907|0.0271083|instanced|44827932|17|25
36.08154|0.027715|instanced|44827932|17|25
36.54557|0.0273631|instanced|44827932|17|25
36.76362|0.0272008|instanced|44827932|17|25
36.29579|0.0275514|instanced|35862732|16|25
36.55118|0.0273589|instanced|44827932|17|25
37.19381|0.0268862|instanced|44827932|17|25
36.66133|0.0272767|instanced|44827932|17|25
37.56744|0.0266188|instanced|44827932|17|25
36.99127|0.0270334|instanced|44827932|17|25
37.95441|0.0263474|instanced|44827932|17|25
37.56744|0.0266188|instanced|44827932|17|25
37.5663|0.0266196|instanced|44827932|17|25
37.91354|0.0263758|instanced|44827932|17|25
37.42472|0.0267203|instanced|44827932|17|25
37.66422|0.0265504|instanced|35862732|16|25
37.30801|0.0268039|instanced|44827932|17|25
38.95734|0.0256691|instanced|44827932|17|25
38.08189|0.0262592|instanced|44827932|17|25
37.88811|0.0263935|instanced|44827932|17|25
38.00822|0.0263101|instanced|44827932|17|25
38.46449|0.025998|instanced|44827932|17|25
38.67828|0.0258543|instanced|44827932|17|25
38.53506|0.0259504|instanced|44827932|17|25
38.5676|0.0259285|instanced|44827932|17|25
38.64361|0.0258775|instanced|44827932|17|25
39.19893|0.0255109|instanced|44827932|17|25
39.24401|0.0254816|instanced|44827932|17|25
38.87737|0.0257219|instanced|44827932|17|25
39.46673|0.0253378|instanced|44827932|17|25
39.3569|0.0254085|instanced|44827932|17|36
27.87161|0.0358788|instanced|64551372|17|36
28.37024|0.0352482|instanced|64551372|17|36
28.2226|0.0354326|instanced|64551372|17|36
28.17378|0.035494|instanced|64551372|17|36
28.25043|0.0353977|instanced|64551372|17|36
28.01191|0.0356991|instanced|64551372|17|36
28.70873|0.0348326|instanced|64551372|17|36
28.46651|0.035129|instanced|64551372|17|36
28.84646|0.0346663|instanced|51641484|16|36
29.94469|0.03339491|instanced|64551372|17|36
28.95588|0.0345353|instanced|64551372|17|36
29.27563|0.0341581|instanced|64551372|17|36
29.3109|0.034117|instanced|64551372|17|36
29.19273|0.0342551|instanced|64551372|17|36
29.36935|0.0340491|instanced|64551372|17|36
29.76669|0.0335946|instanced|64551372|16|36
29.82022|0.0335343|instanced|64551372|17|36
29.5482|0.03384301|instanced|64551372|17|36
30.077|0.033248|instanced|64551372|17|36
30.2409|0.0330678|instanced|64551372|17|36
30.14045|0.03317801|instanced|64551372|17|36
30.22125|0.0330893|instanced|64551372|17|36
30.43325|0.0328588|instanced|64551372|17|36
30.52867|0.03275609|instanced|64551372|17|36
30.65256|0.0326237|instanced|64551372|17|36
30.92758|0.0323336|instanced|64551372|17|36
30.78164|0.0324869|instanced|64551372|17|36
31.03855|0.032218|instanced|64551372|17|36
30.71168|0.0325609|instanced|51641484|16|36
30.95803|0.0323018|instanced|64551372|17|36
30.84963|0.0324153|instanced|64551372|17|36
30.80933|0.0324577|instanced|64551372|17|36
31.54226|0.0317035|instanced|51641484|16|36
31.1779|0.032074|instanced|64551372|17|36
31.59657|0.031649|instanced|64551372|17|36
31.47099|0.0317753|instanced|64551372|17|36
31.79873|0.0314478|instanced|64551372|17|36
31.55301|0.03169269|instanced|64551372|16|36
31.45346|0.03179301|instanced|64551372|17|36
31.95419|0.0312948|instanced|64551372|17|36
31.63336|0.0316122|instanced|64551372|17|36
31.61935|0.03162621|instanced|64551372|17|49
23.47611|0.0425965|instanced|87860892|17|49
23.57401|0.0424196|instanced|87860892|17|49
23.73239|0.0421365|instanced|87860892|17|49
24.02916|0.0416161|instanced|87860892|17|49
23.54698|0.0424683|instanced|87860892|17|49
26.04913|0.038389|instanced|87860892|17|49
26.08079|0.0383424|instanced|87860892|17|49
26.40508|0.0378715|instanced|87860892|17|49
27.56324|0.0362802|instanced|87860892|17|49
27.5163|0.0363421|instanced|87860892|17|49
27.78326|0.0359929|instanced|87860892|17|49
28.50082|0.03508671|instanced|87860892|17|49
28.31506|0.0353169|instanced|87860892|17|49
28.47997|0.03511239|instanced|87860892|17|49
29.33282|0.0340915|instanced|70289100|17|49
29.60822|0.0337744|instanced|87860892|17|49
29.30918|0.034119|instanced|87860892|17|49
30.27972|0.0330254|instanced|87860892|17|49
30.60341|0.0326761|instanced|87860892|17|49
30.45243|0.0328381|instanced|87860892|17|49
30.5268|0.0327581|instanced|87860892|17|49
31.23819|0.0320121|instanced|87860892|17|49
31.43369|0.031813|instanced|87860892|17|49
31.53977|0.031706|instanced|87860892|17|49
31.24561|0.0320045|instanced|87860892|17|49
31.42282|0.031824|instanced|70289100|16|49
31.47406|0.0317722|instanced|87860892|17|49
30.92012|0.0323414|instanced|87860892|17|49
30.29863|0.0330048|instanced|87860892|17|49
30.66234|0.0326133|instanced|87860892|17|49
30.44223|0.0328491|instanced|87860892|17|49
29.22054|0.0342225|instanced|87860892|17|49
29.46142|0.0339427|instanced|87860892|17|49
29.47626|0.0339256|instanced|87860892|17|49
29.61576|0.0337658|instanced|87860892|17|49
29.6494|0.03372749|instanced|87860892|17|49
29.73288|0.0336328|instanced|87860892|17|49
29.86715|0.0334816|instanced|87860892|17|49
30.00678|0.0333258|instanced|87860892|17|49
29.99607|0.0333377|instanced|87860892|17|49
30.20108|0.03311139|instanced|87860892|17|49
30.16828|0.0331474|instanced|87860892|17|49
30.37584|0.0329209|instanced|87860892|17|49
30.157|0.0331598|instanced|87860892|17|49
30.27139|0.0330345|instanced|87860892|17|49
30.10117|0.0332213|instanced|87860892|17|49
30.48464|0.0328034|instanced|87860892|17|49
30.0276|0.0333027|instanced|87860892|17|49
30.54955|0.0327337|instanced|87860892|16|49
30.20427|0.0331079|instanced|87860892|16|49
30.29165|0.0330124|instanced|87860892|17|49
30.35381|0.0329448|instanced|87860892|17|49
30.1282|0.0331915|instanced|87860892|16|49
30.32527|0.0329758|instanced|87860892|17|49
30.31948|0.0329821|instanced|87860892|17|49
30.18494|0.0331291|instanced|87860892|17|49
30.30882|0.0329937|instanced|87860892|17|49
30.41982|0.0328733|instanced|87860892|17|49
30.37344|0.0329235|instanced|70289100|16|49
30.59704|0.0326829|instanced|87860892|17|49
30.47238|0.0328166|instanced|87860892|17|49
30.55908|0.0327235|instanced|87860892|17|49
30.40808|0.032886|instanced|87860892|17|49
30.67616|0.0325986|instanced|70289100|16|49
30.61259|0.0326663|instanced|87860892|17|49
30.53379|0.0327506|instanced|87860892|17|49
30.66441|0.0326111|instanced|87860892|17|49
30.48251|0.0328057|instanced|87860892|17|49
30.38507|0.03291091|instanced|87860892|17|49
30.68991|0.032584|instanced|87860892|17|49
30.29771|0.0330058|instanced|70289100|16|49
30.67212|0.0326029|instanced|87860892|17|49
30.63106|0.0326466|instanced|87860892|17|49
30.44752|0.0328434|instanced|87860892|17|49
30.51935|0.0327661|instanced|87860892|17|49
30.51487|0.03277091|instanced|87860892|17|49
30.7505|0.0325198|instanced|87860892|17|49
30.33723|0.0329628|instanced|87860892|17|49
30.57281|0.0327088|instanced|87860892|17|49
30.64345|0.0326334|instanced|87860892|17|49
30.41242|0.0328813|instanced|87860892|17|49
30.57804|0.0327032|instanced|87860892|17|49
30.63312|0.0326444|instanced|87860892|17|49
30.47007|0.0328191|instanced|87860892|17|49
31.51383|0.0317321|instanced|87860892|17|49
30.70904|0.0325637|instanced|87860892|17|49
30.52139|0.0327639|instanced|87860892|17|49
30.33437|0.0329659|instanced|87860892|17|49
30.52485|0.0327602|instanced|87860892|17|49
30.69848|0.0325749|instanced|87860892|17|49
30.54386|0.0327398|instanced|87860892|17|49
30.43871|0.0328529|instanced|87860892|16|49
30.63857|0.0326386|instanced|87860892|17|49
30.53183|0.0327527|instanced|87860892|17|49
30.65406|0.0326221|instanced|87860892|17|49
30.57674|0.0327046|instanced|87860892|16|49
30.51469|0.0327711|instanced|87860892|17|49
30.52456|0.0327605|instanced|87860892|17|49
30.48232|0.0328059|instanced|87860892|17|49
30.55693|0.0327258|instanced|87860892|17|49
30.62412|0.032654|instanced|70289100|16|49
30.96005|0.03229969|instanced|87860892|17|49
30.79539|0.0324724|instanced|87860892|17|64
15.6045|0.0640841|instanced|114756492|17|64
23.83035|0.0419633|instanced|91805580|17|64
23.9424|0.0417669|instanced|91805580|17|64
20.01269|0.0499683|instanced|114756492|16|64
23.83478|0.0419555|instanced|114756492|17|64
25.10343|0.0398352|instanced|114756492|17|64
25.18993|0.03969841|instanced|114756492|17|64
25.20187|0.0396796|instanced|114756492|17|64
25.45403|0.0392865|instanced|114756492|17|64
25.40392|0.039364|instanced|114756492|17|64
25.43319|0.0393187|instanced|114756492|17|64
25.81104|0.0387431|instanced|114756492|17|64
25.85543|0.03867659|instanced|114756492|17|64
25.91802|0.0385832|instanced|114756492|17|64
25.9909|0.038475|instanced|114756492|17|64
26.0551|0.0383802|instanced|114756492|17|64
26.05918|0.0383742|instanced|114756492|17|64
26.47057|0.03777781|instanced|114756492|17|64
26.20072|0.03816689|instanced|114756492|17|64
26.61131|0.03757801|instanced|114756492|17|64
26.89061|0.0371877|instanced|114756492|17|64
26.77333|0.0373506|instanced|114756492|17|64
26.87211|0.0372133|instanced|114756492|17|64
26.63769|0.03754079|instanced|114756492|17|64
27.12887|0.0368611|instanced|114756492|17|64
28.46246|0.035134|instanced|114756492|17|64
28.49791|0.0350903|instanced|114756492|17|64
28.72779|0.0348095|instanced|114756492|17|64
29.05617|0.0344161|instanced|114756492|17|64
29.13235|0.0343261|instanced|114756492|17|64
28.99635|0.03448709|instanced|114756492|17|64
29.25225|0.0341854|instanced|114756492|17|64
29.43566|0.0339724|instanced|114756492|17|64
29.19043|0.0342578|instanced|114756492|17|81
23.38487|0.0427627|instanced|145238172|17|81
23.15731|0.0431829|instanced|145238172|17|81
23.50403|0.0425459|instanced|145238172|17|81
23.38907|0.042755|instanced|116190924|17|81
23.61353|0.0423486|instanced|145238172|17|81
23.55418|0.0424553|instanced|145238172|17|81
24.88267|0.04018861|instanced|145238172|17|81
25.67104|0.0389544|instanced|145238172|17|81
25.56506|0.03911589|instanced|145238172|16|81
25.50142|0.0392135|instanced|145238172|17|81
25.62965|0.0390173|instanced|145238172|17|81
25.66445|0.0389644|instanced|116190924|16|81
25.63564|0.0390082|instanced|145238172|17|81
25.64655|0.0389916|instanced|145238172|17|81
25.74805|0.0388379|instanced|145238172|17|81
25.94498|0.0385431|instanced|145238172|17|81
25.73168|0.0388626|instanced|145238172|17|81
25.79786|0.0387629|instanced|145238172|16|81
25.80392|0.0387538|instanced|145238172|17|81
25.88561|0.03863151|instanced|145238172|17|81
25.92299|0.03857579|instanced|145238172|17|81
25.55623|0.0391294|instanced|145238172|17|81
25.51059|0.0391994|instanced|145238172|17|81
25.52525|0.0391769|instanced|145238172|16|81
25.82771|0.0387181|instanced|116190924|16|81
25.50753|0.0392041|instanced|145238172|17|81
25.1763|0.0397199|instanced|145238172|17|81
24.6232|0.0406121|instanced|145238172|17|81
24.69746|0.04048999|instanced|145238172|17|81
24.77087|0.04037001|instanced|145238172|17|81
24.31203|0.0411319|instanced|145238172|17|81
24.77105|0.04036971|instanced|145238172|17|81
24.75701|0.0403926|instanced|145238172|17|81
25.16154|0.0397432|instanced|145238172|17|100
20.70518|0.0482971|instanced|179305938|17|100
20.9258|0.0477879|instanced|179305938|17|100
20.68282|0.0483493|instanced|179305938|17|100
20.80533|0.0480646|instanced|143445138|17|100
20.93057|0.047777|instanced|143445138|16|100
20.54633|0.0486705|instanced|179305938|17|100
21.1208|0.0473467|instanced|179305938|17|100
20.8743|0.0479058|instanced|179305938|17|100
20.7428|0.0482095|instanced|143445138|15|100
20.73059|0.0482379|instanced|179305938|16|100
20.93969|0.0477562|instanced|179305938|17|100
21.02656|0.0475589|instanced|179305938|17|100
20.54468|0.0486744|instanced|179305938|17|100
20.73501|0.0482276|instanced|143445138|16|100
20.41808|0.0489762|instanced|179305938|17|100
20.10374|0.049742|instanced|179305938|17|100
20.07637|0.0498098|instanced|179305938|17|100
20.04418|0.0498898|instanced|143445138|16|100
20.31752|0.0492186|instanced|179305938|17|100
20.46509|0.04886371|instanced|179305938|17|100
20.6053|0.0485312|instanced|179305938|17|100
20.62732|0.0484794|instanced|179305938|17|100
20.87822|0.0478968|instanced|179305938|17|100
20.70025|0.0483086|instanced|179305938|16|100
20.6673|0.0483856|instanced|179305938|16|100
20.90314|0.0478397|instanced|179305938|17|100
20.69237|0.048327|instanced|179305938|17|100
21.04643|0.047514|instanced|179305938|17|100
20.76265|0.0481634|instanced|179305938|17|121
17.26958|0.0579053|instanced|216959778|17|121
17.3503|0.0576359|instanced|216959778|17|121
17.18098|0.0582039|instanced|216959778|17|121
17.60411|0.0568049|instanced|173568210|16|121
17.08844|0.0585191|instanced|216959778|17|121
16.99281|0.05884841|instanced|216959778|17|121
17.03114|0.05871599|instanced|216959778|17|121
17.33508|0.0576865|instanced|216959778|17|121
16.80393|0.0595099|instanced|216959778|17|121
16.95283|0.0589872|instanced|216959778|17|121
17.02525|0.0587363|instanced|216959778|17|121
17.0318|0.0587137|instanced|216959778|17|121
17.18617|0.0581863|instanced|216959778|17|121
17.06482|0.0586001|instanced|216959778|17|121
17.18954|0.0581749|instanced|216959778|17|121
17.15075|0.0583065|instanced|216959778|17|121
17.23597|0.0580182|instanced|216959778|17|121
17.28973|0.0578378|instanced|173568210|15|121
17.35376|0.0576244|instanced|216959778|17|121
17.25935|0.0579396|instanced|216959778|17|121
17.01059|0.05878691|instanced|216959778|17|121
16.96517|0.0589443|instanced|216959778|17|121
16.93824|0.059038|instanced|216959778|16|121
16.84338|0.0593705|instanced|216959778|16|121
16.89594|0.0591858|instanced|216959778|17|121
16.76353|0.0596533|instanced|216959778|17|121
16.77678|0.0596062|instanced|216959778|17|121
17.03479|0.05870339|instanced|216959778|17|121
17.10138|0.0584748|instanced|216959778|17|121
17.08975|0.05851461|instanced|216959778|17|121
17.3878|0.0575116|instanced|216959778|17|121
17.26964|0.0579051|instanced|216959778|16|121
17.17525|0.0582233|instanced|216959778|17|121
17.30667|0.0577812|instanced|216959778|17|121
17.43491|0.0573562|instanced|216959778|16|121
17.20039|0.0581382|instanced|216959778|16|100
20.8564|0.0479469|instanced|179305938|17|100
20.89087|0.04786779|instanced|179305938|17|100
20.72968|0.04824|instanced|179305938|17|100
21.23322|0.047096|instanced|179305938|17|100
20.62996|0.0484732|instanced|179305938|17|100
20.64116|0.0484469|instanced|179305938|17|100
20.53586|0.0486953|instanced|179305938|17|100
19.97802|0.050055|instanced|179305938|17|100
20.52882|0.048712|instanced|179305938|17|100
17.25771|0.0579451|instanced|179305938|17|100
21.10279|0.0473871|instanced|179305938|16|100
20.54118|0.0486827|instanced|179305938|17|100
20.3739|0.0490824|instanced|179305938|17|100
20.56391|0.0486289|instanced|179305938|17|100
20.50693|0.048764|instanced|179305938|17|100
20.8303|0.048007|instanced|179305938|17|100
20.65813|0.0484071|instanced|179305938|17|100
20.87831|0.0478966|instanced|179305938|17|100
20.84736|0.0479677|instanced|179305938|17|100
20.78881|0.0481028|instanced|179305938|16|100
20.94153|0.047752|instanced|143445138|17|100
20.65599|0.0484121|instanced|143445138|17|81
25.57852|0.0390953|instanced|145238172|17|81
25.74838|0.03883739|instanced|145238172|17|81
12.63116|0.0791693|instanced|145238172|17|81
23.09458|0.0433002|instanced|145238172|17|81
24.0744|0.0415379|instanced|145238172|17|81
24.0073|0.041654|instanced|145238172|17|81
24.17503|0.041365|instanced|145238172|17|81
24.08628|0.0415174|instanced|145238172|17|81
24.10888|0.04147849|instanced|145238172|17|81
24.01415|0.04164211|instanced|145238172|17|81
23.94705|0.04175879|instanced|145238172|17|81
24.15027|0.04140741|instanced|145238172|17|81
24.01018|0.041649|instanced|145238172|17|81
23.94579|0.041761|instanced|145238172|17|81
24.20094|0.0413207|instanced|145238172|17|81
24.11498|0.041468|instanced|145238172|17|81
24.16206|0.0413872|instanced|145238172|17|81
23.99439|0.0416764|instanced|145238172|17|81
24.14858|0.0414103|instanced|145238172|17|81
24.07139|0.0415431|instanced|145238172|17|81
23.86959|0.0418943|instanced|145238172|17|81
24.2061|0.0413119|instanced|145238172|17|81
24.10713|0.04148151|instanced|145238172|17|81
24.27515|0.04119439|instanced|145238172|17|81
24.98626|0.040022|instanced|145238172|17|64
13.25754|0.0754288|instanced|114756492|17|64
25.94047|0.0385498|instanced|114756492|17|64
26.6693|0.0374963|instanced|114756492|17|64
13.38016|0.0747375|instanced|114756492|17|64
26.64244|0.0375341|instanced|114756492|17|64
27.39771|0.0364994|instanced|114756492|17|64
27.07444|0.0369352|instanced|114756492|16|64
27.323|0.0365992|instanced|114756492|17|64
27.42912|0.0364576|instanced|114756492|17|64
27.44734|0.0364334|instanced|114756492|17|64
27.46234|0.0364135|instanced|114756492|17|64
27.51122|0.0363488|instanced|114756492|17|64
27.45383|0.03642479|instanced|114756492|17|64
27.42935|0.0364573|instanced|114756492|17|64
27.53053|0.03632331|instanced|91805580|16|64
27.49005|0.0363768|instanced|114756492|17|64
27.39193|0.0365071|instanced|114756492|17|64
27.38443|0.0365171|instanced|114756492|17|64
27.44877|0.0364315|instanced|91805580|16|64
27.6131|0.0362147|instanced|114756492|17|64
27.43191|0.0364539|instanced|114756492|17|64
27.30935|0.0366175|instanced|91805580|16|64
27.54578|0.0363032|instanced|114756492|17|64
27.44057|0.0364424|instanced|114756492|17|64
27.35147|0.03656111|instanced|114756492|17|64
29.45829|0.0339463|instanced|114756492|17|64
29.3213|0.03410489|instanced|87860892|17|49
14.73891|0.0678476|instanced|87860892|17|49
30.29394|0.0330099|instanced|87860892|17|49
30.06651|0.03325959|instanced|87860892|17|49
14.91896|0.06702881|instanced|87860892|17|49
29.99526|0.0333386|instanced|87860892|16|49
29.9078|0.0334361|instanced|87860892|17|49
30.38839|0.03290731|instanced|87860892|17|49
29.68311|0.03368919|instanced|87860892|17|49
29.3503|0.0340712|instanced|87860892|17|49
30.50892|0.0327773|instanced|87860892|17|49
30.08207|0.0332424|instanced|87860892|17|49
30.21486|0.0330963|instanced|87860892|17|49
30.08532|0.0332388|instanced|87860892|17|49
30.0525|0.0332751|instanced|87860892|17|49
29.77759|0.0335823|instanced|70289100|17|49
30.35022|0.0329487|instanced|87860892|17|49
29.95286|0.0333858|instanced|87860892|17|49
29.80536|0.03355101|instanced|87860892|17|49
29.91451|0.0334286|instanced|87860892|17|49
30.23112|0.0330785|instanced|87860892|17|49
29.90351|0.0334409|instanced|70289100|17|49
30.02263|0.0333082|instanced|87860892|16|49
30.11913|0.03320149|instanced|87860892|17|49
30.08785|0.033236|instanced|87860892|17|49
29.97935|0.0333563|instanced|87860892|16|49
30.04329|0.0332853|instanced|87860892|17|49
29.84718|0.03350401|instanced|70289100|16|49
29.84006|0.033512|instanced|87860892|17|49
30.23578|0.0330734|instanced|87860892|17|49
29.79648|0.03356101|instanced|87860892|17|49
29.78593|0.03357289|instanced|87860892|17|49
29.96138|0.0333763|instanced|87860892|17|49
30.27111|0.0330348|instanced|70289100|16|49
29.75712|0.0336054|instanced|87860892|17|49
30.3704|0.0329268|instanced|87860892|17|49
29.52422|0.0338705|instanced|87860892|17|49
30.44826|0.0328426|instanced|87860892|17|36
15.00762|0.0666328|instanced|51641484|16|36
30.12384|0.0331963|instanced|64551372|17|36
29.93179|0.0334093|instanced|64551372|17|36
14.84867|0.0673461|instanced|51641484|17|36
30.47285|0.0328161|instanced|64551372|17|36
30.18513|0.0331289|instanced|64551372|17|36
29.9472|0.03339211|instanced|64551372|17|36
29.85744|0.03349249|instanced|64551372|17|36
30.16255|0.0331537|instanced|64551372|17|36
29.94855|0.0333906|instanced|64551372|17|36
30.04682|0.0332814|instanced|64551372|17|36
30.02165|0.0333093|instanced|64551372|17|36
30.06244|0.0332641|instanced|64551372|17|36
29.96542|0.0333718|instanced|64551372|17|36
29.95411|0.0333844|instanced|64551372|17|36
29.95205|0.0333867|instanced|51641484|16|36
30.09048|0.0332331|instanced|64551372|17|36
30.03066|0.0332993|instanced|64551372|17|36
29.67984|0.0336929|instanced|64551372|17|36
30.35031|0.0329486|instanced|64551372|17|36
29.9717|0.0333648|instanced|64551372|17|36
29.78868|0.0335698|instanced|64551372|17|36
30.15327|0.0331639|instanced|64551372|17|36
29.86251|0.03348681|instanced|51641484|16|36
30.08189|0.03324259|instanced|64551372|17|36
29.95447|0.033384|instanced|64551372|17|36
29.56542|0.0338233|instanced|64551372|17|36
30.27386|0.0330318|instanced|64551372|17|36
30.19779|0.033115|instanced|64551372|17|36
29.79347|0.0335644|instanced|64551372|17|36
30.00687|0.0333257|instanced|64551372|17|36
30.19297|0.03312029|instanced|64551372|17|36
29.85056|0.03350021|instanced|64551372|17|36
30.05991|0.0332669|instanced|64551372|17|36
24.42122|0.040948|instanced|64551372|17|36
38.52911|0.0259544|instanced|64551372|17|36
30.14981|0.0331677|instanced|64551372|17|36
30.94557|0.0323148|instanced|64551372|17|25
15.12498|0.0661158|instanced|44827932|17|25
30.50129|0.0327855|instanced|44827932|17|25
30.66704|0.0326083|instanced|35862732|17|25
30.93782|0.0323229|instanced|35862732|17|25
15.48445|0.0645809|instanced|44827932|17|25
31.67253|0.0315731|instanced|44827932|17|25
32.12759|0.0311259|instanced|44827932|16|25
31.92461|0.03132379|instanced|44827932|17|25
31.97708|0.0312724|instanced|44827932|17|25
33.39377|0.02994571|instanced|35862732|16|25
33.45836|0.0298879|instanced|35862732|16|25
33.49522|0.029855|instanced|44827932|17|25
34.60495|0.0288976|instanced|44827932|17|25
34.48609|0.0289972|instanced|44827932|17|25
34.19786|0.0292416|instanced|44827932|17|25
34.91169|0.0286437|instanced|44827932|17|25
34.67959|0.0288354|instanced|44827932|17|25
34.04765|0.0293706|instanced|44827932|17|25
35.37019|0.0282724|instanced|44827932|17|25
29.8405|0.0335115|instanced|44827932|17|25
40.93513|0.0244289|instanced|44827932|17|25
34.38671|0.029081|instanced|35862732|16|25
34.42412|0.0290494|instanced|44827932|17|25
34.72692|0.0287961|instanced|44827932|17|25
36.09196|0.027707|instanced|44827932|17|25
36.26013|0.0275785|instanced|44827932|17|25
36.51527|0.0273858|instanced|35862732|16|25
36.49036|0.0274045|instanced|44827932|17|25
37.75323|0.0264878|instanced|44827932|17|25
38.17159|0.0261975|instanced|44827932|17|25
38.59454|0.0259104|instanced|44827932|17|25
37.63601|0.0265703|instanced|44827932|17|25
39.91937|0.0250505|instanced|44827932|17|25
40.27158|0.02483141|instanced|44827932|17|25
39.35785|0.02540789|instanced|44827932|17|25
39.20877|0.0255045|instanced|44827932|17|25
41.87323|0.0238816|instanced|35862732|16|25
41.59266|0.0240427|instanced|44827932|17|25
41.65939|0.02400419|instanced|44827932|17|25
41.39929|0.024155|instanced|44827932|17|25
41.24392|0.024246|instanced|44827932|17|25
42.555|0.023499|instanced|44827932|17|25
42.50381|0.0235273|instanced|44827932|17|25
42.98062|0.0232663|instanced|44827932|17|25
42.56261|0.0234948|instanced|44827932|17|25
43.26793|0.02311181|instanced|44827932|17|16
21.98657|0.0454823|instanced|28690572|17|16
43.43784|0.0230214|instanced|28690572|17|16
43.94349|0.0227565|instanced|28690572|17|16
44.72132|0.0223607|instanced|28690572|17|16
44.89216|0.0222756|instanced|22952844|16|16
44.56249|0.0224404|instanced|28690572|17|16
44.87485|0.0222842|instanced|28690572|17|16
22.55707|0.044332|instanced|22952844|17|16
47.20522|0.0211841|instanced|28690572|17|16
46.1361|0.021675|instanced|28690572|17|16
45.84253|0.0218138|instanced|22952844|17|16
46.17872|0.021655|instanced|17215116|15|16
47.97658|0.0208435|instanced|28690572|17|16
48.36244|0.0206772|instanced|28690572|17|16
47.05175|0.0212532|instanced|28690572|17|16
47.55315|0.0210291|instanced|22952844|17|16
48.19998|0.0207469|instanced|28690572|17|16
47.82469|0.0209097|instanced|28690572|17|16
47.53439|0.0210374|instanced|28690572|16|16
47.8478|0.0208996|instanced|28690572|17|16
47.41741|0.0210893|instanced|28690572|17|16
47.7473|0.02094359|instanced|28690572|17|16
47.1963|0.0211881|instanced|28690572|17|16
48.30428|0.0207021|instanced|22952844|17|16
47.60771|0.021005|instanced|28690572|17|16
47.64422|0.0209889|instanced|28690572|17|16
47.64673|0.0209878|instanced|28690572|17|16
49.19323|0.020328|instanced|28690572|17|16
49.58226|0.0201685|instanced|28690572|17|16
50.0874|0.0199651|instanced|28690572|17|16
50.16958|0.0199324|instanced|28690572|17|16
49.18645|0.0203308|instanced|28690572|17|16
47.90282|0.0208756|instanced|28690572|17|16
53.12169|0.0188247|instanced|28690572|17|16
52.93246|0.018892|instanced|28690572|17|16
47.70765|0.020961|instanced|28690572|17|16
47.14268|0.0212122|instanced|28690572|17|16
55.77742|0.0179284|instanced|28690572|17|16
47.56719|0.0210229|instanced|28690572|17|16
63.16598|0.01583131|instanced|22952844|16|16
56.39936|0.0177307|instanced|28690572|17|16
53.53922|0.0186779|instanced|28690572|17|16
50.47395|0.0198122|instanced|28690572|17|16
47.9058|0.0208743|instanced|28690572|17|16
61.96402|0.0161384|instanced|17215116|15|16
50.46427|0.019816|instanced|17215116|15|16
67.85548|0.0147372|instanced|28690572|17|16
55.6118|0.0179818|instanced|28690572|17|16
54.53692|0.0183362|instanced|28690572|17|16
40.48993|0.0246975|instanced|28690572|17|16
46.36822|0.0215665|instanced|16139290|17|9
40.1255|0.0249218|instanced|16139290|17|9
61.25612|0.0163249|instanced|16139290|17|9
57.46532|0.0174018|instanced|12911818|16|9
50.9077|0.0196434|instanced|16139290|17|9
65.93998|0.01516531|instanced|16139290|17|9
58.37508|0.0171306|instanced|12911818|16|9
59.69437|0.016752|instanced|16139290|17|9
59.23469|0.016882|instanced|16139290|17|9
29.55231|0.0338383|instanced|16139290|17|9
58.86509|0.016988|instanced|16139290|17|9
60.93436|0.0164111|instanced|16139290|17|9
63.45903|0.0157582|instanced|12911818|16|9
61.09072|0.0163691|instanced|12911818|16|9
61.8609|0.0161653|instanced|16139290|17|9
60.46093|0.01653961|instanced|16139290|17|9
62.94178|0.0158877|instanced|16139290|17|9
60.0377|0.0166562|instanced|12911818|16|9
65.09189|0.0153629|instanced|16139290|17|9
63.55339|0.0157348|instanced|16139290|17|9
63.16601|0.0158313|instanced|16139290|17|9
63.2119|0.01581981|instanced|16139290|17|9
64.28677|0.0155553|instanced|12911818|16|9
63.11022|0.0158453|instanced|16139290|17|9
63.60997|0.01572081|instanced|16139290|17|9
62.24094|0.0160666|instanced|16139290|17|9
65.97263|0.0151578|instanced|16139290|17|9
60.64648|0.016489|instanced|16139290|17|9
66.72095|0.0149878|instanced|16139290|17|9
63.85572|0.0156603|instanced|16139290|17|9
62.6441|0.01596319|instanced|16139290|17|9
63.64724|0.0157116|instanced|12911818|16|9
65.56|0.0152532|instanced|16139290|17|9
69.42227|0.0144046|instanced|16139290|17|9
64.57612|0.0154856|instanced|12911818|16|9
68.69075|0.014558|instanced|16139290|17|9
65.69872|0.015221|instanced|16139290|17|9
68.00498|0.0147048|instanced|16139290|17|9
66.64268|0.0150054|instanced|16139290|17|9
68.61254|0.0145746|instanced|16139290|17|9
69.63545|0.0143605|instanced|16139290|17|9
69.43382|0.0144022|instanced|16139290|17|9
70.10854|0.0142636|instanced|16139290|17|9
69.0541|0.0144814|instanced|16139290|17|9
69.36832|0.0144158|instanced|16139290|17|9
69.52752|0.01438279|instanced|16139290|17|9
69.46082|0.01439661|instanced|16139290|17|9
68.9389|0.0145056|instanced|16139290|17|9
74.31354|0.0134565|instanced|16139290|17|9
70.86418|0.0141115|instanced|16139290|17|9
71.88506|0.0139111|instanced|16139290|17|9
71.45917|0.01399401|instanced|16139290|17|9
71.44184|0.0139974|instanced|16139290|17|9
71.90106|0.013908|instanced|16139290|17|9
71.02122|0.0140803|instanced|16139290|17|9
72.82951|0.0137307|instanced|16139290|17|9
75.48764|0.0132472|instanced|12911818|16|9
73.30033|0.0136425|instanced|16139290|17|9
73.20914|0.0136595|instanced|16139290|17|9
74.00225|0.0135131|instanced|16139290|17|9
73.40472|0.0136231|instanced|16139290|16|9
74.34059|0.0134516|instanced|16139290|17|9
73.20486|0.0136603|instanced|16139290|17|9
75.06774|0.0133213|instanced|16139290|17|9
76.52634|0.0130674|instanced|16139290|17|4
37.68948|0.0265326|instanced|7174090|17|4
75.29384|0.0132813|instanced|7174090|17|4
75.67271|0.0132148|instanced|7174090|17|4
76.70065|0.0130377|instanced|7174090|17|4
76.99358|0.0129881|instanced|7174090|17|4
78.79908|0.0126905|instanced|7174090|17|4
79.1634|0.0126321|instanced|7174090|17|4
77.60421|0.0128859|instanced|7174090|17|4
78.64603|0.0127152|instanced|7174090|17|4
38.86226|0.0257319|instanced|7174090|17|4
78.24052|0.0127811|instanced|7174090|17|4
77.54945|0.012895|instanced|7174090|17|4
82.13013|0.0121758|instanced|7174090|17|4
79.95779|0.0125066|instanced|7174090|17|4
81.1359|0.012325|instanced|7174090|17|4
80.98016|0.0123487|instanced|7174090|17|4
81.88602|0.0122121|instanced|7174090|17|4
80.90221|0.0123606|instanced|5739658|16|4
81.08262|0.0123331|instanced|7174090|17|4
80.50103|0.0124222|instanced|7174090|17|4
82.48512|0.0121234|instanced|7174090|17|4
84.36896|0.0118527|instanced|7174090|17|4
84.40954|0.011847|instanced|7174090|17|4
82.81846|0.0120746|instanced|5739658|16|4
85.47086|0.01169989|instanced|5739658|17|4
85.18319|0.01173941|instanced|7174090|17|4
84.91491|0.01177649|instanced|7174090|17|4
83.61759|0.01195921|instanced|7174090|17|4
84.58236|0.0118228|instanced|5739658|16|4
51.19725|0.0195323|instanced|7174090|17|4
69.33659|0.0144224|instanced|7174090|17|4
59.47918|0.01681261|instanced|7174090|17|4
81.09315|0.0123315|instanced|7174090|17|4
79.62103|0.0125595|instanced|4305226|15|4
55.49574|0.0180194|instanced|7174090|17|4
54.43451|0.0183707|instanced|7174090|17|4
74.65193|0.0133955|instanced|7174090|17|4
65.13937|0.0153517|instanced|7174090|17|4
71.1607|0.0140527|instanced|7174090|17|4
91.58344|0.010919|instanced|7174090|17|4
92.52836|0.0108075|instanced|7174090|17|4
72.05908|0.0138775|instanced|7174090|17|4
98.21355|0.01018189|instanced|7174090|17|4
134.0643|0.007459106|instanced|7174090|17|4
140.2446|0.0071304|instanced|7174090|17|4
85.68837|0.0116702|instanced|4305226|15|4
60.72051|0.0164689|instanced|5739658|16|4
108.3482|0.009229506|instanced|7174090|17|4
119.8064|0.008346797|instanced|7174090|17|4
61.4817|0.016265|instanced|7174090|17|4
55.22939|0.0181063|instanced|7174090|17|4
102.9771|0.009710899|instanced|7174090|17|4
74.07022|0.0135007|instanced|5739658|16|4
83.17253|0.0120232|instanced|7174090|17|4
83.26047|0.0120105|instanced|7174090|17|4
102.4612|0.009759793|instanced|7174090|17|4
123.0753|0.008125106|instanced|7174090|17|4
115.9649|0.008623299|instanced|5739658|16|4
79.97185|0.0125044|instanced|7174090|17|4
75.11457|0.013313|instanced|7174090|17|4
83.81949|0.0119304|instanced|7174090|17|4
103.0895|0.009700305|instanced|7174090|17|4
114.9611|0.008698597|instanced|7174090|17|4
90.30651|0.0110734|instanced|7174090|17|4
74.78477|0.01337171|instanced|5739658|16|4
88.51206|0.0112979|instanced|7174090|17|4
117.4122|0.008517|instanced|7174090|17|4
78.20687|0.0127866|instanced|7174090|17|4
79.34933|0.0126025|instanced|7174090|17|4
80.16287|0.0124746|instanced|7174090|17|4
66.92278|0.01494259|instanced|7174090|17|4
70.81149|0.014122|instanced|7174090|17|4
50.75087|0.0197041|instanced|7174090|17|4
89.94017|0.0111185|instanced|7174090|17|4
84.78527|0.0117945|instanced|7174090|17|4
83.80894|0.0119319|instanced|1794970|17|1
57.70908|0.0173283|instanced|1436362|16|1
52.74788|0.01895811|instanced|1794970|17|1
143.7691|0.006955598|instanced|1794970|17|1
47.97797|0.0208429|instanced|1794970|17|1
50.90821|0.0196432|instanced|1077754|15|1
67.2522|0.0148694|instanced|1077754|15|1
114.1983|0.008756696|instanced|1794970|17|1
119.2506|0.0083857|instanced|1794970|17|1
112.5188|0.008887401|instanced|1794970|17|1
118.1614|0.008463003|instanced|1794970|17|1
121.343|0.0082411|instanced|1794970|17|1
94.27023|0.0106078|instanced|1794970|17|1
91.18683|0.0109665|instanced|1794970|17|1
101.5723|0.009845203|instanced|1794970|17|1
92.5215|0.0108083|instanced|1794970|17|1
91.4729|0.0109322|instanced|1436362|16|1
90.84466|0.0110078|instanced|1794970|17|1
109.6492|0.009119997|instanced|1794970|17|1
46.8042|0.0213656|instanced|1794970|17|1
96.74454|0.0103365|instanced|1794970|17|1
98.2647|0.01017659|instanced|1794970|17|1
97.96238|0.010208|instanced|1794970|17|1
93.76638|0.0106648|instanced|1077754|15|1
85.03474|0.0117599|instanced|1077754|15|1
74.58955|0.0134067|instanced|1794970|17|1
119.1399|0.008393495|instanced|1794970|17|1
128.8742|0.007759503|instanced|1794970|17|1
100.3946|0.0099607|instanced|1794970|15|1
83.05167|0.0120407|instanced|1794970|17|1
121.4299|0.008235204|instanced|1794970|17|1
98.48531|0.0101538|instanced|1794970|17|1
97.7307|0.0102322|instanced|1436362|16|1
95.35799|0.0104868|instanced|1794970|17|1
100.077|0.009992304|instanced|1794970|17|1
98.91295|0.0101099|instanced|1794970|17|1
99.21622|0.010079|instanced|1794970|17|1
97.11938|0.01029661|instanced|1794970|17|1
98.83183|0.0101182|instanced|1794970|17|1
96.25288|0.0103893|instanced|1794970|17|1
98.15569|0.0101879|instanced|1794970|17|1
85.46129|0.0117012|instanced|1794970|17|1
117.636|0.0085008|instanced|1794970|17|1
68.82362|0.0145299|instanced|1794970|17|1
59.98513|0.0166708|instanced|1794970|17|1
105.4363|0.009484404|instanced|1794970|17|1
103.1002|0.009699298|instanced|1794970|17|1
53.26232|0.018775|instanced|1436362|17|1
76.72534|0.0130335|instanced|1794970|17|1
75.98322|0.0131608|instanced|1436362|16|1
56.08085|0.0178314|instanced|1436362|16|1
97.86842|0.0102178|instanced|1794970|17|1
91.93372|0.0108774|instanced|1794970|17|1
42.29797|0.02364179|instanced|1794970|17|1
56.14665|0.0178105|instanced|1794970|17|1
66.94335|0.014938|instanced|1794970|17|1
116.0389|0.008617801|instanced|1794970|17|1
179.8076|0.005561501|instanced|1794970|17|1
108.5906|0.0092089|instanced|1794970|17|1
67.14203|0.0148938|instanced|1794970|17|1
63.17279|0.0158296|instanced|1794970|17|1
121.4344|0.008234899|instanced|1794970|17|1
120.7146|0.008284|instanced|1794970|17|1
65.212|0.0153346|instanced|1794970|17|1
122.1957|0.008183596|instanced|1794970|17|1
91.18346|0.0109669|instanced|1436362|16|1
59.32851|0.0168553|instanced|1794970|17|1
97.23937|0.0102839|instanced|1794970|17|1
95.69651|0.0104497|instanced|1794970|17|1
19.03163|0.0525441|instanced|1794970|17|1
43.30823|0.0230903|instanced|1794970|17|1
44.21667|0.0226159|instanced|1794970|17|1
99.1601|0.0100847|instanced|1794970|17|1
110.0558|0.009086302|instanced|1794970|17|1
102.5284|0.009753394|instanced|1794970|17|1
70.15918|0.0142533|instanced|1794970|17|1
53.47794|0.0186993|instanced|1794970|17|1
78.57619|0.0127265|instanced|1794970|17|1
123.9772|0.008066|instanced|1794970|17|1
125.0266|0.0079983|instanced|1794970|17|1
60.67887|0.0164802|instanced|1794970|17|1
75.82653|0.013188|instanced|1436362|16|1
106.8079|0.009362606|instanced|1794970|17|1
50.58989|0.01976679|instanced|1794970|17|1
84.7156|0.0118042|instanced|1794970|17|1
76.34579|0.0130983|instanced|1794970|17|1
84.01665|0.0119024|instanced|1794970|17|1
109.3829|0.009142198|instanced|1794970|17|1
102.5125|0.009754904|instanced|1794970|17|1
118.3124|0.008452197|instanced|1794970|17|1
113.326|0.0088241|instanced|1436362|16|1
103.3805|0.009673001|instanced|1794970|17|1
131.9993|0.007575801|instanced|1794970|17|1
131.8218|0.007585998|instanced|1794970|17|1
102.87|0.009721003|instanced|1794970|17|1
44.41524|0.0225148|instanced|1794970|17|1
86.82288|0.0115177|instanced|1794970|17|1
112.5847|0.008882199|instanced|1794970|17|1
138.2189|0.007234899|instanced|1794970|17|1
130.3746|0.007670203|instanced|1794970|17|1
81.38554|0.01228719|instanced|1794970|17|1
68.67895|0.0145605|instanced|1794970|17|1
54.65107|0.0182979|instanced|1794970|17|1
68.34524|0.0146316|instanced|1794970|17|1
67.49641|0.0148156|instanced|1794970|17|1
96.31127|0.010383|instanced|1794970|17|1
64.24301|0.01556589|instanced|1794970|17|1
96.64357|0.0103473|instanced|1794970|17|1
88.25345|0.011331|instanced|1794970|16|1
86.79196|0.0115218|instanced|1794970|17|1
109.6311|0.009121499|instanced|1794970|17|1
88.71778|0.0112717|instanced|1077754|17|1
66.84135|0.0149608|instanced|1794970|17|1
78.80281|0.0126899|instanced|1436362|17|1
82.37231|0.01214|instanced|1436362|17|1
82.89678|0.01206319|instanced|1794970|17|1
46.63635|0.0214425|instanced|1794970|17|1
34.7215|0.0288006|instanced|1794970|17|1
63.65617|0.0157094|instanced|1794970|17|1
57.10891|0.0175104|instanced|1794970|17|1
114.3707|0.008743495|instanced|1794970|17|1
133.7954|0.0074741|instanced|1794970|17|1
152.5971|0.006553203|instanced|1794970|17|1
83.22791|0.0120152|instanced|1794970|17|1
126.0891|0.007930903|instanced|1436362|16|1
105.6491|0.009465299|instanced|1794970|17|1
60.48071|0.0165342|instanced|1794970|17|1
62.70891|0.0159467|instanced|1794970|17|1
47.92738|0.0208649|instanced|1794970|17|1
51.23004|0.0195198|instanced|1794970|17|1
98.11228|0.0101924|instanced|1794970|17|1
64.98022|0.0153893|instanced|1794970|17|1
74.29312|0.0134602|instanced|1794970|17|1
44.59229|0.0224254|instanced|1794970|17|1
69.2013|0.01445059|instanced|1794970|17|1
79.35686|0.0126013|instanced|1794970|17|1
110.9594|0.009012301|instanced|1794970|17|1
157.0549|0.006367198|instanced|1794970|17|1
50.00002|0.01999999|instanced|1794970|17|1
50.00002|0.01999999|instanced|1930|12|1
12.98958|0.0769848|instanced|1794970|17|1
48.3835|0.0206682|instanced|1794970|17|1
39.11629|0.0255648|instanced|1794970|17|1
59.75784|0.01673421|instanced|1794970|17|1
44.08278|0.02268459|instanced|1794970|17|1
19.76152|0.0506034|instanced|1436362|17|1
50.00002|0.01999999|instanced|1794970|17|1
50.00002|0.01999999|instanced|1930|12|1
50.66036|0.0197393|instanced|1794970|17|1
86.66112|0.0115392|instanced|1794970|17|1
92.69386|0.0107882|instanced|1794970|17|1
110.9385|0.009014002|instanced|1794970|17|1
99.59265|0.0100409|instanced|1794970|17|1
97.98544|0.0102056|instanced|1794970|17|1
96.77074|0.0103337|instanced|1794970|17|1
100.9021|0.009910594|instanced|1794970|17|1
91.48541|0.0109307|instanced|1794970|17|1
70.96578|0.0140913|instanced|1794970|17|1
138.7212|0.007208702|instanced|1794970|17|1
99.28121|0.0100724|instanced|1794970|17|1
117.21|0.008531696|instanced|1794970|17|1
98.2801|0.010175|instanced|1794970|17|1
98.0921|0.0101945|instanced|1794970|17|1
97.23556|0.0102843|instanced|1794970|17|1
99.28024|0.0100725|instanced|1794970|17|1
98.88752|0.0101125|instanced|1794970|17|1
97.53623|0.0102526|instanced|1794970|17|1
99.10509|0.0100903|instanced|1794970|17|1
96.12706|0.0104029|instanced|1794970|17|1
100.2064|0.009979401|instanced|1794970|17|1
96.76046|0.0103348|instanced|1794970|17|1
95.95085|0.010422|instanced|1794970|17|1
89.90625|0.0111227|instanced|1794970|17|1
85.11505|0.0117488|instanced|1436362|16|1
77.26604|0.0129423|instanced|1794970|17|1
84.05764|0.0118966|instanced|1794970|17|1
90.58214|0.0110397|instanced|1794970|17|1
92.57887|0.0108016|instanced|1794970|17|1
83.2127|0.0120174|instanced|1794970|17|1
76.30967|0.0131045|instanced|1794970|17|1
92.7962|0.0107763|instanced|1794970|17|1
88.78392|0.0112633|instanced|1436362|16|1
62.62133|0.015969|instanced|1794970|17|1
78.90358|0.0126737|instanced|1794970|17|1
65.02456|0.0153788|instanced|1794970|17|1
82.47562|0.01212479|instanced|1794970|17|1
86.25596|0.0115934|instanced|1794970|17|1
88.42825|0.0113086|instanced|1794970|17|1
97.62003|0.0102438|instanced|1794970|17|1
93.63909|0.0106793|instanced|1794970|17|1
74.48235|0.013426|instanced|1794970|17|1
78.11462|0.0128017|instanced|1794970|17|1
65.61639|0.01524009|instanced|1794970|17|1
24.39804|0.0409869|instanced|1794970|17|1
45.76052|0.0218529|instanced|1794970|17|1
86.07334|0.011618|instanced|1794970|17|1
75.31313|0.0132779|instanced|1794970|17|1
104.6058|0.009559701|instanced|1794970|17|1
75.36304|0.0132691|instanced|1794970|17|1
46.45308|0.0215271|instanced|1794970|17|1
49.7171|0.0201138|instanced|1794970|17|1
65.46432|0.0152755|instanced|1794970|17|1
79.90411|0.012515|instanced|1794970|17|1
67.70804|0.0147693|instanced|1794970|17|1
59.18771|0.0168954|instanced|1794970|17|1
71.41939|0.0140018|instanced|1794970|17|1
50.29548|0.0198825|instanced|1794970|17|1
74.9659|0.0133394|instanced|1794970|17|1
88.01111|0.0113622|instanced|1794970|17|1
60.70356|0.0164735|instanced|1794970|17|1
62.54066|0.0159896|instanced|1794970|17|1
97.57521|0.0102485|instanced|1794970|17|1
66.67246|0.0149987|instanced|1794970|17|1
64.6425|0.0154697|instanced|1794970|17|1
60.4416|0.0165449|instanced|1794970|17|1
25.69498|0.0389181|instanced|1794970|17|1
80.17252|0.0124731|instanced|1794970|17|1
96.25937|0.0103886|instanced|1794970|17|1
53.65614|0.0186372|instanced|1436362|17|1
94.68167|0.01056171|instanced|1436362|17|1
105.5053|0.009478196|instanced|1794970|17|1
31.52794|0.0317179|instanced|1794970|17|1
50.00002|0.01999999|non-instanced|1686|7|1
50.00002|0.01999999|non-instanced|1796666|24|1
15.62073|0.0640175|non-instanced|1796914|29|1
100.047|0.009995302|non-instanced|1796914|29|1
5.676612|0.1761614|non-instanced|1794974|17|1
151.8049|0.006587401|non-instanced|1794974|17|1
65.81503|0.0151941|non-instanced|1794974|17|1
69.38084|0.0144132|non-instanced|1794974|17|1
68.23097|0.0146561|non-instanced|1794974|17|1
65.11351|0.0153578|non-instanced|1794974|17|1
68.14679|0.01467421|non-instanced|1794974|17|1
64.06561|0.015609|non-instanced|1794974|17|1
65.52868|0.01526049|non-instanced|1794974|17|1
67.4409|0.0148278|non-instanced|1794974|17|1
65.90001|0.0151745|non-instanced|1794974|17|1
66.9223|0.0149427|non-instanced|1794974|17|1
65.42362|0.015285|non-instanced|1794974|17|1
63.09625|0.0158488|non-instanced|1794974|17|1
64.15974|0.0155861|non-instanced|1436366|16|1
68.33495|0.0146338|non-instanced|1794974|16|1
64.46956|0.0155112|non-instanced|1794974|17|1
63.69142|0.0157007|non-instanced|1794974|17|1
66.56149|0.0150237|non-instanced|1794974|17|1
65.38|0.0152952|non-instanced|1077758|15|1
85.89511|0.01164211|non-instanced|1077758|15|1
96.29091|0.0103852|non-instanced|1794974|17|1
99.77052|0.010023|non-instanced|1794974|17|1
82.18345|0.0121679|non-instanced|1794974|17|1
83.9955|0.0119054|non-instanced|1794974|17|1
137.973|0.007247796|non-instanced|1794974|17|1
96.04025|0.0104123|non-instanced|1794974|17|1
69.77538|0.0143317|non-instanced|1794974|17|1
99.22013|0.0100786|non-instanced|1794974|17|1
104.6803|0.009552898|non-instanced|1794974|17|1
97.04404|0.0103046|non-instanced|1794974|17|1
98.77711|0.0101238|non-instanced|1794974|17|1
57.20531|0.01748089|non-instanced|1794974|17|1
86.13412|0.0116098|non-instanced|1794974|17|1
111.4231|0.008974802|non-instanced|1794974|17|1
107.8306|0.009273803|non-instanced|1794974|17|1
107.234|0.009325397|non-instanced|1794974|17|1
102.8013|0.009727501|non-instanced|1436366|16|1
91.65737|0.0109102|non-instanced|1436366|16|1
128.6902|0.007770599|non-instanced|1794974|17|1
121.5318|0.008228302|non-instanced|1794974|17|1
115.0576|0.008691298|non-instanced|1794974|17|1
122.5489|0.008160005|non-instanced|1794974|17|1
112.1554|0.008916199|non-instanced|1794974|17|1
122.4455|0.008166901|non-instanced|1794974|17|1
119.8682|0.008342496|non-instanced|1794974|17|1
94.49294|0.0105828|non-instanced|1794974|17|1
81.18267|0.0123179|non-instanced|1794974|17|1
123.1861|0.008117801|non-instanced|1794974|17|1
62.70537|0.0159476|non-instanced|1794974|17|1
88.9387|0.0112437|non-instanced|1794974|17|1
132.5926|0.007541901|non-instanced|1436366|16|1
76.01036|0.0131561|non-instanced|1794974|17|1
109.2956|0.009149496|non-instanced|1794974|17|1
136.6792|0.007316404|non-instanced|1794974|17|1
154.3329|0.0064795|non-instanced|1794974|17|1
94.60291|0.0105705|non-instanced|1794974|17|1
116.2061|0.0086054|non-instanced|1794974|17|1
131.3612|0.007612599|non-instanced|1794974|17|1
149.0491|0.006709198|non-instanced|1794974|17|1
118.8622|0.008413102|non-instanced|1794974|17|1
156.8898|0.006373902|non-instanced|1794974|17|1
110.7003|0.009033397|non-instanced|1436366|16|1
139.509|0.007167999|non-instanced|1436366|16|1
96.44035|0.0103691|non-instanced|1794974|17|1
159.6196|0.006264895|non-instanced|1794974|17|1
177.8188|0.005623703|non-instanced|1794974|17|1
110.2865|0.009067297|non-instanced|1794974|17|1
114.1097|0.0087635|non-instanced|1794974|17|1
112.3923|0.008897406|non-instanced|1794974|17|1
121.1857|0.0082518|non-instanced|1794974|17|1
119.8912|0.008340894|non-instanced|1794974|17|1
129.9022|0.007698101|non-instanced|1794974|17|1
128.6886|0.007770699|non-instanced|1794974|17|1
138.831|0.007203004|non-instanced|1794974|17|1
127.4682|0.007845096|non-instanced|1794974|17|1
125.8352|0.007946903|non-instanced|1794974|17|1
135.6742|0.0073706|non-instanced|1794974|17|1
146.295|0.006835502|non-instanced|1794974|17|1
108.923|0.009180796|non-instanced|1794974|17|1
100.3311|0.009966999|non-instanced|1794974|17|1
61.10154|0.0163662|non-instanced|1794974|17|1
48.98814|0.0204131|non-instanced|1794974|17|1
114.0212|0.008770302|non-instanced|1794974|17|1
79.1227|0.0126386|non-instanced|1794974|17|1
111.4367|0.008973703|non-instanced|1794974|17|1
98.02866|0.0102011|non-instanced|1794974|17|1
116.7651|0.0085642|non-instanced|1794974|17|1
110.3546|0.009061699|non-instanced|1794974|16|1
122.3391|0.008174001|non-instanced|1794974|17|1
152.9005|0.0065402|non-instanced|1794974|17|1
122.811|0.008142595|non-instanced|1794974|17|1
131.463|0.007606703|non-instanced|1794974|17|1
109.2837|0.009150496|non-instanced|1794974|17|1
96.24913|0.0103897|non-instanced|1794974|17|1
100.705|0.009929996|non-instanced|1794974|17|1
109.6984|0.009115902|non-instanced|1794974|17|1
137.1403|0.007291801|non-instanced|1794974|17|1
128.0885|0.0078071|non-instanced|1794974|17|1
107.8028|0.009276197|non-instanced|1794974|17|1
114.516|0.008732405|non-instanced|1794974|17|1
74.07027|0.01350069|non-instanced|1794974|17|1
122.9588|0.008132802|non-instanced|1794974|17|1
92.16927|0.0108496|non-instanced|1794974|17|1
113.5409|0.008807398|non-instanced|1794974|17|1
108.9965|0.009174603|non-instanced|1794974|17|1
141.1155|0.007086394|non-instanced|1794974|17|1
117.5724|0.008505399|non-instanced|1794974|17|1
128.6852|0.007770904|non-instanced|1794974|17|1
135.483|0.007381002|non-instanced|1794974|17|1
138.5771|0.007216199|non-instanced|1794974|17|1
140.4554|0.007119699|non-instanced|1794974|17|1
107.7262|0.009282795|non-instanced|1794974|17|1
65.81153|0.0151949|non-instanced|1794974|17|1
60.19273|0.0166133|non-instanced|1794974|17|1
114.7803|0.008712295|non-instanced|1794974|17|1
130.3219|0.007673306|non-instanced|1436366|17|1
114.7816|0.008712195|non-instanced|1794974|17|1
54.26083|0.0184295|non-instanced|1794974|17|1
99.48859|0.0100514|non-instanced|1794974|17|1
78.48555|0.0127412|non-instanced|1794974|17|1
52.88012|0.0189107|non-instanced|1794974|17|1
102.7464|0.009732703|non-instanced|1794974|17|1
132.2262|0.007562798|non-instanced|1794974|17|1
102.6905|0.009737996|non-instanced|1794974|17|1
61.71811|0.0162027|non-instanced|1794974|17|1
71.65529|0.0139557|non-instanced|1794974|17|1
102.7961|0.009727998|non-instanced|1794974|17|1
102.1638|0.009788201|non-instanced|1436366|16|1
82.09978|0.0121803|non-instanced|1436366|16|1
95.74326|0.0104446|non-instanced|1436366|16|1
117.3351|0.008522598|non-instanced|1794974|17|1
105.3952|0.009488102|non-instanced|1794974|17|1
100.3845|0.009961699|non-instanced|1794974|17|1
84.4823|0.0118368|non-instanced|1436366|16|1
96.64912|0.01034671|non-instanced|1794974|17|1
106.7544|0.009367297|non-instanced|1794974|16|1
101.8683|0.009816595|non-instanced|1794974|17|1
85.12882|0.0117469|non-instanced|1794974|16|1
98.44553|0.0101579|non-instanced|1794974|17|1
115.2565|0.008676297|non-instanced|1436366|16|1
78.52805|0.0127343|non-instanced|1794974|17|1
106.7441|0.009368197|non-instanced|1794974|17|1
116.1953|0.0086062|non-instanced|1794974|17|1
108.5823|0.009209602|non-instanced|1794974|17|1
109.1084|0.009165199|non-instanced|1794974|17|1
107.1283|0.009334601|non-instanced|1794974|17|1
124.6774|0.008020699|non-instanced|1436366|16|1
100.8542|0.009915299|non-instanced|1794974|17|1
91.48043|0.0109313|non-instanced|1077758|15|1
77.96117|0.0128269|non-instanced|1794974|17|1
119.3389|0.008379499|non-instanced|1794974|17|1
100.031|0.009996903|non-instanced|1794974|17|1
103.1385|0.009695699|non-instanced|1794974|17|1
92.02766|0.0108663|non-instanced|1794974|17|1
102.0075|0.009803203|non-instanced|1794974|17|1
106.5905|0.009381697|non-instanced|1436366|17|1
83.85605|0.0119252|non-instanced|1436366|16|1
81.6773|0.0122433|non-instanced|1794974|16|1
113.0301|0.008847201|non-instanced|1794974|17|1
107.6843|0.009286402|non-instanced|1794974|17|1
115.2008|0.008680499|non-instanced|1794974|17|1
82.14499|0.0121736|non-instanced|1794974|17|1
117.629|0.008501304|non-instanced|1794974|17|1
105.3597|0.009491298|non-instanced|1794974|17|1
83.85884|0.0119248|non-instanced|1794974|17|1
110.4411|0.009054599|non-instanced|1794974|17|1
90.2397|0.0110816|non-instanced|1794974|16|1
105.9445|0.009438903|non-instanced|1794974|17|1
98.73129|0.0101285|non-instanced|1436366|17|1
99.59962|0.0100402|non-instanced|1794974|17|1
118.5438|0.0084357|non-instanced|1794974|17|1
102.0169|0.009802296|non-instanced|1794974|17|1
102.6473|0.009742099|non-instanced|1794974|17|1
111.1518|0.008996705|non-instanced|1794974|17|1
110.3692|0.009060495|non-instanced|1794974|17|1
105.8391|0.009448307|non-instanced|1794974|16|1
100.1522|0.009984801|non-instanced|1436366|16|1
100.6209|0.009938294|non-instanced|1794974|17|1
90.77372|0.0110164|non-instanced|1794974|17|1
105.2388|0.009502197|non-instanced|1077758|15|1
79.24244|0.0126195|non-instanced|1794974|17|1
85.18684|0.0117389|non-instanced|1794974|17|1
90.59615|0.011038|non-instanced|1794974|17|1
83.16974|0.0120236|non-instanced|1794974|17|1
69.41169|0.0144068|non-instanced|1794974|17|1
117.0576|0.0085428|non-instanced|1794974|17|1
101.1316|0.009888102|non-instanced|1436366|16|1
78.99456|0.0126591|non-instanced|1794974|17|1
90.34976|0.0110681|non-instanced|1794974|17|1
111.3709|0.008979004|non-instanced|1794974|17|1
99.55499|0.0100447|non-instanced|1436366|16|1
78.83825|0.0126842|non-instanced|1794974|17|1
103.0747|0.009701701|non-instanced|1794974|17|1
100.6704|0.009933405|non-instanced|1436366|17|1
81.51354|0.0122679|non-instanced|1794974|17|1
111.8719|0.008938797|non-instanced|1794974|17|1
103.0089|0.009707901|non-instanced|1436366|16|1
97.22048|0.0102859|non-instanced|1794974|17|1
100.2969|0.009970401|non-instanced|1794974|17|1
102.8288|0.009724901|non-instanced|1794974|17|1
95.71306|0.0104479|non-instanced|1436366|16|1
84.44231|0.0118424|non-instanced|1436366|17|1
102.6325|0.009743502|non-instanced|1794974|17|1
98.89729|0.0101115|non-instanced|1794974|17|1
102.4779|0.009758199|non-instanced|1436366|17|1
97.54385|0.0102518|non-instanced|1794974|16|1
86.46931|0.0115648|non-instanced|1794974|16|1
89.00437|0.0112354|non-instanced|1794974|17|1
87.41181|0.0114401|non-instanced|1794974|17|1
88.00414|0.0113631|non-instanced|1436366|16|1
78.87495|0.0126783|non-instanced|1436366|16|1
79.9597|0.0125063|non-instanced|1436366|16|1
80.72589|0.0123876|non-instanced|1794974|17|1
80.30387|0.0124527|non-instanced|1794974|17|1
78.97021|0.012663|non-instanced|1794974|17|1
79.08327|0.0126449|non-instanced|1794974|17|1
81.64999|0.0122474|non-instanced|1436366|17|1
79.66157|0.0125531|non-instanced|1794974|17|1
79.49567|0.0125793|non-instanced|1794974|17|1
71.79834|0.0139279|non-instanced|1794974|17|1
73.69576|0.0135693|non-instanced|1794974|17|1
73.7757|0.0135546|non-instanced|1794974|17|1
72.49582|0.0137939|non-instanced|1794974|17|1
73.31271|0.0136402|non-instanced|1794974|17|1
72.50108|0.0137929|non-instanced|1794974|16|1
74.33397|0.0134528|non-instanced|1436366|16|1
72.83639|0.0137294|non-instanced|1794974|17|1
68.35925|0.0146286|non-instanced|1794974|17|1
68.61063|0.014575|non-instanced|1794974|17|1
66.6649|0.0150004|non-instanced|1794974|17|1
70.20152|0.01424471|non-instanced|1794974|17|1
67.36504|0.01484449|non-instanced|1436366|16|1
68.88237|0.0145175|non-instanced|1794974|17|1
57.04506|0.01753|non-instanced|1794974|17|1
79.49316|0.0125797|non-instanced|1794974|16|1
64.80714|0.0154304|non-instanced|1436366|16|1
63.1748|0.0158291|non-instanced|1794974|17|1
68.3074|0.0146397|non-instanced|1794974|17|1
65.812|0.0151948|non-instanced|1794974|17|1
64.2232|0.0155707|non-instanced|1794974|17|1
64.88449|0.015412|non-instanced|1794974|17|1
63.12456|0.01584169|non-instanced|1794974|17|1
64.47118|0.01551081|non-instanced|1794974|17|1
65.35009|0.0153022|non-instanced|1794974|17|1
62.98459|0.0158769|non-instanced|1794974|17|1
64.22895|0.0155693|non-instanced|1794974|17|1
64.99796|0.0153851|non-instanced|1794974|17|1
62.28278|0.0160558|non-instanced|1794974|17|1
65.5983|0.0152443|non-instanced|1794974|17|1
67.05469|0.0149132|non-instanced|1794974|17|1
65.31721|0.0153099|non-instanced|1794974|17|1
66.37989|0.0150648|non-instanced|1794974|17|1
67.48004|0.0148192|non-instanced|1794974|17|1
66.41516|0.0150568|non-instanced|1794974|17|1
66.1039|0.0151277|non-instanced|1794974|17|1
54.59171|0.0183178|non-instanced|1794974|17|1
91.29336|0.0109537|non-instanced|1794974|17|1
71.13136|0.0140585|non-instanced|1794974|17|1
69.99223|0.0142873|non-instanced|1794974|17|1
71.65736|0.0139553|non-instanced|1794974|17|1
69.41985|0.0144051|non-instanced|1794974|17|1
70.38635|0.0142073|non-instanced|1794974|17|1
71.64609|0.0139575|non-instanced|1794974|17|1
49.35078|0.0202631|non-instanced|1794974|17|1
58.12333|0.0172048|non-instanced|1794974|16|1
74.16965|0.0134826|non-instanced|1794974|17|1
60.03445|0.0166571|non-instanced|1794974|17|1
85.70892|0.0116674|non-instanced|1794974|17|1
102.4895|0.009757101|non-instanced|1436366|16|1
69.77052|0.0143327|non-instanced|1794974|17|1
67.40273|0.0148362|non-instanced|1794974|17|1
89.41339|0.01118401|non-instanced|1794974|17|1
118.5312|0.0084366|non-instanced|1436366|16|1
90.77623|0.0110161|non-instanced|1794974|17|1
104.221|0.009594997|non-instanced|1794974|17|1
81.86185|0.0122157|non-instanced|1794974|17|1
105.3863|0.009488896|non-instanced|1794974|17|1
71.21037|0.0140429|non-instanced|1794974|17|1
113.2682|0.0088286|non-instanced|1794974|17|1
85.34241|0.0117175|non-instanced|1794974|17|1
53.67255|0.0186315|non-instanced|1794974|17|1
125.2882|0.007981597|non-instanced|1794974|17|1
167.94|0.005954507|non-instanced|1794974|17|1
106.603|0.009380598|non-instanced|1794974|17|1
102.2265|0.0097822|non-instanced|1794974|17|1
97.56286|0.0102498|non-instanced|1794974|17|1
100.4319|0.009956994|non-instanced|1794974|17|1
99.21909|0.01007871|non-instanced|1794974|17|1
99.81638|0.0100184|non-instanced|1794974|17|1
98.35935|0.0101668|non-instanced|1794974|17|1
99.98901|0.0100011|non-instanced|1794974|17|1
39.59596|0.0252551|non-instanced|1436366|16|1
119.663|0.008356803|non-instanced|1436366|16|1
145.7281|0.006862096|non-instanced|1794974|17|1
114.6001|0.008725999|non-instanced|1794974|17|1
111.0407|0.009005704|non-instanced|1794974|17|1
132.0551|0.007572598|non-instanced|1794974|17|1
147.9422|0.006759396|non-instanced|1794974|17|1
99.69489|0.0100306|non-instanced|1794974|17|1
75.13544|0.0133093|non-instanced|1794974|17|1
88.45797|0.0113048|non-instanced|1794974|17|1
92.4343|0.01081849|non-instanced|1794974|17|1
82.23412|0.0121604|non-instanced|1794974|17|1
100.1011|0.009989902|non-instanced|1794974|17|1
134.1112|0.007456498|non-instanced|1794974|17|1
94.28447|0.0106062|non-instanced|1436368|16|1
103.8875|0.009625801|non-instanced|1794974|17|1
110.3339|0.0090634|non-instanced|1794974|17|1
117.0605|0.008542594|non-instanced|1794974|17|1
109.8816|0.009100702|non-instanced|1794974|17|1
120.7102|0.008284304|non-instanced|1794974|17|1
115.9783|0.0086223|non-instanced|1794974|17|1
123.0967|0.008123696|non-instanced|1794974|17|1
138.5944|0.007215299|non-instanced|1794974|17|1
145.7109|0.006862904|non-instanced|1794974|17|1
122.1344|0.008187698|non-instanced|1794974|17|1
114.0849|0.008765399|non-instanced|1794974|17|1
103.8432|0.009629903|non-instanced|1794974|17|1
98.03635|0.0102003|non-instanced|1794974|17|1
103.6205|0.009650602|non-instanced|1794974|17|1
90.09418|0.0110995|non-instanced|1794974|17|1
129.6479|0.007713201|non-instanced|1794974|17|1
157.694|0.006341397|non-instanced|1794974|17|1
101.4055|0.009861401|non-instanced|1794974|17|1
138.5521|0.007217503|non-instanced|1794974|17|1
131.9697|0.007577494|non-instanced|1794974|17|1
138.6885|0.007210402|non-instanced|1794974|17|1
147.4035|0.006784099|non-instanced|1794974|17|1
118.6774|0.008426204|non-instanced|1794974|17|1
134.5896|0.007429996|non-instanced|1794974|17|1
125.2583|0.007983504|non-instanced|1794974|17|1
117.5061|0.008510197|non-instanced|1794974|17|1
107.4114|0.009309999|non-instanced|1794974|17|1
107.7772|0.009278402|non-instanced|1794974|16|1
133.7971|0.007474001|non-instanced|1794974|17|1
134.0501|0.007459899|non-instanced|1794974|17|1
119.3602|0.008378005|non-instanced|1794974|17|1
121.1094|0.008256994|non-instanced|1794974|17|1
119.6487|0.008357801|non-instanced|1794974|17|1
94.36902|0.0105967|non-instanced|1436366|17|1
96.92641|0.01031711|non-instanced|1436366|17|1
106.1673|0.009419098|non-instanced|1794974|17|1
150.9707|0.006623802|non-instanced|1794974|17|1
110.6489|0.009037599|non-instanced|1794974|17|1
132.8181|0.007529096|non-instanced|1794974|17|1
127.262|0.007857802|non-instanced|1436366|16|1
147.009|0.006802303|non-instanced|1794974|17|1
124.5455|0.008029195|non-instanced|1794974|17|1
136.8438|0.007307603|non-instanced|1436366|16|1
39.0384|0.0256158|non-instanced|1794974|17|1
62.71716|0.0159446|non-instanced|7174094|32|4
115.4695|0.008660296|non-instanced|7174094|32|4
99.78942|0.0100211|non-instanced|7174094|32|4
102.8077|0.009726899|non-instanced|7174094|32|4
125.011|0.007999298|non-instanced|7174094|32|4
131.721|0.007591801|non-instanced|7174094|32|4
111.6495|0.008956597|non-instanced|7174094|32|4
118.8044|0.008417198|non-instanced|7174094|32|4
105.9008|0.009442801|non-instanced|6815486|32|4
93.05957|0.0107458|non-instanced|7174094|32|4
118.3727|0.008447896|non-instanced|7174094|32|4
126.3455|0.007914803|non-instanced|7174094|32|4
107.8097|0.009275602|non-instanced|7174094|32|4
140.0364|0.007141001|non-instanced|7174094|32|4
131.2423|0.007619494|non-instanced|7174094|32|4
134.284|0.007446903|non-instanced|7174094|32|4
126.2914|0.007918198|non-instanced|7174094|32|4
129.5739|0.007717602|non-instanced|7174094|32|4
118.3992|0.008446003|non-instanced|7174094|32|4
106.1121|0.009423994|non-instanced|7174094|32|4
86.19499|0.0116016|non-instanced|7174094|32|4
80.42657|0.0124337|non-instanced|7174094|32|4
110.6024|0.009041398|non-instanced|7174094|32|4
111.0704|0.009003302|non-instanced|7174094|32|4
106.0558|0.009428997|non-instanced|7174094|32|4
101.4116|0.009860806|non-instanced|7174094|32|4
135.0093|0.007406895|non-instanced|7174094|32|4
133.5702|0.007486699|non-instanced|7174094|32|4
94.36896|0.0105967|non-instanced|7174094|32|4
122.224|0.008181697|non-instanced|7174094|32|4
108.6319|0.0092054|non-instanced|7174094|32|4
125.0093|0.007999404|non-instanced|7174094|32|4
122.4486|0.008166695|non-instanced|7174094|32|4
130.6335|0.007655003|non-instanced|7174094|32|4
115.2565|0.008676297|non-instanced|7174094|32|4
129.7084|0.007709602|non-instanced|7174094|32|4
112.4796|0.008890497|non-instanced|7174094|32|4
138.9236|0.0071982|non-instanced|7174094|32|4
123.6017|0.008090504|non-instanced|6815486|31|4
107.3768|0.009312996|non-instanced|7174094|32|4
115.3815|0.008666901|non-instanced|7174094|32|4
136.8363|0.007308|non-instanced|7174094|32|4
136.0173|0.007352005|non-instanced|7174094|32|4
125.3794|0.007975793|non-instanced|7174094|32|4
123.7425|0.008081299|non-instanced|7174094|32|4
145.7662|0.006860303|non-instanced|7174094|32|4
134.2102|0.007450999|non-instanced|6815486|31|4
91.81385|0.0108916|non-instanced|6815486|31|4
110.2463|0.009070599|non-instanced|7174094|32|4
130.5279|0.007661196|non-instanced|7174094|32|4
106.808|0.009362599|non-instanced|7174094|29|4
100.6441|0.009936005|non-instanced|7174094|32|4
106.7635|0.009366496|non-instanced|7174094|32|4
167.3892|0.0059741|non-instanced|7174094|32|4
116.9851|0.0085481|non-instanced|7174094|32|4
135.5105|0.0073795|non-instanced|7174094|32|4
126.5951|0.0078992|non-instanced|7174094|32|4
128.401|0.007788102|non-instanced|7174094|32|4
125.1502|0.007990398|non-instanced|7174094|32|4
128.9823|0.007753004|non-instanced|7174094|32|4
133.046|0.007516199|non-instanced|7174094|32|4
134.7346|0.007421996|non-instanced|7174094|32|4
118.3389|0.008450305|non-instanced|6456878|31|4
82.63988|0.01210069|non-instanced|7174094|32|4
123.7027|0.0080839|non-instanced|7174094|32|4
123.5834|0.008091702|non-instanced|7174094|32|4
142.8816|0.006998803|non-instanced|7174094|32|4
114.8779|0.008704896|non-instanced|7174094|32|4
144.7533|0.006908305|non-instanced|7174094|32|4
114.02|0.008770394|non-instanced|7174094|32|4
143.0594|0.006990101|non-instanced|7174094|32|4
112.1592|0.008915901|non-instanced|7174094|31|4
128.1213|0.007805102|non-instanced|7174094|32|4
121.8933|0.008203898|non-instanced|7174094|32|4
120.479|0.008300198|non-instanced|7174094|32|4
102.7136|0.009735807|non-instanced|7174094|32|4
145.2497|0.006884694|non-instanced|7174094|32|4
114.9795|0.008697201|non-instanced|7174094|32|4
71.30377|0.0140245|non-instanced|7174094|32|4
130.6711|0.007652799|non-instanced|6815486|32|4
111.7793|0.008946202|non-instanced|7174094|32|4
126.21|0.007923299|non-instanced|7174094|32|4
114.4218|0.008739597|non-instanced|7174094|32|4
107.1949|0.009328798|non-instanced|6815486|31|4
102.9124|0.009717|non-instanced|7174094|32|4
135.8751|0.007359701|non-instanced|7174094|32|4
170.7941|0.005855003|non-instanced|7174094|32|4
137.1366|0.007292|non-instanced|7174094|32|4
121.2768|0.008245599|non-instanced|7174094|32|4
112.9956|0.008849901|non-instanced|7174094|32|4
136.1267|0.007346096|non-instanced|7174094|32|4
143.7504|0.006956505|non-instanced|7174094|32|4
125.1518|0.007990299|non-instanced|7174094|32|4
133.5792|0.007486196|non-instanced|7174094|32|4
109.4582|0.009135906|non-instanced|7174094|32|4
130.9553|0.007636196|non-instanced|7174094|32|4
118.81|0.008416802|non-instanced|7174094|32|4
120.7657|0.008280499|non-instanced|7174094|32|4
121.8829|0.008204599|non-instanced|7174094|32|4
121.4477|0.008234|non-instanced|7174094|32|4
108.8707|0.009185204|non-instanced|7174094|32|4
126.8296|0.007884595|non-instanced|7174094|32|4
111.7368|0.008949603|non-instanced|7174094|32|4
136.7784|0.007311097|non-instanced|7174094|31|4
115.1928|0.008681101|non-instanced|6815486|31|4
119.8566|0.008343304|non-instanced|7174094|32|4
110.005|0.009090497|non-instanced|7174094|32|4
133.8992|0.007468304|non-instanced|7174094|32|4
118.5523|0.008435098|non-instanced|7174094|32|4
120.6317|0.008289697|non-instanced|7174094|32|4
123.0012|0.008130003|non-instanced|7174094|32|4
119.049|0.008399901|non-instanced|7174094|32|4
109.5338|0.009129599|non-instanced|7174094|32|4
111.8306|0.008942099|non-instanced|7174094|32|4
121.4211|0.008235799|non-instanced|7174094|31|4
113.4198|0.008816801|non-instanced|7174094|32|4
126.9873|0.007874802|non-instanced|6815486|31|4
104.757|0.009545897|non-instanced|7174094|32|4
121.1269|0.008255804|non-instanced|7174094|32|4
134.4791|0.007436097|non-instanced|7174094|32|4
140.3667|0.007124199|non-instanced|7174094|32|4
121.7656|0.0082125|non-instanced|7174094|32|4
124.4477|0.008035501|non-instanced|7174094|32|4
114.9689|0.008698002|non-instanced|7174094|32|4
108.6779|0.009201502|non-instanced|7174094|31|4
112.7103|0.0088723|non-instanced|7174094|32|4
101.1757|0.009883794|non-instanced|7174094|32|4
99.65616|0.0100345|non-instanced|7174094|32|4
71.29411|0.0140264|non-instanced|7174094|32|4
102.8225|0.009725496|non-instanced|16139294|57|9
111.6258|0.008958504|non-instanced|16139294|57|9
125.8828|0.007943898|non-instanced|15780686|56|9
93.99202|0.0106392|non-instanced|16139294|57|9
117.1564|0.008535601|non-instanced|16139294|57|9
127.2427|0.007858999|non-instanced|16139294|57|9
113.4996|0.008810601|non-instanced|16139294|57|9
107.6636|0.009288195|non-instanced|16139294|57|9
141.1033|0.007087004|non-instanced|16139294|57|9
122.1046|0.008189697|non-instanced|16139294|57|9
155.4098|0.006434602|non-instanced|16139294|57|9
122.9422|0.0081339|non-instanced|16139294|57|9
108.8305|0.009188598|non-instanced|16139294|57|9
115.2764|0.008674801|non-instanced|16139294|57|9
118.6873|0.008425503|non-instanced|16139294|57|9
115.934|0.008625595|non-instanced|16139294|57|9
130.7873|0.007646003|non-instanced|16139294|57|9
120.7497|0.008281597|non-instanced|16139294|57|9
123.2878|0.008111104|non-instanced|16139294|57|9
121.6974|0.008217099|non-instanced|16139294|57|9
103.0832|0.0097009|non-instanced|16139294|57|9
120.3182|0.008311295|non-instanced|16139294|57|9
138.6655|0.0072116|non-instanced|16139294|57|9
76.62835|0.01305|non-instanced|16139294|57|9
91.67917|0.0109076|non-instanced|16139294|57|9
123.2164|0.008115802|non-instanced|16139294|57|9
140.8749|0.007098498|non-instanced|16139294|57|9
120.3934|0.008306101|non-instanced|16139294|57|9
96.4497|0.0103681|non-instanced|16139294|57|9
104.3177|0.009586097|non-instanced|16139294|57|9
117.3654|0.008520401|non-instanced|16139294|57|9
105.706|0.009460204|non-instanced|16139294|57|9
140.1051|0.0071375|non-instanced|15780686|56|9
115.2951|0.008673399|non-instanced|15780686|56|9
109.7936|0.009108|non-instanced|16139294|57|9
94.72476|0.0105569|non-instanced|16139294|57|9
114.9373|0.008700397|non-instanced|16139294|57|9
131.4924|0.007605003|non-instanced|16139294|57|9
141.9407|0.007045195|non-instanced|16139294|57|9
123.6048|0.008090299|non-instanced|16139294|57|9
124.0864|0.0080589|non-instanced|15780686|56|9
95.99413|0.0104173|non-instanced|16139294|57|9
126.1464|0.007927296|non-instanced|16139294|57|9
138.4734|0.007221606|non-instanced|16139294|57|9
129.5203|0.007720798|non-instanced|16139294|57|9
126.8778|0.007881598|non-instanced|16139294|57|9
114.4531|0.008737203|non-instanced|16139294|57|9
132.8921|0.007524901|non-instanced|16139294|57|9
117.0371|0.008544296|non-instanced|16139294|57|9
120.2761|0.008314201|non-instanced|16139294|57|9
124.7162|0.008018204|non-instanced|16139294|57|9
109.7334|0.009112996|non-instanced|16139294|57|9
123.3395|0.008107702|non-instanced|16139294|57|9
137.6899|0.007262698|non-instanced|16139294|57|9
125.7751|0.007950702|non-instanced|16139294|57|9
120.6418|0.008289002|non-instanced|16139294|57|9
118.5523|0.008435098|non-instanced|16139294|56|9
94.51084|0.0105808|non-instanced|16139294|57|9
128.1525|0.007803203|non-instanced|16139294|57|9
138.0167|0.0072455|non-instanced|16139294|57|9
128.0361|0.007810296|non-instanced|16139294|57|9
118.4357|0.008443403|non-instanced|16139294|57|9
122.3017|0.008176502|non-instanced|16139294|57|9
119.0633|0.008398894|non-instanced|16139294|57|9
116.1453|0.008609907|non-instanced|16139294|57|9
124.406|0.008038195|non-instanced|16139294|57|9
117.7607|0.008491801|non-instanced|16139294|57|9
128.2775|0.007795599|non-instanced|16139294|57|9
101.495|0.0098527|non-instanced|16139294|57|9
130.4155|0.0076678|non-instanced|16139294|57|9
106.0524|0.009429301|non-instanced|16139294|57|9
109.9131|0.0090981|non-instanced|16139294|57|9
119.4002|0.008375199|non-instanced|16139294|57|9
111.0026|0.009008801|non-instanced|16139294|57|9
119.4086|0.008374603|non-instanced|16139294|57|9
99.69101|0.010031|non-instanced|16139294|57|9
120.1706|0.008321499|non-instanced|16139294|57|9
111.2396|0.008989604|non-instanced|16139294|57|9
112.638|0.008877997|non-instanced|16139294|57|9
95.90671|0.0104268|non-instanced|16139294|57|9
113.4687|0.008813003|non-instanced|16139294|57|9
101.3182|0.009869898|non-instanced|16139294|57|9
109.4104|0.009139902|non-instanced|16139294|57|9
104.2264|0.009594494|non-instanced|16139294|57|9
114.7525|0.008714406|non-instanced|15422078|55|9
104.1743|0.009599298|non-instanced|16139294|57|9
106.8296|0.0093607|non-instanced|16139294|57|9
64.07506|0.0156067|non-instanced|16139294|57|9
96.50643|0.010362|non-instanced|16139294|57|9
105.6591|0.009464399|non-instanced|16139294|57|9
107.9553|0.009263095|non-instanced|16139294|57|9
104.0485|0.009610905|non-instanced|16139294|57|9
107.9576|0.009262897|non-instanced|16139296|57|9
105.4974|0.009478904|non-instanced|16139294|57|9
106.5667|0.009383794|non-instanced|16139294|56|9
102.2881|0.009776304|non-instanced|15422078|57|9
88.67608|0.011277|non-instanced|15422078|57|9
104.0799|0.009608001|non-instanced|16139294|57|9
100.9489|0.009906002|non-instanced|15780686|55|9
99.46882|0.0100534|non-instanced|16139294|57|9
98.62421|0.0101395|non-instanced|16139294|57|9
101.1358|0.009887698|non-instanced|16139294|57|9
94.20278|0.0106154|non-instanced|16139294|57|9
90.34155|0.0110691|non-instanced|16139294|57|9
100.8024|0.009920401|non-instanced|16139294|57|9
93.15933|0.0107343|non-instanced|16139294|57|9
87.86807|0.0113807|non-instanced|16139294|57|9
83.23483|0.0120142|non-instanced|16139294|57|9
100.8186|0.0099188|non-instanced|16139294|57|9
101.4723|0.009854903|non-instanced|16139294|56|9
91.48464|0.0109308|non-instanced|15780686|56|9
93.42212|0.0107041|non-instanced|16139294|56|9
87.69547|0.0114031|non-instanced|16139294|57|9
93.30007|0.01071811|non-instanced|15780686|56|9
92.70762|0.0107866|non-instanced|15780686|56|9
89.70702|0.0111474|non-instanced|16139294|57|9
92.96706|0.0107565|non-instanced|16139294|57|9
86.2597|0.0115929|non-instanced|16139294|57|9
92.47269|0.010814|non-instanced|15780686|56|9
90.11201|0.0110973|non-instanced|16139294|57|9
85.57909|0.0116851|non-instanced|16139294|57|9
90.2055|0.0110858|non-instanced|15780686|55|9
84.57806|0.0118234|non-instanced|16139294|57|9
93.28096|0.0107203|non-instanced|16139294|57|9
87.15506|0.0114738|non-instanced|16139294|57|9
88.43613|0.0113076|non-instanced|16139294|57|9
88.0972|0.0113511|non-instanced|16139294|57|9
89.0369|0.0112313|non-instanced|16139294|57|16
34.18055|0.02925641|non-instanced|28690576|92|16
61.08737|0.01637|non-instanced|28690576|92|16
60.19672|0.0166122|non-instanced|28690576|92|16
60.65607|0.0164864|non-instanced|28690576|92|16
60.95551|0.01640541|non-instanced|28690576|92|16
61.05528|0.0163786|non-instanced|27256144|87|16
60.14387|0.0166268|non-instanced|28331968|92|16
60.42917|0.0165483|non-instanced|28690576|92|16
61.0359|0.0163838|non-instanced|28690576|92|16
60.64909|0.01648829|non-instanced|28690576|92|16
60.52169|0.016523|non-instanced|28690576|92|16
60.31945|0.0165784|non-instanced|28690576|92|16
58.68752|0.0170394|non-instanced|28690576|92|16
61.01431|0.0163896|non-instanced|28690576|92|16
61.04818|0.01638051|non-instanced|28331968|91|16
60.9084|0.0164181|non-instanced|28690576|92|16
62.096|0.0161041|non-instanced|28331968|91|16
60.40651|0.01655451|non-instanced|28690576|92|16
60.44599|0.01654369|non-instanced|28690576|92|16
60.67924|0.0164801|non-instanced|28690576|92|16
60.18693|0.0166149|non-instanced|28690576|92|16
60.27691|0.0165901|non-instanced|27973360|87|16
60.61634|0.0164972|non-instanced|28690576|92|16
60.73638|0.0164646|non-instanced|28690576|92|16
60.55029|0.0165152|non-instanced|28690576|92|16
60.11747|0.0166341|non-instanced|27973360|87|16
60.34165|0.0165723|non-instanced|28690576|92|16
61.08623|0.0163703|non-instanced|28690576|92|16
60.05863|0.0166504|non-instanced|28690576|92|16
60.88204|0.01642521|non-instanced|28690576|92|16
60.80654|0.0164456|non-instanced|28331968|91|16
60.84909|0.0164341|non-instanced|28331968|92|16
60.01105|0.0166636|non-instanced|28690576|92|16
61.23475|0.0163306|non-instanced|28331968|91|16
60.79729|0.0164481|non-instanced|28690576|92|16
60.74006|0.0164636|non-instanced|28690576|92|16
60.77216|0.0164549|non-instanced|28690576|92|16
60.48107|0.0165341|non-instanced|28690576|92|16
60.96742|0.0164022|non-instanced|28331968|91|16
59.61964|0.01677299|non-instanced|28690576|92|16
60.51655|0.0165244|non-instanced|28690576|92|16
60.56606|0.0165109|non-instanced|28690576|92|16
60.24606|0.0165986|non-instanced|27973360|91|16
60.88798|0.0164236|non-instanced|28690576|92|16
61.21751|0.0163352|non-instanced|28690576|92|16
60.2268|0.0166039|non-instanced|28690576|92|16
60.60202|0.0165011|non-instanced|28690576|92|16
60.82911|0.0164395|non-instanced|28690576|92|16
61.22348|0.0163336|non-instanced|28690576|92|16
60.1913|0.0166137|non-instanced|28690576|92|16
60.30164|0.0165833|non-instanced|28331968|91|16
61.22797|0.0163324|non-instanced|28331968|91|16
60.24061|0.0166001|non-instanced|28690576|92|16
61.17481|0.0163466|non-instanced|28690576|92|16
60.25295|0.0165967|non-instanced|28331968|91|16
60.71202|0.0164712|non-instanced|28690576|92|16
60.989|0.0163964|non-instanced|28690576|92|16
60.44926|0.0165428|non-instanced|28690576|92|16
60.49131|0.0165313|non-instanced|26897536|89|16
60.10375|0.0166379|non-instanced|28690576|91|16
60.33072|0.0165753|non-instanced|28690576|92|16
60.58147|0.0165067|non-instanced|28690576|92|16
60.68918|0.0164774|non-instanced|28690576|92|16
60.39669|0.0165572|non-instanced|28690576|92|16
60.45656|0.0165408|non-instanced|28331968|92|16
60.93512|0.0164109|non-instanced|28690576|92|16
60.00169|0.0166662|non-instanced|28690576|92|16
61.02956|0.0163855|non-instanced|28690576|92|16
60.60166|0.0165012|non-instanced|28690576|92|16
60.46863|0.0165375|non-instanced|28690576|92|25
39.7657|0.0251473|non-instanced|44827936|137|25
40.29642|0.0248161|non-instanced|44827936|137|25
40.40519|0.0247493|non-instanced|44827936|137|25
40.45323|0.02471991|non-instanced|43752112|132|25
40.43623|0.0247303|non-instanced|44827936|137|25
39.98961|0.0250065|non-instanced|44827936|136|25
40.09383|0.0249415|non-instanced|44827936|136|25
40.05687|0.02496451|non-instanced|44827936|137|25
39.30957|0.02543909|non-instanced|44827936|137|25
40.46191|0.0247146|non-instanced|44827936|137|25
40.80051|0.0245095|non-instanced|44469328|136|25
40.79135|0.024515|non-instanced|44469328|136|25
40.64247|0.0246048|non-instanced|44827936|137|25
40.56334|0.0246528|non-instanced|44827936|137|25
41.32368|0.0241992|non-instanced|44827936|137|25
40.76974|0.024528|non-instanced|44827936|137|25
40.67654|0.0245842|non-instanced|44827936|136|25
41.06186|0.0243535|non-instanced|44469328|137|25
40.81017|0.0245037|non-instanced|44827936|137|25
40.7375|0.02454741|non-instanced|44469328|137|25
40.76425|0.0245313|non-instanced|44827936|134|25
41.06541|0.0243514|non-instanced|44827936|137|25
40.7714|0.024527|non-instanced|44827936|136|25
41.37942|0.0241666|non-instanced|44827936|137|25
41.31105|0.0242066|non-instanced|44827936|137|25
41.06455|0.02435191|non-instanced|44827936|136|25
41.54601|0.0240697|non-instanced|44469328|136|25
41.90518|0.0238634|non-instanced|44827936|136|25
41.77913|0.0239354|non-instanced|44827936|137|25
41.86044|0.0238889|non-instanced|44827936|136|25
42.03305|0.0237908|non-instanced|44827936|137|25
41.74773|0.02395339|non-instanced|44110720|134|25
41.99439|0.02381271|non-instanced|44827936|137|25
41.88639|0.0238741|non-instanced|44827936|137|25
42.03589|0.02378919|non-instanced|44827936|137|25
41.8186|0.0239128|non-instanced|44110720|136|25
42.24133|0.0236735|non-instanced|44827936|137|25
41.60617|0.0240349|non-instanced|44469328|136|25
42.82361|0.0233516|non-instanced|44469328|137|25
43.60643|0.0229324|non-instanced|44110720|135|25
42.88973|0.0233156|non-instanced|44110720|135|25
41.99669|0.0238114|non-instanced|44827936|137|25
42.78862|0.0233707|non-instanced|44110720|135|25
42.46753|0.0235474|non-instanced|44469328|137|25
42.59996|0.0234742|non-instanced|44469328|136|25
43.3422|0.0230722|non-instanced|44469328|136|36
30.18595|0.033128|non-instanced|63475552|190|36
30.65313|0.0326231|non-instanced|63834160|190|36
30.49552|0.0327917|non-instanced|64551376|192|36
30.43316|0.0328589|non-instanced|63475552|185|36
30.65247|0.03262379|non-instanced|64551376|192|36
30.49905|0.0327879|non-instanced|64551376|192|36
30.37363|0.0329233|non-instanced|64192768|189|36
31.09578|0.0321587|non-instanced|64551376|192|36
30.825|0.0324412|non-instanced|63834160|189|36
30.9118|0.0323501|non-instanced|64551376|192|36
30.97356|0.0322856|non-instanced|64551376|192|36
31.61856|0.031627|non-instanced|64551376|192|36
30.88059|0.0323828|non-instanced|63475552|189|36
31.11252|0.0321414|non-instanced|64192768|191|36
31.01073|0.0322469|non-instanced|64192768|186|36
31.46227|0.0317841|non-instanced|64551376|192|36
31.50658|0.0317394|non-instanced|64551376|192|36
31.56506|0.0316806|non-instanced|64551376|192|36
31.76781|0.0314784|non-instanced|64551376|192|36
31.80976|0.0314369|non-instanced|64551376|192|36
31.67855|0.0315671|non-instanced|64551376|192|36
31.75016|0.0314959|non-instanced|64192768|191|36
31.7965|0.03145|non-instanced|64551376|192|36
31.54594|0.0316998|non-instanced|64551376|192|36
32.09284|0.03115959|non-instanced|64551376|192|36
32.05518|0.0311962|non-instanced|64551376|192|36
32.01301|0.0312373|non-instanced|63834160|189|36
32.20238|0.0310536|non-instanced|64551376|192|36
32.55367|0.0307185|non-instanced|64192768|192|36
32.49434|0.0307746|non-instanced|64551376|192|36
32.74394|0.03054|non-instanced|63834160|190|36
32.47554|0.0307924|non-instanced|64551376|192|36
32.19534|0.0310604|non-instanced|64551376|192|49
24.15885|0.0413927|non-instanced|83557600|245|49
24.43452|0.0409257|non-instanced|87502288|257|49
24.51966|0.0407836|non-instanced|87860896|257|49
24.8942|0.04017|non-instanced|87860896|257|49
24.5893|0.0406681|non-instanced|87860896|256|49
24.85398|0.040235|non-instanced|87860896|257|49
25.36262|0.0394281|non-instanced|87860896|257|49
27.09022|0.0369137|non-instanced|87860896|257|49
26.93704|0.03712361|non-instanced|87502288|256|49
27.26177|0.0366814|non-instanced|86067856|248|49
27.56477|0.0362782|non-instanced|87502288|256|49
27.615|0.0362122|non-instanced|87860896|257|49
27.76505|0.0360165|non-instanced|87502288|257|49
28.29126|0.0353466|non-instanced|87143680|255|49
28.30496|0.0353295|non-instanced|87502288|253|49
28.42775|0.0351769|non-instanced|87143680|255|49
29.15307|0.0343017|non-instanced|87860896|257|49
29.05263|0.0344203|non-instanced|87502288|256|49
29.21243|0.034232|non-instanced|87860896|257|49
29.52108|0.0338741|non-instanced|87860896|257|49
29.78806|0.0335705|non-instanced|87502288|256|49
29.61147|0.0337707|non-instanced|86426464|256|49
30.50398|0.0327826|non-instanced|87860896|257|49
30.51088|0.0327752|non-instanced|87860896|256|49
30.60978|0.0326693|non-instanced|87502288|256|49
30.51022|0.0327759|non-instanced|84992032|236|49
30.61353|0.0326653|non-instanced|87860896|257|49
30.64618|0.0326305|non-instanced|86785072|254|49
30.40752|0.0328866|non-instanced|87502288|256|49
30.13709|0.0331817|non-instanced|87860896|257|49
29.85333|0.0334971|non-instanced|86785072|253|49
30.08822|0.0332356|non-instanced|86785072|253|64
22.65406|0.0441422|non-instanced|114756496|332|64
22.71958|0.0440149|non-instanced|114756496|332|64
22.78153|0.0438952|non-instanced|113322064|331|64
23.041|0.0434009|non-instanced|113322064|331|64
22.85015|0.0437634|non-instanced|114756496|332|64
26.39595|0.0378846|non-instanced|114397888|332|64
26.56127|0.0376488|non-instanced|114039280|332|64
26.62251|0.0375622|non-instanced|114039280|330|64
28.37974|0.0352364|non-instanced|114039280|332|64
28.16544|0.0355045|non-instanced|114756496|332|64
28.34098|0.03528459|non-instanced|114397888|331|64
29.21209|0.0342324|non-instanced|111529024|319|64
29.40174|0.0340116|non-instanced|114756496|332|64
29.34436|0.0340781|non-instanced|114756496|332|64
30.51301|0.0327729|non-instanced|114397888|332|64
30.66337|0.0326122|non-instanced|114756496|332|64
30.6228|0.03265541|non-instanced|114397888|330|64
31.46267|0.0317837|non-instanced|114397888|332|64
32.28472|0.0309744|non-instanced|114756496|332|64
32.04748|0.0312037|non-instanced|114756496|332|64
31.88247|0.0313652|non-instanced|114039280|328|64
33.09899|0.0302124|non-instanced|114397888|332|64
32.6292|0.0306474|non-instanced|114756495|331|64
32.77421|0.0305118|non-instanced|114039280|329|64
32.54838|0.0307235|non-instanced|114756496|331|64
31.76045|0.0314857|non-instanced|114397888|332|64
31.74704|0.031499|non-instanced|113322064|329|64
31.88979|0.031358|non-instanced|114397888|332|64
30.20081|0.0331117|non-instanced|114397887|331|64
30.30037|0.0330029|non-instanced|114397888|331|64
30.16318|0.033153|non-instanced|114397888|332|64
30.14854|0.0331691|non-instanced|114397888|332|64
29.90117|0.0334435|non-instanced|114397888|332|64
29.82804|0.0335255|non-instanced|114756496|332|64
29.86046|0.0334891|non-instanced|114397888|331|64
30.14499|0.033173|non-instanced|114039280|331|64
29.93591|0.0334047|non-instanced|114039280|331|81
15.55328|0.06429511|non-instanced|144879568|416|81
24.10673|0.0414822|non-instanced|144520960|414|81
24.22393|0.0412815|non-instanced|144879568|417|81
24.19825|0.0413253|non-instanced|144879568|417|81
24.13535|0.041433|non-instanced|145238176|417|81
25.61698|0.0390366|non-instanced|144520960|415|81
25.9749|0.0384987|non-instanced|144520960|416|81
26.10721|0.0383036|non-instanced|144162352|417|81
26.1306|0.0382693|non-instanced|144879568|417|81
26.20366|0.0381626|non-instanced|143803744|413|81
25.99408|0.03847029|non-instanced|144879568|416|81
26.36505|0.037929|non-instanced|144879568|417|81
26.2868|0.0380419|non-instanced|145238176|416|81
26.01437|0.0384403|non-instanced|145238176|417|81
26.14516|0.038248|non-instanced|144162352|415|81
26.18617|0.0381881|non-instanced|144879568|416|81
26.17986|0.0381973|non-instanced|144162352|416|81
25.81398|0.03873871|non-instanced|143445136|412|81
26.32293|0.0379897|non-instanced|144520960|415|81
25.82351|0.0387244|non-instanced|142727920|402|81
26.30894|0.0380099|non-instanced|145238176|417|81
26.06767|0.0383617|non-instanced|144520960|416|81
26.38801|0.037896|non-instanced|145238176|416|81
26.22558|0.0381307|non-instanced|144520960|415|81
25.86379|0.0386641|non-instanced|142010704|392|81
25.63136|0.0390147|non-instanced|144520960|415|81
24.67893|0.0405204|non-instanced|144879568|416|81
25.23074|0.0396342|non-instanced|145238176|417|81
25.05085|0.0399188|non-instanced|145238176|417|81
25.02208|0.0399647|non-instanced|145238176|417|100
20.44961|0.04890069|non-instanced|177154293|459|100
20.76352|0.0481614|non-instanced|176437078|504|100
20.88302|0.0478858|non-instanced|177154294|506|100
21.04838|0.0475096|non-instanced|177154294|506|100
21.13012|0.0473258|non-instanced|177871509|480|100
21.26569|0.0470241|non-instanced|178230118|507|100
21.24938|0.0470602|non-instanced|178947333|511|100
21.08108|0.04743591|non-instanced|177512902|511|100
21.09816|0.0473975|non-instanced|176437078|496|100
21.20607|0.0471563|non-instanced|176795686|498|100
21.17487|0.0472258|non-instanced|176795685|505|100
21.3459|0.0468474|non-instanced|178588726|509|100
21.14482|0.0472929|non-instanced|178588726|511|100
21.34481|0.0468498|non-instanced|178947334|509|100
21.35611|0.046825|non-instanced|178947334|511|100
21.35589|0.04682549|non-instanced|178228364|508|100
20.78531|0.0481109|non-instanced|177512902|507|100
20.84102|0.04798231|non-instanced|176795686|505|100
20.7135|0.0482777|non-instanced|178947334|511|100
20.50268|0.0487741|non-instanced|178230117|511|100
20.74913|0.0481948|non-instanced|176078470|504|100
20.6618|0.0483985|non-instanced|178588726|510|100
20.92221|0.0477961|non-instanced|177512902|510|100
20.88359|0.04788449|non-instanced|176795686|495|100
21.26768|0.0470197|non-instanced|177871510|508|100
21.19102|0.0471898|non-instanced|177871510|505|100
20.92501|0.0477897|non-instanced|177871510|505|121
17.73304|0.0563919|non-instanced|214808134|613|121
17.46249|0.0572656|non-instanced|215525350|613|121
17.41526|0.0574209|non-instanced|215525350|613|121
17.54712|0.0569894|non-instanced|214449526|612|121
17.65883|0.05662891|non-instanced|215166742|613|121
17.73477|0.0563864|non-instanced|209787622|564|121
17.90725|0.0558433|non-instanced|211939270|609|121
17.44245|0.0573314|non-instanced|215525350|613|121
17.33297|0.0576935|non-instanced|211939270|596|121
17.33153|0.0576983|non-instanced|214449526|612|121
17.36066|0.0576015|non-instanced|215166742|542|121
17.38994|0.0575045|non-instanced|214090918|611|121
17.30532|0.0577857|non-instanced|214090918|612|121
17.34428|0.0576559|non-instanced|208711798|574|121
17.40268|0.0574624|non-instanced|213732310|603|121
17.39218|0.0574971|non-instanced|209070406|579|121
17.44078|0.0573369|non-instanced|214449526|609|121
17.40311|0.057461|non-instanced|211222054|590|121
17.57584|0.0568963|non-instanced|214090918|610|121
17.6407|0.0566871|non-instanced|215166742|613|121
17.62444|0.0567394|non-instanced|213373702|593|121
17.76164|0.0563011|non-instanced|215525350|612|121
17.59832|0.0568236|non-instanced|213373702|605|121
17.52575|0.0570589|non-instanced|215525350|612|121
17.44473|0.0573239|non-instanced|210863446|591|121
17.48686|0.05718581|non-instanced|214808134|613|121
17.47567|0.0572224|non-instanced|215166742|613|121
17.48851|0.0571804|non-instanced|212297878|601|121
17.31659|0.0577481|non-instanced|210504838|573|121
17.28283|0.0578609|non-instanced|213732310|611|121
17.28426|0.0578561|non-instanced|210146230|604|121
17.35379|0.0576243|non-instanced|214090918|599|121
17.41735|0.057414|non-instanced|214090918|599|100
20.84745|0.0479675|non-instanced|178947334|510|100
20.68406|0.0483464|non-instanced|177871510|509|100
20.85845|0.0479422|non-instanced|178947334|510|100
20.72788|0.0482442|non-instanced|178947334|510|100
21.15936|0.0472604|non-instanced|178230118|510|100
21.21273|0.0471415|non-instanced|178588726|509|100
21.19061|0.0471907|non-instanced|177512902|510|100
21.20212|0.04716509|non-instanced|178588725|510|100
21.02558|0.04756111|non-instanced|171775174|458|100
21.05166|0.0475022|non-instanced|176437078|496|100
21.17451|0.0472266|non-instanced|177512902|484|100
20.85963|0.0479395|non-instanced|178588726|509|100
21.22214|0.0471206|non-instanced|176078470|502|100
21.03089|0.0475491|non-instanced|178230117|510|100
20.78579|0.0481098|non-instanced|177154294|507|100
20.97157|0.0476836|non-instanced|176437078|500|100
20.76869|0.0481494|non-instanced|178947334|510|100
20.82374|0.0480221|non-instanced|178947334|511|100
21.1035|0.0473855|non-instanced|174644038|482|100
20.70471|0.0482982|non-instanced|178947334|511|100
21.09188|0.0474116|non-instanced|178230118|506|100
20.7937|0.0480915|non-instanced|177871510|479|100
20.6892|0.0483344|non-instanced|177871510|510|100
21.03757|0.047534|non-instanced|178947334|510|100
21.05791|0.0474881|non-instanced|178587046|511|100
21.25227|0.0470538|non-instanced|177512902|506|100
20.82604|0.0480168|non-instanced|177512902|506|81
25.30339|0.0395204|non-instanced|145238176|417|81
25.79268|0.0387707|non-instanced|145238176|417|81
17.91261|0.0558266|non-instanced|145238176|417|81
24.07034|0.0415449|non-instanced|144162352|406|81
25.02227|0.0399644|non-instanced|144520960|412|81
25.06479|0.0398966|non-instanced|144162352|413|81
25.13239|0.0397893|non-instanced|143803744|415|81
24.85169|0.0402387|non-instanced|145238176|417|81
24.93212|0.0401089|non-instanced|143803744|414|81
24.92678|0.04011749|non-instanced|144520960|414|81
25.11137|0.0398226|non-instanced|145238176|417|81
25.15084|0.03976011|non-instanced|142727920|412|81
25.27442|0.0395657|non-instanced|144879568|416|81
24.78438|0.040348|non-instanced|141652096|402|81
24.88008|0.0401928|non-instanced|144879568|416|81
25.35754|0.039436|non-instanced|145238176|417|81
24.9885|0.0400184|non-instanced|143803744|414|81
24.88224|0.0401893|non-instanced|144162352|417|81
25.31126|0.0395081|non-instanced|144520960|403|81
25.03029|0.0399516|non-instanced|145238176|417|81
25.09228|0.0398529|non-instanced|144879568|417|81
24.97035|0.0400475|non-instanced|144162352|415|81
25.13681|0.0397823|non-instanced|145238176|417|81
24.98744|0.0400201|non-instanced|145238176|415|81
25.06027|0.0399038|non-instanced|144879568|417|81
25.12399|0.0398026|non-instanced|145238176|415|81
25.07573|0.0398792|non-instanced|145238176|417|81
25.45572|0.0392839|non-instanced|143803744|414|81
25.66933|0.038957|non-instanced|143803744|414|64
17.4957|0.05715689|non-instanced|112246240|327|64
28.10354|0.0355827|non-instanced|114039280|330|64
27.97884|0.0357413|non-instanced|114756496|332|64
28.74224|0.034792|non-instanced|114756496|332|64
14.4402|0.06925111|non-instanced|114397888|332|64
28.85953|0.03465059|non-instanced|114756496|332|64
28.75579|0.0347756|non-instanced|111170416|316|64
29.45586|0.0339491|non-instanced|113680672|331|64
29.40865|0.0340036|non-instanced|114397888|331|64
29.4517|0.0339539|non-instanced|114039280|330|64
29.21081|0.0342339|non-instanced|109377376|305|64
29.51995|0.0338754|non-instanced|114756496|331|64
29.376|0.0340414|non-instanced|114039280|325|64
29.34634|0.0340758|non-instanced|114397888|330|64
29.29622|0.0341341|non-instanced|114756496|332|64
29.28892|0.0341426|non-instanced|113680672|324|64
29.46228|0.0339417|non-instanced|114397888|332|64
29.04376|0.0344308|non-instanced|112963456|322|64
29.51777|0.0338779|non-instanced|114397888|331|64
29.0061|0.0344755|non-instanced|110811808|312|64
29.78851|0.03357|non-instanced|114756496|332|64
29.19435|0.0342532|non-instanced|114756496|332|64
28.85087|0.034661|non-instanced|114397888|331|64
29.87866|0.0334687|non-instanced|114397888|332|64
29.22951|0.034212|non-instanced|114397888|331|64
29.23797|0.0342021|non-instanced|113322064|327|64
30.07926|0.0332455|non-instanced|114039280|331|64
30.06199|0.0332646|non-instanced|114397888|332|64
30.18358|0.0331306|non-instanced|113322064|332|64
29.90037|0.0334444|non-instanced|114397888|331|64
29.86653|0.0334823|non-instanced|114039280|332|64
29.93626|0.0334043|non-instanced|114039280|332|49
14.96551|0.0668203|non-instanced|87860896|257|49
30.2911|0.033013|non-instanced|87860896|257|49
29.91924|0.0334233|non-instanced|85350640|250|49
30.26781|0.0330384|non-instanced|87860896|257|49
29.95474|0.03338369|non-instanced|87860896|257|49
13.69951|0.07299531|non-instanced|87502288|257|49
36.64748|0.027287|non-instanced|87860896|257|49
30.1067|0.0332152|non-instanced|87860896|257|49
30.22527|0.0330849|non-instanced|86785072|254|49
30.02588|0.0333046|non-instanced|87860896|256|49
29.94613|0.0333933|non-instanced|87502288|256|49
29.88393|0.0334628|non-instanced|87860896|257|49
30.08568|0.0332384|non-instanced|87860896|257|49
29.87858|0.0334688|non-instanced|87860896|256|49
30.14818|0.0331695|non-instanced|87860896|257|49
30.01183|0.0333202|non-instanced|87502288|256|49
29.96416|0.0333732|non-instanced|87502288|257|49
29.97377|0.0333625|non-instanced|87860896|255|49
29.91263|0.0334307|non-instanced|86785072|247|49
30.07202|0.0332535|non-instanced|87860896|257|49
28.48889|0.0351014|non-instanced|87860896|257|49
31.66822|0.0315774|non-instanced|86067856|253|49
30.10316|0.0332191|non-instanced|85709248|250|49
29.84282|0.0335089|non-instanced|87860896|256|49
30.07926|0.0332455|non-instanced|87860896|257|49
29.93456|0.0334062|non-instanced|87502288|256|49
29.90994|0.0334337|non-instanced|87143680|246|49
30.03382|0.0332958|non-instanced|87502288|252|49
30.04014|0.0332888|non-instanced|85709248|248|49
30.04772|0.0332804|non-instanced|87143680|249|49
29.6987|0.03367151|non-instanced|87860896|257|49
30.374|0.03292289|non-instanced|87502288|256|49
29.69103|0.0336802|non-instanced|87502288|256|49
30.09899|0.0332237|non-instanced|87860896|257|49
30.25179|0.03305589|non-instanced|87502288|254|49
29.81319|0.0335422|non-instanced|87502288|257|49
30.19916|0.03311351|non-instanced|86785072|254|49
29.45934|0.03394509|non-instanced|87860896|257|49
30.52363|0.0327615|non-instanced|87860896|257|36
14.978|0.0667646|non-instanced|64551376|192|36
30.11477|0.0332063|non-instanced|64192768|191|36
29.45612|0.0339488|non-instanced|64192768|191|36
15.0212|0.0665726|non-instanced|64192768|191|36
30.14454|0.03317351|non-instanced|64551376|192|36
30.23404|0.0330753|non-instanced|64551376|191|36
30.00759|0.0333249|non-instanced|64551376|192|36
29.95214|0.0333866|non-instanced|63116944|188|36
29.39059|0.0340245|non-instanced|64192768|165|36
30.70188|0.0325713|non-instanced|64551376|192|36
30.00606|0.0333266|non-instanced|64551376|192|36
30.09519|0.0332279|non-instanced|64551376|192|36
29.51777|0.0338779|non-instanced|64192768|191|36
29.92462|0.0334173|non-instanced|64192768|192|36
30.36403|0.0329337|non-instanced|64551376|192|36
29.89251|0.0334532|non-instanced|64551376|192|36
30.09872|0.033224|non-instanced|64551376|192|36
29.95995|0.0333779|non-instanced|63834160|191|36
29.99031|0.0333441|non-instanced|63834160|192|36
29.75518|0.03360759|non-instanced|64192768|191|36
30.5817|0.0326993|non-instanced|64551376|192|36
29.89983|0.033445|non-instanced|64551376|192|36
30.03806|0.0332911|non-instanced|64551376|192|36
29.94129|0.0333987|non-instanced|64551376|192|36
29.98599|0.0333489|non-instanced|63834160|191|36
30.06678|0.0332593|non-instanced|64551376|192|36
29.86644|0.0334824|non-instanced|64192768|192|36
29.99733|0.0333363|non-instanced|63834160|190|36
29.24995|0.0341881|non-instanced|64551376|191|36
30.59629|0.0326837|non-instanced|63834160|190|36
30.21212|0.0330993|non-instanced|64551376|192|36
29.6399|0.0337383|non-instanced|64551376|192|25
14.91647|0.06704|non-instanced|44469328|135|25
31.15314|0.0320995|non-instanced|44469328|135|25
30.09102|0.0332325|non-instanced|44827936|137|25
30.85239|0.0324124|non-instanced|44827936|137|25
30.4264|0.0328662|non-instanced|44827936|137|25
15.46408|0.064666|non-instanced|44827936|137|25
32.31363|0.0309467|non-instanced|44827936|137|25
32.19948|0.0310564|non-instanced|44469328|135|25
32.50521|0.0307643|non-instanced|44827936|137|25
34.44238|0.029034|non-instanced|44110720|134|25
34.13528|0.0292952|non-instanced|44827936|137|25
34.32499|0.0291333|non-instanced|43752112|133|25
34.42258|0.0290507|non-instanced|44469328|137|25
34.30108|0.0291536|non-instanced|44827936|137|25
34.18324|0.0292541|non-instanced|44469328|135|25
34.30956|0.02914639|non-instanced|44827936|136|25
34.33913|0.0291213|non-instanced|44827936|136|25
33.82103|0.0295674|non-instanced|44827936|137|25
34.78793|0.0287456|non-instanced|44827936|137|25
33.80845|0.0295784|non-instanced|44827936|137|25
33.19194|0.0301278|non-instanced|44110720|136|25
35.98132|0.0277922|non-instanced|44827936|137|25
34.12131|0.0293072|non-instanced|44827936|137|25
32.84428|0.0304467|non-instanced|44827936|137|25
35.56858|0.0281147|non-instanced|44827936|137|25
34.6077|0.0288953|non-instanced|44469328|137|25
34.09491|0.0293299|non-instanced|44469328|136|25
34.26899|0.0291809|non-instanced|44827936|137|25
36.10917|0.0276938|non-instanced|43752112|134|25
36.57511|0.027341|non-instanced|44469328|133|25
36.27197|0.0275695|non-instanced|44469328|136|25
36.32942|0.0275259|non-instanced|43752112|133|25
37.39408|0.0267422|non-instanced|44827936|135|25
38.68592|0.0258492|non-instanced|44827936|137|25
37.95816|0.0263448|non-instanced|44469328|136|25
32.49591|0.0307731|non-instanced|44827936|136|25
48.29564|0.0207058|non-instanced|44827936|136|16
19.85344|0.0503691|non-instanced|28331967|91|16
40.52948|0.0246734|non-instanced|28331968|92|16
40.98042|0.0244019|non-instanced|28690576|92|16
40.07084|0.0249558|non-instanced|28690576|92|16
40.75943|0.0245342|non-instanced|28690576|91|16
40.55067|0.0246605|non-instanced|28331968|91|16
20.52507|0.0487209|non-instanced|28331968|91|16
40.42364|0.024738|non-instanced|28331968|91|16
40.809|0.0245044|non-instanced|28690576|92|16
40.64926|0.02460069|non-instanced|28690576|92|16
41.71132|0.02397431|non-instanced|28690576|92|16
41.83593|0.0239029|non-instanced|28690576|92|16
41.84135|0.0238998|non-instanced|27973360|89|16
41.48775|0.0241035|non-instanced|28690576|92|16
41.31173|0.0242062|non-instanced|28690576|92|16
41.3435|0.0241876|non-instanced|28331968|88|16
42.61395|0.0234665|non-instanced|28690576|92|16
40.6433|0.0246043|non-instanced|28690576|92|16
42.80217|0.0233633|non-instanced|28690576|91|16
41.4221|0.0241417|non-instanced|28690576|92|16
41.38081|0.02416579|non-instanced|28331968|91|16
41.53842|0.0240741|non-instanced|28690576|92|16
41.07535|0.0243455|non-instanced|28690576|92|16
42.81792|0.02335471|non-instanced|28690576|92|16
41.54912|0.0240679|non-instanced|28690576|92|16
41.56484|0.02405879|non-instanced|28690576|92|16
41.67743|0.0239938|non-instanced|28331968|91|16
41.03658|0.0243685|non-instanced|28690576|92|16
44.56725|0.022438|non-instanced|28690576|92|16
44.17723|0.0226361|non-instanced|28690576|92|16
44.3764|0.0225345|non-instanced|28331968|91|16
43.91416|0.0227717|non-instanced|28331968|91|16
44.42233|0.0225112|non-instanced|28690576|92|16
46.28538|0.02160509|non-instanced|28690576|92|16
46.8099|0.021363|non-instanced|28331968|91|16
45.63231|0.0219143|non-instanced|28690576|92|16
47.07145|0.0212443|non-instanced|28690576|92|16
45.74315|0.0218612|non-instanced|28690576|92|16
50.58681|0.019768|non-instanced|28690576|92|16
49.28488|0.0202902|non-instanced|28331968|91|16
48.7624|0.0205076|non-instanced|28690576|92|16
49.11713|0.0203595|non-instanced|28331968|91|16
48.84696|0.0204721|non-instanced|28690576|92|16
48.51614|0.0206117|non-instanced|27614752|91|16
54.33837|0.0184032|non-instanced|28690576|92|16
51.65823|0.019358|non-instanced|28690576|92|16
52.66206|0.018989|non-instanced|28690576|92|16
52.03482|0.0192179|non-instanced|28690576|92|16
51.355|0.0194723|non-instanced|28690576|92|9
27.41228|0.03647999|non-instanced|16139294|57|9
55.9854|0.0178618|non-instanced|16139294|57|9
54.34812|0.0183999|non-instanced|16139294|57|9
55.6892|0.0179568|non-instanced|16139294|57|9
54.58396|0.0183204|non-instanced|16139294|57|9
56.47868|0.0177058|non-instanced|16139294|57|9
48.28865|0.0207088|non-instanced|16139294|57|9
35.66245|0.0280407|non-instanced|15780686|56|9
70.21535|0.0142419|non-instanced|15780686|56|9
40.45504|0.0247188|non-instanced|16139294|57|9
56.2892|0.0177654|non-instanced|16139294|57|9
57.7811|0.0173067|non-instanced|15780686|55|9
45.9618|0.0217572|non-instanced|15780686|55|9
73.1069|0.0136786|non-instanced|16139294|57|9
54.35373|0.018398|non-instanced|16139294|57|9
56.1785|0.0178004|non-instanced|16139294|57|9
55.94688|0.0178741|non-instanced|16139294|57|9
51.99586|0.0192323|non-instanced|16139294|57|9
61.17481|0.0163466|non-instanced|16139294|57|9
56.12459|0.0178175|non-instanced|15780686|55|9
55.96504|0.0178683|non-instanced|16139294|57|9
59.02281|0.0169426|non-instanced|15422078|54|9
55.8653|0.0179002|non-instanced|16139294|57|9
55.97286|0.0178658|non-instanced|16139294|57|9
54.76722|0.0182591|non-instanced|15422078|54|9
57.53277|0.0173814|non-instanced|16139294|57|9
54.24905|0.0184335|non-instanced|16139294|57|9
53.91359|0.0185482|non-instanced|16139294|57|9
59.32572|0.01685609|non-instanced|16139294|57|9
56.05536|0.01783951|non-instanced|16139294|57|9
58.8727|0.0169858|non-instanced|16139294|57|9
58.85677|0.0169904|non-instanced|16139294|57|9
57.24984|0.0174673|non-instanced|15063470|54|9
57.47588|0.0173986|non-instanced|16139294|56|9
59.18632|0.0168958|non-instanced|16139294|57|9
59.24908|0.0168779|non-instanced|16139294|57|9
63.71212|0.0156956|non-instanced|16139294|57|9
60.70207|0.0164739|non-instanced|16139294|57|9
60.7958|0.01644851|non-instanced|16139294|57|9
60.51256|0.0165255|non-instanced|16139294|57|9
60.92062|0.0164148|non-instanced|16139294|57|9
63.02152|0.01586759|non-instanced|15780686|56|9
64.06313|0.0156096|non-instanced|16139294|57|9
62.95127|0.0158853|non-instanced|16139294|57|9
63.56877|0.015731|non-instanced|16139294|57|9
62.01357|0.0161255|non-instanced|16139294|57|9
64.20382|0.0155754|non-instanced|16139294|57|9
63.35849|0.01578321|non-instanced|16139294|57|9
63.13051|0.0158402|non-instanced|16139294|57|9
61.18754|0.0163432|non-instanced|16139294|57|9
66.17213|0.0151121|non-instanced|16139294|57|9
59.98584|0.0166706|non-instanced|16139294|57|9
71.4388|0.01399799|non-instanced|16139294|57|9
67.68829|0.0147736|non-instanced|16139294|57|9
61.10975|0.016364|non-instanced|16139294|57|9
70.84764|0.0141148|non-instanced|15780686|56|9
67.6512|0.0147817|non-instanced|16139294|56|9
65.43903|0.0152814|non-instanced|15422078|55|9
67.90897|0.01472559|non-instanced|16139294|57|9
67.40089|0.0148366|non-instanced|16139294|54|9
53.50854|0.01868861|non-instanced|16139294|57|9
88.51361|0.0112977|non-instanced|16139294|57|9
66.93484|0.0149399|non-instanced|16139294|57|9
67.49143|0.01481669|non-instanced|16139294|57|9
69.31687|0.0144265|non-instanced|16139294|57|9
67.72269|0.0147661|non-instanced|15780686|57|9
69.2468|0.0144411|non-instanced|16139294|57|9
68.47906|0.014603|non-instanced|16139294|57|4
33.88257|0.0295137|non-instanced|7174094|32|4
69.82509|0.0143215|non-instanced|7174094|32|4
70.11296|0.0142627|non-instanced|7174094|31|4
68.62191|0.0145726|non-instanced|7174094|32|4
69.57104|0.0143738|non-instanced|7174094|32|4
68.78668|0.0145377|non-instanced|7174094|32|4
68.93224|0.014507|non-instanced|7174094|32|4
69.45938|0.0143969|non-instanced|7174094|32|4
69.09369|0.0144731|non-instanced|7174094|32|4
69.37654|0.01441409|non-instanced|7174094|32|4
68.24446|0.0146532|non-instanced|7174094|32|4
35.21127|0.0284|non-instanced|7174094|32|4
70.0928|0.0142668|non-instanced|7174094|32|4
63.2527|0.0158096|non-instanced|7174094|32|4
44.08763|0.0226821|non-instanced|7174094|32|4
62.8441|0.01591239|non-instanced|6815486|31|4
45.02719|0.0222088|non-instanced|7174094|32|4
62.2022|0.0160766|non-instanced|7174094|32|4
81.08197|0.0123332|non-instanced|7174094|32|4
64.10216|0.0156001|non-instanced|6815486|31|4
61.64087|0.016223|non-instanced|7174094|32|4
57.99892|0.0172417|non-instanced|7174094|32|4
55.92434|0.0178813|non-instanced|7174094|32|4
42.3587|0.0236079|non-instanced|7174094|32|4
57.09555|0.0175145|non-instanced|7174094|32|4
41.09324|0.0243349|non-instanced|7174094|32|4
79.51273|0.0125766|non-instanced|7174094|32|4
69.47097|0.0143945|non-instanced|7174094|32|4
47.57737|0.0210184|non-instanced|7174094|32|4
44.86699|0.0222881|non-instanced|7174094|32|4
87.68774|0.0114041|non-instanced|7174094|32|4
103.1609|0.009693594|non-instanced|7174094|32|4
131.1716|0.007623604|non-instanced|7174094|32|4
49.00592|0.0204057|non-instanced|7174094|32|4
54.78701|0.0182525|non-instanced|6815486|31|4
42.20121|0.023696|non-instanced|7174094|32|4
143.5442|0.006966497|non-instanced|7174094|32|4
134.929|0.007411303|non-instanced|7174094|32|4
76.68419|0.0130405|non-instanced|7174094|32|4
65.96741|0.015159|non-instanced|7174094|32|4
93.18272|0.0107316|non-instanced|7174094|32|4
77.94295|0.0128299|non-instanced|7174094|32|4
69.77296|0.0143322|non-instanced|7174094|32|4
66.35611|0.0150702|non-instanced|7174094|31|4
55.05124|0.0181649|non-instanced|7174094|31|4
48.27419|0.020715|non-instanced|7174094|30|4
72.50159|0.0137928|non-instanced|7174094|32|4
51.87716|0.0192763|non-instanced|7174094|30|4
49.59826|0.020162|non-instanced|7174094|32|4
51.1577|0.0195474|non-instanced|7174094|31|4
60.45511|0.0165412|non-instanced|7174094|32|4
55.22877|0.01810651|non-instanced|7174094|32|4
63.85616|0.0156602|non-instanced|7174094|32|4
59.51992|0.0168011|non-instanced|7174094|32|4
56.01614|0.017852|non-instanced|7174094|32|4
61.67053|0.0162152|non-instanced|7174094|32|4
62.18208|0.0160818|non-instanced|7174094|32|4
110.5986|0.009041702|non-instanced|6815486|31|4
56.81141|0.0176021|non-instanced|7174094|32|4
95.32069|0.0104909|non-instanced|7174094|32|4
86.79954|0.0115208|non-instanced|7174094|32|4
84.75798|0.0117983|non-instanced|7174094|32|4
61.02732|0.0163861|non-instanced|6815486|31|4
83.9828|0.0119072|non-instanced|7174094|32|4
47.56786|0.0210226|non-instanced|7174094|32|4
50.97126|0.0196189|non-instanced|7174094|32|4
69.45747|0.0143973|non-instanced|7174094|30|4
55.74323|0.0179394|non-instanced|7174094|30|4
64.03729|0.0156159|non-instanced|7174094|32|4
144.03|0.006942999|non-instanced|7174094|32|4
111.4765|0.0089705|non-instanced|7174094|32|4
44.56646|0.0224384|non-instanced|7174094|32|4
50.47241|0.01981281|non-instanced|7174094|32|1
31.49547|0.0317506|non-instanced|1794974|17|1
122.9015|0.0081366|non-instanced|1794974|17|1
18.08315|0.0553001|non-instanced|1794974|17|1
64.54652|0.0154927|non-instanced|1794974|17|1
74.63353|0.0133988|non-instanced|1794974|17|1
49.21429|0.0203193|non-instanced|1436366|16|1
73.80074|0.01355|non-instanced|1436366|16|1
79.81612|0.0125288|non-instanced|1794974|17|1
82.70066|0.0120918|non-instanced|1794974|17|1
45.60713|0.0219264|non-instanced|1794974|17|1
43.85195|0.022804|non-instanced|1794974|17|1
34.87493|0.02867389|non-instanced|1794974|17|1
52.41199|0.01907961|non-instanced|1794974|17|1
52.91201|0.0188993|non-instanced|1794974|17|1
36.18377|0.0276367|non-instanced|1794974|17|1
46.92567|0.0213103|non-instanced|1794974|17|1
36.35464|0.0275068|non-instanced|1794974|17|1
77.27141|0.0129414|non-instanced|1794974|17|1
65.09312|0.01536261|non-instanced|1794974|17|1
100.009|0.0099991|non-instanced|1794974|17|1
49.05642|0.02038469|non-instanced|1794974|17|1
53.73656|0.0186093|non-instanced|1794974|17|1
48.98167|0.0204158|non-instanced|1794974|16|1
48.18884|0.02075169|non-instanced|1794974|17|1
40.56893|0.0246494|non-instanced|1794974|17|1
76.47773|0.0130757|non-instanced|1794974|17|1
49.4785|0.0202108|non-instanced|1794974|17|1
45.50046|0.0219778|non-instanced|1436366|16|1
54.85584|0.0182296|non-instanced|1794974|17|1
53.39684|0.0187277|non-instanced|1794974|17|1
58.07673|0.0172186|non-instanced|1436366|16|1
58.2883|0.0171561|non-instanced|1436366|16|1
40.6192|0.0246189|non-instanced|1436366|16|1
74.03735|0.0135067|non-instanced|1436366|16|1
56.56076|0.0176801|non-instanced|1794974|17|1
49.30578|0.0202816|non-instanced|1794974|17|1
59.5153|0.0168024|non-instanced|1794974|17|1
44.68654|0.0223781|non-instanced|1794974|17|1
63.46106|0.01575769|non-instanced|1794974|17|1
49.08071|0.0203746|non-instanced|1794974|17|1
61.94177|0.0161442|non-instanced|1794974|17|1
50.6424|0.0197463|non-instanced|1436366|16|1
58.13649|0.0172009|non-instanced|1794974|17|1
59.99844|0.0166671|non-instanced|1436366|16|1
64.83527|0.0154237|non-instanced|1794974|17|1
114.4676|0.008736097|non-instanced|1794974|17|1
116.1966|0.008606101|non-instanced|1794974|17|1
69.10851|0.01447|non-instanced|1794974|17|1
68.75545|0.0145443|non-instanced|1794974|17|1
71.87986|0.0139121|non-instanced|1436366|15|1
69.61172|0.0143654|non-instanced|1794974|17|1
69.45747|0.0143973|non-instanced|1436366|16|1
68.36673|0.014627|non-instanced|1794974|17|1
70.86418|0.0141115|non-instanced|1794974|17|1
71.9761|0.0138935|non-instanced|1794974|17|1
67.34553|0.0148488|non-instanced|1436366|16|1
70.83004|0.0141183|non-instanced|1794974|17|1
70.45379|0.0141937|non-instanced|1794974|17|1
71.82414|0.0139229|non-instanced|1794974|17|1
77.41795|0.0129169|non-instanced|1794974|17|1
71.07523|0.0140696|non-instanced|1436366|17|1
73.35089|0.0136331|non-instanced|1794974|17|1
69.84898|0.0143166|non-instanced|1794974|17|1
72.19592|0.0138512|non-instanced|1794974|17|1
74.38538|0.0134435|non-instanced|1794974|17|1
75.01311|0.013331|non-instanced|1794974|17|1
74.91253|0.0133489|non-instanced|1794974|17|1
68.40321|0.0146192|non-instanced|1794974|17|1
75.94168|0.013168|non-instanced|1794974|17|1
75.28701|0.0132825|non-instanced|1794974|17|1
75.539|0.01323819|non-instanced|1794974|17|1
69.71895|0.0143433|non-instanced|1794974|17|1
81.27441|0.012304|non-instanced|1794974|17|1
75.67787|0.0132139|non-instanced|1794974|17|1
76.87103|0.0130088|non-instanced|1436366|17|1
75.55097|0.0132361|non-instanced|1436366|16|1
71.9823|0.0138923|non-instanced|1794974|17|1
75.62353|0.0132234|non-instanced|1794974|17|1
79.24747|0.0126187|non-instanced|1794974|17|1
68.74034|0.0145475|non-instanced|1794974|17|1
84.68621|0.0118083|non-instanced|1794974|17|1
75.62693|0.0132228|non-instanced|1794974|17|1
62.79279|0.0159254|non-instanced|1794974|17|1
44.54879|0.0224473|non-instanced|1436366|17|1
39.53101|0.0252966|non-instanced|1436366|17|1
43.07578|0.0232149|non-instanced|1794974|17|1
68.96886|0.0144993|non-instanced|1794974|17|1
77.54881|0.0128951|non-instanced|1794974|17|1
48.95458|0.0204271|non-instanced|1794974|17|1
52.7685|0.0189507|non-instanced|1794974|17|1
52.31412|0.0191153|non-instanced|1794974|17|1
49.01215|0.0204031|non-instanced|1794974|17|1
103.7087|0.009642396|non-instanced|1794974|17|1
72.77648|0.0137407|non-instanced|1436366|16|1
44.82557|0.02230869|non-instanced|1794974|17|1
71.08328|0.01406801|non-instanced|1794974|17|1
49.07904|0.0203753|non-instanced|1794974|17|1
55.35965|0.0180637|non-instanced|1794974|17|1
66.38211|0.0150643|non-instanced|1794974|17|1
45.64042|0.0219104|non-instanced|1794974|17|1
54.7079|0.0182789|non-instanced|1794974|17|1
71.63786|0.0139591|non-instanced|1794974|17|1
56.08745|0.0178293|non-instanced|1794974|17|1
40.11762|0.0249267|non-instanced|1794974|17|1
42.36014|0.0236071|non-instanced|1794974|17|1
69.99959|0.0142858|non-instanced|1794974|17|1
61.89688|0.0161559|non-instanced|1794974|17|1
54.41644|0.0183768|non-instanced|1794974|17|1
54.38536|0.0183873|non-instanced|1794974|17|1
48.68715|0.0205393|non-instanced|1436366|16|1
38.99563|0.0256439|non-instanced|1436366|16|1
35.54671|0.028132|instanced|1436362|16|1
123.6415|0.008087897|instanced|1794970|17|1
83.86093|0.0119245|instanced|1794970|17|1
63.30758|0.0157959|instanced|1794970|17|1
42.66958|0.0234359|instanced|1794970|17|1
41.69585|0.0239832|instanced|1794970|17|1
52.89018|0.0189071|instanced|1794970|17|1
42.33628|0.0236204|instanced|1794970|17|1
94.68892|0.0105609|instanced|1794970|17|1
66.73473|0.0149847|instanced|1794970|17|1
87.4011|0.0114415|instanced|1794970|17|1
84.38324|0.01185069|instanced|1794970|17|1
65.03049|0.0153774|instanced|1794970|17|1
64.52194|0.0154986|instanced|1794970|17|1
57.55828|0.0173737|instanced|1794970|17|1
46.36306|0.0215689|instanced|1794970|17|1
53.97497|0.01852711|instanced|1794970|17|1
51.72691|0.0193323|instanced|1794970|17|1
38.70404|0.0258371|instanced|1794970|17|1
39.89229|0.0250675|instanced|1794970|17|1
49.45575|0.0202201|instanced|1794970|17|1
70.04813|0.0142759|instanced|1794970|17|1
41.41335|0.0241468|instanced|1794970|17|1
44.6317|0.0224056|instanced|1794970|17|1
58.51066|0.0170909|instanced|1794970|17|1
28.8211|0.0346968|instanced|1794970|17|1
55.87123|0.0178983|instanced|1794970|17|1
118.8791|0.008411905|instanced|1794970|17|1
62.50626|0.0159984|instanced|1794970|17|1
43.44143|0.0230195|instanced|1794970|17|1
42.85243|0.0233359|instanced|1794970|17|1
44.46045|0.0224919|instanced|1794970|17|1
33.58703|0.0297734|instanced|1794970|17|1
42.7011|0.0234186|instanced|1794970|17|1
53.66016|0.0186358|instanced|1794970|17|1
47.92508|0.0208659|instanced|1794970|17|1
68.47626|0.0146036|instanced|1794970|17|1
52.43976|0.0190695|instanced|1794970|17|1
51.9567|0.0192468|instanced|1794970|17|1
56.74564|0.0176225|instanced|1794970|17|1
39.51413|0.02530741|instanced|1794970|17|1
40.27403|0.0248299|instanced|1794970|17|1
52.09906|0.0191942|instanced|1794970|17|1
42.36319|0.0236054|instanced|1794970|17|1
42.01381|0.0238017|instanced|1794970|17|1
55.58676|0.01798989|instanced|1794970|17|1
53.19317|0.01879941|instanced|1794970|17|1
35.0705|0.028514|instanced|1794970|17|1
47.8581|0.0208951|instanced|1794970|17|1
48.69332|0.0205367|instanced|1436362|16|1
59.32782|0.0168555|instanced|1794970|17|1
54.52919|0.0183388|instanced|1794970|17|1
45.51723|0.0219697|instanced|1794970|17|1
50.63625|0.0197487|instanced|1794970|17|1
36.8635|0.0271271|instanced|1794970|17|1
41.50653|0.02409259|instanced|1794970|17|1
48.8379|0.0204759|instanced|1794970|17|1
48.91243|0.0204447|instanced|1794970|17|1
53.2697|0.0187724|instanced|1794970|17|1
68.71481|0.01455291|instanced|1794970|17|1
49.00113|0.0204077|instanced|1794970|17|1
67.12987|0.0148965|instanced|1794970|17|1
74.4064|0.0134397|instanced|1436362|16|1
33.93005|0.0294724|instanced|1794970|17|1
53.22094|0.0187896|instanced|1794970|17|1
55.49635|0.0180192|instanced|1794970|17|1
102.1743|0.009787195|instanced|1436362|16|1
50.5978|0.0197637|instanced|1794970|17|1
53.94588|0.0185371|instanced|1794970|17|1
48.6152|0.0205697|instanced|1794970|17|1
44.30444|0.0225711|instanced|1794970|17|1
40.17532|0.0248909|instanced|1794970|17|1
48.47968|0.0206272|instanced|1794970|17|1
49.26982|0.0202964|instanced|1436362|16|1
41.02193|0.0243772|instanced|1436362|16|1
39.06952|0.0255954|instanced|1794970|17|1
85.0268|0.011761|instanced|1436362|17|1
40.31625|0.0248039|instanced|1436362|17|1
53.10364|0.0188311|instanced|1794970|17|1
53.59833|0.0186573|instanced|1794970|17|1
59.37502|0.0168421|instanced|1794970|17|1
34.33134|0.02912791|instanced|1794970|17|1
54.61438|0.0183102|instanced|1436362|16|1
44.921|0.0222613|instanced|1794970|17|1
60.4533|0.0165417|instanced|1794970|17|1
53.77615|0.01859561|instanced|1794970|17|1
57.83993|0.01728909|instanced|1794970|17|1
42.28687|0.023648|instanced|1794970|17|1
70.38141|0.0142083|instanced|1794970|17|1
91.18924|0.01096621|instanced|1794970|17|1
76.65187|0.013046|instanced|1794970|17|1
57.67279|0.0173392|instanced|1794970|17|1
59.72431|0.0167436|instanced|1794970|17|1
48.82455|0.0204815|instanced|1794970|17|1
58.73576|0.0170254|instanced|1794970|17|1
59.07163|0.0169286|instanced|1794970|17|1
47.19676|0.0211879|instanced|1794970|17|1
54.89769|0.0182157|instanced|1794970|17|1
66.73429|0.0149848|instanced|1794970|17|1
53.50856|0.0186886|instanced|1794970|17|1
53.57507|0.0186654|instanced|1794970|17|4
52.16838|0.0191687|instanced|5739658|16|4
53.31741|0.0187556|instanced|7174090|17|4
54.96226|0.0181943|instanced|7174090|17|4
97.4184|0.010265|instanced|7174090|17|4
61.12096|0.016361|instanced|7174090|17|4
45.29334|0.0220783|instanced|5739658|16|4
48.5852|0.0205824|instanced|7174090|17|4
51.89764|0.0192687|instanced|7174090|17|4
50.36489|0.0198551|instanced|7174090|17|4
53.03662|0.0188549|instanced|7174090|17|4
50.81456|0.0196794|instanced|5739658|16|4
45.10824|0.0221689|instanced|5739658|16|4
106.4305|0.009395805|instanced|5739658|16|4
112.124|0.008918693|instanced|7174090|17|4
61.17815|0.01634571|instanced|5739658|16|4
84.91991|0.0117758|instanced|7174090|17|4
68.57113|0.0145834|instanced|5739658|16|4
67.8928|0.0147291|instanced|7174090|17|4
66.13101|0.0151215|instanced|7174090|17|4
67.44273|0.01482739|instanced|7174090|17|4
72.83692|0.0137293|instanced|7174090|17|4
66.97563|0.0149308|instanced|7174090|17|4
50.19728|0.0199214|instanced|7174090|17|4
45.6194|0.0219205|instanced|7174090|16|4
72.80193|0.0137359|instanced|7174090|17|4
54.64511|0.0182999|instanced|7174090|17|4
48.80073|0.0204915|instanced|7174090|17|4
84.89973|0.0117786|instanced|7174090|17|4
77.31142|0.0129347|instanced|7174090|17|4
61.24336|0.0163283|instanced|7174090|17|4
53.43166|0.0187155|instanced|7174090|17|4
46.56318|0.0214762|instanced|7174090|17|4
62.40092|0.0160254|instanced|7174090|17|4
45.88082|0.0217956|instanced|5739658|16|4
80.50365|0.0124218|instanced|7174090|17|4
76.95089|0.0129953|instanced|7174090|17|4
82.46131|0.0121269|instanced|7174090|17|4
152.1606|0.006572003|instanced|7174090|17|4
47.1338|0.0212162|instanced|7174090|17|4
80.20082|0.0124687|instanced|7174090|17|4
94.06721|0.0106307|instanced|7174090|17|4
71.61834|0.0139629|instanced|7174090|17|4
70.33984|0.01421669|instanced|7174090|17|4
71.87832|0.0139124|instanced|7174090|17|4
58.51066|0.0170909|instanced|7174090|17|4
55.02246|0.0181744|instanced|5739658|16|4
44.13803|0.0226562|instanced|5739658|16|4
75.01256|0.0133311|instanced|7174090|17|4
80.01601|0.0124975|instanced|7174090|17|4
96.60712|0.0103512|instanced|7174090|17|4
113.0761|0.008843601|instanced|7174090|17|4
71.56865|0.0139726|instanced|7174090|17|4
71.61529|0.0139635|instanced|7174090|17|4
68.6337|0.0145701|instanced|7174090|17|4
73.62363|0.0135826|instanced|7174090|17|4
73.1454|0.0136714|instanced|7174090|17|4
71.5144|0.0139832|instanced|7174090|17|4
71.21037|0.0140429|instanced|7174090|17|4
17.34019|0.0576695|instanced|7174090|17|4
139.4622|0.007170401|instanced|7174090|17|4
111.5685|0.008963102|instanced|7174090|17|4
81.25325|0.0123072|instanced|7174090|17|4
72.66492|0.0137618|instanced|7174090|17|4
72.77171|0.0137416|instanced|7174090|17|4
71.40002|0.0140056|instanced|7174090|17|4
69.53766|0.0143807|instanced|7174090|17|4
73.58512|0.0135897|instanced|7174090|17|4
73.67136|0.0135738|instanced|7174090|17|4
72.51736|0.0137898|instanced|7174090|16|4
72.28149|0.0138348|instanced|7174090|17|4
72.63642|0.0137672|instanced|7174090|17|4
71.4204|0.0140016|instanced|7174090|16|4
71.35569|0.0140143|instanced|7174090|17|4
73.58624|0.0135895|instanced|7174090|17|4
71.71133|0.0139448|instanced|7174090|17|4
69.10083|0.01447161|instanced|5739658|16|4
72.06534|0.0138763|instanced|7174090|17|4
71.81947|0.0139238|instanced|5739658|16|4
71.53383|0.0139794|instanced|7174090|17|4
70.24792|0.0142353|instanced|7174090|17|4
72.16048|0.013858|instanced|7174090|17|4
71.55073|0.0139761|instanced|7174090|17|4
69.72866|0.01434131|instanced|7174090|17|4
70.63745|0.0141568|instanced|5739658|16|4
70.52484|0.0141794|instanced|7174090|17|4
70.08493|0.0142684|instanced|5739658|16|4
69.20226|0.0144504|instanced|7174090|17|4
64.63791|0.0154708|instanced|5739658|16|4
75.1778|0.0133018|instanced|7174090|17|4
70.05497|0.0142745|instanced|7174090|17|4
68.99407|0.014494|instanced|7174090|17|9
34.08746|0.0293363|instanced|16139290|17|9
67.49188|0.0148166|instanced|16139290|17|9
67.16322|0.0148891|instanced|12911818|17|9
67.758|0.0147584|instanced|16139290|17|9
68.05779|0.0146934|instanced|16139290|17|9
65.469|0.0152744|instanced|16139290|17|9
66.8494|0.014959|instanced|16139290|17|9
64.10793|0.0155987|instanced|16139290|17|9
65.32958|0.015307|instanced|12911818|16|9
64.96206|0.0153936|instanced|12911818|16|9
32.23882|0.0310185|instanced|16139290|17|9
65.4519|0.01527839|instanced|16139290|17|9
61.93483|0.016146|instanced|16139290|17|9
62.5262|0.0159933|instanced|12911818|16|9
60.65383|0.016487|instanced|12911818|16|9
63.15165|0.0158349|instanced|16139290|17|9
62.75141|0.0159359|instanced|12911818|16|9
60.99419|0.016395|instanced|16139290|17|9
63.23751|0.0158134|instanced|12911818|16|9
59.81577|0.016718|instanced|16139290|17|9
59.50787|0.0168045|instanced|16139290|17|9
60.71461|0.0164705|instanced|16139290|17|9
60.56972|0.0165099|instanced|16139290|17|9
59.09189|0.0169228|instanced|16139290|17|9
61.04781|0.0163806|instanced|16139290|17|9
57.91125|0.0172678|instanced|16139290|17|9
60.50488|0.01652759|instanced|16139290|17|9
57.88878|0.0172745|instanced|16139290|16|9
59.07198|0.0169285|instanced|16139290|17|9
58.69061|0.0170385|instanced|16139290|17|9
60.50999|0.0165262|instanced|12911818|16|9
55.12769|0.0181397|instanced|16139290|17|9
57.83524|0.0172905|instanced|16139290|17|9
62.25098|0.016064|instanced|16139290|17|9
59.13485|0.0169105|instanced|16139290|17|9
59.40289|0.0168342|instanced|16139290|17|9
58.98208|0.0169543|instanced|16139290|17|9
57.94918|0.0172565|instanced|16139290|17|9
59.24839|0.0168781|instanced|16139290|17|9
58.46037|0.01710561|instanced|16139290|17|9
58.72231|0.0170293|instanced|16139290|17|9
58.67031|0.0170444|instanced|16139290|17|9
59.92115|0.0166886|instanced|16139290|17|9
58.84151|0.01699481|instanced|16139290|17|9
57.64819|0.0173466|instanced|16139290|17|9
57.38057|0.0174275|instanced|12911818|17|9
58.00802|0.017239|instanced|12911818|16|9
42.696|0.0234214|instanced|12911818|16|9
71.2916|0.0140269|instanced|16139290|17|9
85.64136|0.0116766|instanced|16139290|17|9
56.76883|0.0176153|instanced|16139290|17|9
62.01551|0.016125|instanced|16139290|17|9
61.15458|0.01635201|instanced|16139290|17|9
61.77225|0.0161885|instanced|16139290|17|9
60.64025|0.0164907|instanced|16139290|17|9
60.77622|0.0164538|instanced|16139290|17|9
58.50623|0.0170922|instanced|16139290|17|9
62.11336|0.0160996|instanced|16139290|16|9
63.38902|0.0157756|instanced|16139290|17|9
63.70197|0.0156981|instanced|16139290|17|9
61.80853|0.016179|instanced|12911818|16|9
63.03104|0.0158652|instanced|16139290|17|9
62.78094|0.0159284|instanced|16139290|17|9
62.31152|0.0160484|instanced|16139290|17|9
59.65624|0.01676271|instanced|16139290|16|9
67.511|0.0148124|instanced|12911818|16|9
65.99355|0.015153|instanced|16139290|17|9
64.91063|0.0154058|instanced|16139290|17|9
65.12535|0.015355|instanced|16139290|17|9
65.16695|0.0153452|instanced|16139290|17|9
64.08737|0.0156037|instanced|16139290|17|9
65.74319|0.0152107|instanced|16139290|17|9
68.07676|0.0146893|instanced|16139290|17|9
67.02188|0.0149205|instanced|16139290|17|9
68.20772|0.0146611|instanced|16139290|17|16
33.78915|0.0295953|instanced|28690572|17|16
67.70895|0.0147691|instanced|28690572|17|16
67.87483|0.014733|instanced|28690572|17|16
70.73737|0.0141368|instanced|28690572|17|16
70.21287|0.0142424|instanced|28690572|17|16
71.27431|0.0140303|instanced|28690572|17|16
69.21613|0.0144475|instanced|28690572|17|16
71.4638|0.0139931|instanced|28690572|17|16
71.80605|0.0139264|instanced|22952844|16|16
70.74989|0.0141343|instanced|28690572|17|16
69.42996|0.014403|instanced|28690572|17|16
36.44182|0.027441|instanced|28690572|17|16
74.17023|0.0134825|instanced|28690572|17|16
71.50211|0.0139856|instanced|28690572|17|16
72.63485|0.0137675|instanced|28690572|17|16
74.37985|0.0134445|instanced|28690572|17|16
71.96416|0.0138958|instanced|28690572|17|16
73.30037|0.0136425|instanced|28690572|17|16
72.53472|0.0137865|instanced|28690572|17|16
74.62631|0.0134001|instanced|28690572|17|16
73.93549|0.0135253|instanced|28690572|17|16
74.06532|0.01350159|instanced|28690572|17|16
72.98149|0.0137021|instanced|28690572|17|16
73.31865|0.01363909|instanced|28690572|17|16
74.62462|0.0134004|instanced|28690572|17|16
74.17792|0.0134811|instanced|28690572|17|16
71.99787|0.0138893|instanced|28690572|17|16
75.43697|0.0132561|instanced|28690572|17|16
72.44383|0.0138038|instanced|28690572|17|16
74.35665|0.0134487|instanced|28690572|17|16
74.843|0.0133613|instanced|28690572|17|16
73.27133|0.0136479|instanced|28690572|17|16
74.19004|0.0134789|instanced|28690572|17|16
73.72131|0.0135646|instanced|28690572|17|16
71.71234|0.0139446|instanced|28690572|17|16
70.59851|0.0141646|instanced|28690572|17|16
73.38267|0.0136272|instanced|28690572|17|16
74.36104|0.0134479|instanced|28690572|17|16
72.65119|0.0137644|instanced|28690572|17|16
72.50424|0.0137923|instanced|28690572|17|16
61.53846|0.01625|instanced|28690572|17|16
83.44598|0.0119838|instanced|28690572|17|16
72.6797|0.013759|instanced|28690572|17|16
71.38319|0.0140089|instanced|28690572|17|16
70.54423|0.0141755|instanced|28690572|16|16
70.02605|0.0142804|instanced|28690572|17|16
70.38387|0.0142078|instanced|28690572|17|16
69.26169|0.014438|instanced|28690572|17|16
72.56631|0.0137805|instanced|28690572|17|16
69.70097|0.014347|instanced|28690572|16|16
68.19375|0.0146641|instanced|28690572|17|16
68.02721|0.0147|instanced|28690572|17|16
68.16216|0.0146709|instanced|28690572|17|16
67.35141|0.0148475|instanced|28690572|17|16
68.18211|0.0146666|instanced|22952844|16|16
66.9492|0.0149367|instanced|28690572|17|16
48.80405|0.0204901|instanced|28690572|17|16
73.9071|0.0135305|instanced|28690572|17|16
80.80415|0.0123756|instanced|28690572|17|16
69.91005|0.0143041|instanced|28690572|17|16
65.19796|0.0153379|instanced|28690572|17|16
65.71209|0.0152179|instanced|28690572|17|16
63.11696|0.0158436|instanced|28690572|17|16
67.62559|0.0147873|instanced|28690572|17|16
33.5503|0.029806|instanced|28690572|17|16
70.78893|0.0141265|instanced|28690572|17|16
75.29668|0.0132808|instanced|28690572|17|16
75.47509|0.0132494|instanced|28690572|17|16
75.96417|0.0131641|instanced|28690572|17|16
76.12439|0.01313639|instanced|28690572|17|16
46.54214|0.02148591|instanced|28690572|17|16
65.86707|0.01518209|instanced|28690572|17|16
71.57784|0.01397081|instanced|28690572|17|16
72.30608|0.01383009|instanced|28690572|17|16
64.35006|0.01554|instanced|28690572|17|16
60.76664|0.0164564|instanced|28690572|17|16
61.30191|0.01631271|instanced|22952844|16|16
61.1576|0.0163512|instanced|22952844|17|16
59.47532|0.0168137|instanced|28690572|17|16
58.62661|0.0170571|instanced|28690572|17|16
59.13976|0.0169091|instanced|28690572|17|16
59.77713|0.01672881|instanced|28690572|17|16
59.26138|0.0168744|instanced|28690572|17|16
59.87879|0.0167004|instanced|28690572|17|16
57.58414|0.01736589|instanced|28690572|17|16
59.10827|0.01691811|instanced|28690572|17|25
24.04777|0.0415839|instanced|44827932|17|25
43.93211|0.02276239|instanced|44827932|17|25
43.83945|0.0228105|instanced|44827932|17|25
43.8658|0.0227968|instanced|44827932|17|25
43.42823|0.02302649|instanced|44827932|17|25
43.35949|0.023063|instanced|44827932|17|25
43.59579|0.022938|instanced|44827932|17|25
41.69185|0.0239855|instanced|44827932|17|25
42.43437|0.0235658|instanced|44827932|17|25
42.5724|0.0234894|instanced|44827932|16|25
41.57503|0.0240529|instanced|44827932|17|25
43.15516|0.0231722|instanced|44827932|17|25
41.95774|0.0238335|instanced|44827932|17|25
42.03093|0.023792|instanced|44827932|17|25
41.3618|0.0241769|instanced|44827932|17|25
41.83978|0.0239007|instanced|44827932|17|25
41.71221|0.02397379|instanced|44827932|17|25
41.93646|0.0238456|instanced|44827932|17|25
42.09232|0.0237573|instanced|44827932|17|25
41.62349|0.02402489|instanced|44827932|17|25
41.98364|0.0238188|instanced|44827932|17|25
42.46212|0.0235504|instanced|44827932|17|25
42.32464|0.0236269|instanced|44827932|17|25
42.66103|0.0234406|instanced|44827932|17|25
42.43617|0.0235648|instanced|44827932|17|25
42.81023|0.0233589|instanced|44827932|16|25
41.93505|0.0238464|instanced|44827932|17|25
42.24364|0.0236722|instanced|44827932|17|25
42.40307|0.0235832|instanced|44827932|17|25
42.01239|0.0238025|instanced|44827932|17|25
42.30691|0.0236368|instanced|44827932|17|25
41.67048|0.0239978|instanced|44827932|17|25
41.87868|0.0238785|instanced|44827932|17|25
42.02617|0.0237947|instanced|44827932|17|25
41.82351|0.02391|instanced|44827932|17|25
41.71812|0.0239704|instanced|44827932|17|25
42.23027|0.0236797|instanced|44827932|17|25
42.71296|0.0234121|instanced|44827932|16|25
41.60824|0.0240337|instanced|44827932|17|25
42.28401|0.0236496|instanced|44827932|17|25
41.87605|0.02388|instanced|44827932|17|25
41.75871|0.0239471|instanced|44827932|17|25
42.09995|0.023753|instanced|44827932|17|25
41.56639|0.0240579|instanced|44827932|17|25
42.2917|0.0236453|instanced|44827932|17|25
42.42879|0.0235689|instanced|44827932|17|25
42.45869|0.0235523|instanced|44827932|17|25
42.62248|0.0234618|instanced|44827932|17|25
42.56677|0.0234925|instanced|44827932|17|25
42.37379|0.0235995|instanced|44827932|17|25
42.48052|0.0235402|instanced|44827932|17|25
42.36354|0.0236052|instanced|44827932|17|36
29.64105|0.033737|instanced|64551372|17|36
29.68169|0.0336908|instanced|51641484|16|36
29.74995|0.0336135|instanced|64551372|17|36
29.82351|0.0335306|instanced|64551372|17|36
29.65308|0.03372331|instanced|64551372|17|36
29.7025|0.0336672|instanced|64551372|17|36
29.37859|0.0340384|instanced|51641484|17|36
29.78415|0.0335749|instanced|64551372|17|36
29.65247|0.033724|instanced|64551372|17|36
29.88474|0.0334619|instanced|64551372|17|36
30.00435|0.0333285|instanced|64551372|17|36
30.02841|0.0333018|instanced|64551372|17|36
30.20764|0.0331042|instanced|64551372|17|36
30.05856|0.0332684|instanced|64551372|17|36
30.22335|0.033087|instanced|64551372|17|36
30.06118|0.0332655|instanced|51641484|16|36
30.23038|0.0330793|instanced|64551372|17|36
30.15728|0.03315949|instanced|64551372|17|36
30.09936|0.0332233|instanced|51641484|17|36
30.14036|0.0331781|instanced|64551372|17|36
30.24264|0.0330659|instanced|64551372|17|36
30.51386|0.032772|instanced|64551372|17|36
30.45336|0.0328371|instanced|51641484|17|36
30.69406|0.0325796|instanced|64551372|17|36
30.35196|0.0329468|instanced|51641484|17|36
30.57796|0.0327033|instanced|51641484|16|36
30.46848|0.03282081|instanced|64551372|17|36
30.63895|0.0326382|instanced|64551372|17|36
31.0346|0.0322221|instanced|64551372|17|36
31.06015|0.0321956|instanced|64551372|17|36
30.75333|0.0325168|instanced|64551372|17|36
30.86211|0.0324022|instanced|64551372|17|36
30.88116|0.0323822|instanced|64551372|17|36
30.8744|0.0323893|instanced|64551372|17|36
31.17693|0.032075|instanced|64551372|17|36
31.48039|0.0317658|instanced|64551372|17|36
31.1101|0.0321439|instanced|64551372|17|36
31.116|0.0321378|instanced|64551372|17|36
31.48724|0.0317589|instanced|64551372|17|36
31.19181|0.0320597|instanced|64551372|17|36
31.30204|0.0319468|instanced|64551372|17|49
23.53456|0.0424907|instanced|87860892|17|49
23.67346|0.0422414|instanced|87860892|17|49
23.79094|0.0420328|instanced|87860892|17|49
23.81979|0.04198189|instanced|87860892|16|49
24.01035|0.0416487|instanced|87860892|16|49
23.53938|0.042482|instanced|87860892|16|49
23.94424|0.0417637|instanced|87860892|17|49
24.98382|0.0400259|instanced|87860892|17|49
27.57404|0.036266|instanced|87860892|17|49
27.54829|0.0362999|instanced|87860892|17|49
28.20405|0.0354559|instanced|87860892|16|49
28.68329|0.0348635|instanced|87860892|16|49
28.92631|0.0345706|instanced|87860892|17|49
28.85312|0.0346583|instanced|70289100|16|49
29.60305|0.0337803|instanced|70289100|16|49
30.26598|0.0330404|instanced|87860892|17|49
29.75181|0.0336114|instanced|87860892|17|49
30.95429|0.0323057|instanced|87860892|17|49
30.9844|0.03227431|instanced|87860892|17|49
31.24893|0.0320011|instanced|87860892|17|49
31.96358|0.0312856|instanced|87860892|17|49
32.04728|0.0312039|instanced|87860892|17|49
32.34508|0.0309166|instanced|87860892|17|49
32.23166|0.0310254|instanced|70289100|16|49
33.53724|0.0298176|instanced|87860892|17|49
33.22039|0.030102|instanced|87860892|17|49
33.34612|0.0299885|instanced|87860892|17|49
32.81776|0.0304713|instanced|87860892|17|49
32.03577|0.0312151|instanced|87860892|17|49
32.00594|0.0312442|instanced|87860892|17|49
31.79954|0.031447|instanced|70289100|16|49
29.99778|0.0333358|instanced|87860892|17|49
29.80777|0.0335483|instanced|87860892|17|49
30.06768|0.0332583|instanced|87860892|17|49
29.32724|0.034098|instanced|87860892|17|49
29.43115|0.0339776|instanced|87860892|17|64
16.97366|0.0589148|instanced|114756492|17|64
23.13294|0.0432284|instanced|114756492|17|64
23.25019|0.0430104|instanced|114756492|17|64
23.25003|0.0430107|instanced|114756492|17|64
23.16214|0.0431739|instanced|114756492|17|64
23.93472|0.0417803|instanced|114756492|17|64
28.97879|0.034508|instanced|91805580|17|64
29.15971|0.0342939|instanced|114756492|17|64
28.96385|0.0345258|instanced|114756492|17|64
30.12465|0.0331954|instanced|114756492|17|64
30.83555|0.0324301|instanced|114756492|17|64
30.57384|0.03270769|instanced|114756492|17|64
30.91773|0.0323439|instanced|91805580|16|64
32.1563|0.0310981|instanced|114756492|17|64
32.10025|0.0311524|instanced|114756492|17|64
32.0124|0.0312379|instanced|114756492|17|64
32.43583|0.0308301|instanced|114756492|17|64
32.52392|0.0307466|instanced|114756492|17|64
31.94725|0.0313016|instanced|114756492|17|64
32.34561|0.0309161|instanced|114756492|17|64
32.20446|0.0310516|instanced|91805580|16|64
32.12696|0.0311265|instanced|114756492|17|64
32.24809|0.03100959|instanced|91805580|17|64
32.18062|0.0310746|instanced|114756492|17|64
32.30402|0.0309559|instanced|91805580|16|64
30.91286|0.032349|instanced|114756492|17|64
29.8601|0.03348951|instanced|114756492|17|64
29.6861|0.0336858|instanced|114756492|17|64
29.8884|0.03345779|instanced|114756492|17|64
30.29458|0.03300921|instanced|114756492|17|64
29.55651|0.0338335|instanced|114756492|17|64
30.37565|0.0329211|instanced|114756492|17|64
28.98946|0.0344953|instanced|114756492|17|64
30.81902|0.0324475|instanced|114756492|17|64
28.6173|0.0349439|instanced|114756492|17|64
29.30678|0.0341218|instanced|114756492|17|64
31.29253|0.03195651|instanced|114756492|17|64
30.96609|0.03229339|instanced|114756492|17|81
13.45897|0.0742999|instanced|145238172|16|81
25.10916|0.0398261|instanced|145238172|17|81
25.20415|0.039676|instanced|145238172|17|81
25.11856|0.0398112|instanced|145238172|17|81
20.10471|0.0497396|instanced|145238172|17|81
25.16476|0.0397381|instanced|145238172|17|81
25.26573|0.0395793|instanced|145238172|17|81
25.39141|0.0393834|instanced|145238172|17|81
25.35767|0.0394358|instanced|145238172|17|81
25.5958|0.03906891|instanced|145238172|17|81
25.66894|0.0389576|instanced|87143676|15|81
25.51066|0.0391993|instanced|145238172|17|81
25.68476|0.0389336|instanced|116190924|16|81
25.57963|0.0390936|instanced|145238172|17|81
25.51079|0.0391991|instanced|145238172|17|81
25.866|0.0386608|instanced|145238172|17|81
25.84801|0.0386877|instanced|145238172|17|81
25.72843|0.0388675|instanced|145238172|17|81
25.82872|0.0387166|instanced|145238172|17|81
25.52583|0.039176|instanced|145238172|16|81
25.64556|0.03899311|instanced|145238172|17|81
25.41031|0.0393541|instanced|145238172|17|81
25.2133|0.0396616|instanced|145238172|17|81
25.0162|0.0399741|instanced|145238172|17|81
25.09473|0.039849|instanced|145238172|17|81
25.14338|0.0397719|instanced|145238172|17|81
24.52135|0.0407808|instanced|145238172|17|81
24.2649|0.0412118|instanced|145238172|17|81
24.73619|0.0404266|instanced|145238172|17|81
24.82443|0.0402829|instanced|145238172|17|81
24.90257|0.0401565|instanced|145238172|17|100
20.38752|0.0490496|instanced|179305938|17|100
20.75964|0.0481704|instanced|179305938|17|100
20.46807|0.0488566|instanced|179305938|17|100
20.86041|0.0479377|instanced|179305938|17|100
20.68954|0.0483336|instanced|179305938|17|100
20.65173|0.0484221|instanced|179305938|17|100
20.89851|0.0478503|instanced|179305938|17|100
20.74418|0.0482063|instanced|179305938|17|100
20.87718|0.0478992|instanced|179305938|17|100
20.82743|0.0480136|instanced|179305938|17|100
20.82474|0.0480198|instanced|179305938|17|100
20.81044|0.0480528|instanced|179305938|17|100
20.80516|0.048065|instanced|179305938|17|100
20.79192|0.04809561|instanced|179305938|17|100
20.62855|0.04847649|instanced|179305938|17|100
20.55089|0.0486597|instanced|179305938|17|100
20.25756|0.0493643|instanced|179305938|17|100
20.11559|0.0497127|instanced|179305938|17|100
20.38183|0.0490633|instanced|179305938|17|100
20.28233|0.049304|instanced|179305938|17|100
20.57503|0.0486026|instanced|179305938|17|100
20.25735|0.0493648|instanced|179305938|17|100
20.50966|0.0487575|instanced|179305938|17|100
20.43632|0.0489325|instanced|179305938|17|100
20.82544|0.0480182|instanced|179305938|17|100
20.85549|0.047949|instanced|179305938|17|100
20.81165|0.04805|instanced|179305938|17|100
21.01229|0.0475912|instanced|143445138|16|100
20.55482|0.0486504|instanced|143445138|16|121
17.50045|0.0571414|instanced|216959778|17|121
17.17891|0.0582109|instanced|216959778|17|121
17.07277|0.0585728|instanced|216959778|17|121
17.09373|0.058501|instanced|216959778|17|121
16.89289|0.0591965|instanced|216959778|17|121
17.07671|0.05855931|instanced|216959778|17|121
17.09256|0.05850499|instanced|216959778|17|121
17.05082|0.0586482|instanced|216959778|17|121
17.01146|0.0587839|instanced|216959778|17|121
16.95237|0.0589888|instanced|216959778|17|121
16.99443|0.0588428|instanced|216959778|17|121
17.01589|0.05876859|instanced|216959778|17|121
17.02296|0.0587442|instanced|216959778|16|121
17.06951|0.058584|instanced|216959778|17|121
17.33664|0.0576813|instanced|216959778|17|121
17.11839|0.0584167|instanced|216959778|17|121
17.06397|0.058603|instanced|216959778|17|121
17.2014|0.0581348|instanced|216959778|17|121
17.09501|0.0584966|instanced|216959778|17|121
17.20374|0.0581269|instanced|216959778|17|121
17.1698|0.0582418|instanced|216959778|17|121
17.06776|0.05859|instanced|216959778|17|121
17.06706|0.0585924|instanced|173568210|16|121
17.21452|0.0580905|instanced|216959778|17|121
16.9509|0.0589939|instanced|216959778|17|121
16.9862|0.0588713|instanced|216959778|17|100
20.21795|0.049461|instanced|179305938|17|100
20.42605|0.0489571|instanced|179305938|17|100
20.62358|0.0484882|instanced|179305938|17|100
20.46417|0.0488659|instanced|143445138|17|100
20.59779|0.0485489|instanced|179305938|17|100
20.44597|0.0489094|instanced|143445138|16|100
20.40746|0.0490017|instanced|179305938|17|100
20.62706|0.04848|instanced|179305938|17|100
20.50294|0.0487735|instanced|179305938|17|100
20.68642|0.0483409|instanced|179305938|17|100
20.50912|0.04875879|instanced|179305938|17|100
20.59851|0.0485472|instanced|179305938|17|100
20.53776|0.0486908|instanced|179305938|17|100
20.81031|0.0480531|instanced|179305938|17|100
20.80507|0.0480652|instanced|179305938|17|100
20.54084|0.0486835|instanced|179305938|17|100
20.71655|0.0482706|instanced|179305938|17|100
20.48681|0.0488119|instanced|179305938|16|100
20.60551|0.04853071|instanced|179305938|16|100
20.52785|0.0487143|instanced|179305938|17|100
20.5193|0.0487346|instanced|179305938|17|100
20.76287|0.0481629|instanced|179305938|17|100
20.42759|0.0489534|instanced|179305938|17|81
25.04345|0.0399306|instanced|145238172|17|81
25.55584|0.03913|instanced|145238172|17|81
25.40663|0.0393598|instanced|145238172|17|81
25.47278|0.0392576|instanced|145238172|17|81
25.45974|0.0392777|instanced|145238172|17|81
25.32101|0.0394929|instanced|145238172|17|81
14.49635|0.0689829|instanced|145238172|17|81
23.14729|0.0432016|instanced|116190924|16|81
23.44479|0.0426534|instanced|145238172|17|81
23.23506|0.0430384|instanced|145238172|17|81
24.32238|0.0411144|instanced|145238172|17|81
24.11707|0.0414644|instanced|145238172|17|81
24.35442|0.0410603|instanced|116190924|16|81
24.3549|0.04105949|instanced|145238172|17|81
24.148|0.0414113|instanced|145238172|17|81
24.17047|0.04137279|instanced|145238172|17|81
24.24759|0.04124121|instanced|145238172|17|81
24.05807|0.0415661|instanced|145238172|17|81
24.39519|0.04099169|instanced|145238172|17|81
23.8968|0.0418466|instanced|145238172|17|81
24.90108|0.0401589|instanced|145238172|17|81
23.68635|0.0422184|instanced|116190924|16|81
24.23044|0.0412704|instanced|145238172|17|81
24.72139|0.0404508|instanced|145238172|17|81
24.44719|0.0409045|instanced|145238172|17|81
24.20405|0.0413154|instanced|145238172|17|81
24.23449|0.0412635|instanced|116190924|16|81
24.14333|0.0414193|instanced|145238172|17|81
24.88837|0.0401794|instanced|145238172|17|81
25.22781|0.03963879|instanced|145238172|17|64
13.95272|0.0716706|instanced|114756492|17|64
27.00907|0.0370246|instanced|91805580|16|64
26.80426|0.0373075|instanced|91805580|16|64
13.45283|0.0743338|instanced|91805580|16|64
28.04271|0.0356599|instanced|114756492|17|64
27.91253|0.0358262|instanced|114756492|17|64
27.94927|0.0357791|instanced|114756492|17|64
27.73817|0.0360514|instanced|114756492|17|64
27.89665|0.0358466|instanced|114756492|16|64
28.0697|0.0356256|instanced|91805580|17|64
27.6083|0.036221|instanced|114756492|17|64
28.18307|0.0354823|instanced|114756492|17|64
27.85011|0.0359065|instanced|114756492|17|64
27.80203|0.0359686|instanced|114756492|17|64
27.95342|0.0357738|instanced|114756492|17|64
27.82012|0.0359452|instanced|114756492|17|64
27.83608|0.03592459|instanced|114756492|17|64
27.83097|0.0359312|instanced|114756492|17|64
27.48551|0.0363828|instanced|114756492|17|64
28.21766|0.0354388|instanced|114756492|17|64
27.84321|0.0359154|instanced|114756492|17|64
27.42642|0.0364612|instanced|114756492|17|64
27.22081|0.0367366|instanced|114756492|17|64
29.80013|0.0335569|instanced|91805580|17|64
28.70717|0.0348345|instanced|114756492|17|64
28.82467|0.0346925|instanced|114756492|17|64
29.81586|0.0335392|instanced|114756492|17|64
29.77653|0.0335835|instanced|114756492|17|64
30.22015|0.03309051|instanced|114756492|17|64
30.17839|0.0331363|instanced|114756492|17|64
29.6772|0.0336959|instanced|114756492|17|64
29.53346|0.0338599|instanced|114756492|17|64
30.4017|0.0328929|instanced|91805580|17|64
30.40179|0.0328928|instanced|114756492|17|64
29.79569|0.0335619|instanced|114756492|17|64
30.04744|0.0332807|instanced|114756492|17|49
14.86907|0.0672537|instanced|87860892|17|49
30.17675|0.0331381|instanced|87860892|17|49
27.13675|0.0368504|instanced|87860892|17|49
34.40138|0.0290686|instanced|87860892|17|49
14.97865|0.0667617|instanced|70289100|16|49
30.00381|0.0333291|instanced|87860892|17|49
29.45325|0.03395211|instanced|87860892|17|49
30.55553|0.0327273|instanced|87860892|17|49
30.00264|0.0333304|instanced|87860892|17|49
30.00912|0.0333232|instanced|87860892|17|49
29.875|0.0334728|instanced|70289100|16|49
30.21239|0.033099|instanced|87860892|16|49
29.87858|0.0334688|instanced|70289100|17|49
29.99931|0.0333341|instanced|87860892|17|49
29.88036|0.0334668|instanced|87860892|17|49
30.18412|0.03313|instanced|87860892|17|49
29.9807|0.0333548|instanced|87860892|17|49
29.84041|0.0335116|instanced|87860892|17|49
29.87054|0.0334778|instanced|87860892|17|49
29.31073|0.0341172|instanced|87860892|17|49
31.09075|0.0321639|instanced|70289100|16|49
29.71459|0.0336535|instanced|87860892|17|49
29.66101|0.0337143|instanced|87860892|17|49
30.39736|0.0328976|instanced|70289100|16|49
30.13773|0.033181|instanced|87860892|17|49
28.69819|0.0348454|instanced|87860892|17|49
31.14858|0.03210419|instanced|87860892|17|49
30.28835|0.033016|instanced|87860892|17|49
29.66285|0.0337122|instanced|70289100|17|49
30.31451|0.0329875|instanced|87860892|17|49
29.75854|0.0336038|instanced|87860892|17|49
30.32214|0.0329792|instanced|87860892|17|49
29.80289|0.0335538|instanced|87860892|17|49
30.29064|0.0330135|instanced|87860892|17|49
29.69923|0.03367091|instanced|87860892|17|36
15.02709|0.0665465|instanced|64551372|17|36
30.00705|0.0333255|instanced|51641484|17|36
29.75172|0.0336115|instanced|64551372|17|36
30.40391|0.03289051|instanced|64551372|17|36
29.95617|0.0333821|instanced|64551372|17|36
14.88565|0.0671788|instanced|64551372|16|36
30.26012|0.0330468|instanced|64551372|17|36
30.10688|0.033215|instanced|51641484|16|36
29.96964|0.0333671|instanced|64551372|17|36
29.97683|0.0333591|instanced|64551372|17|36
30.07193|0.0332536|instanced|64551372|17|36
29.81666|0.0335383|instanced|64551372|17|36
30.29073|0.0330134|instanced|64551372|17|36
30.01317|0.0333187|instanced|64551372|17|36
29.9274|0.0334142|instanced|64551372|17|36
29.85208|0.0334985|instanced|64551372|17|36
30.12484|0.0331952|instanced|64551372|17|36
29.97351|0.0333628|instanced|64551372|17|36
29.99958|0.0333338|instanced|64551372|17|36
29.8195|0.0335351|instanced|64551372|17|36
29.94828|0.03339089|instanced|64551372|17|36
30.27404|0.03303161|instanced|64551372|17|36
30.05494|0.0332724|instanced|64551372|17|36
29.90681|0.0334372|instanced|64551372|17|36
30.15854|0.0331581|instanced|64551372|17|36
19.65424|0.0508796|instanced|64551372|17|36
40.56861|0.0246496|instanced|64551372|17|36
40.53999|0.024667|instanced|51641484|17|36
29.98573|0.0333492|instanced|64551372|17|36
30.12874|0.0331909|instanced|64551372|17|36
29.93196|0.0334091|instanced|64551372|17|36
29.98438|0.0333507|instanced|64551372|17|36
28.54191|0.0350362|instanced|64551372|17|36
31.74372|0.0315023|instanced|64551372|17|36
29.9171|0.0334257|instanced|64551372|17|25
15.00591|0.0666404|instanced|44827932|17|25
30.06976|0.033256|instanced|44827932|16|25
30.00687|0.0333257|instanced|44827932|17|25
30.05982|0.033267|instanced|44827932|17|25
15.22717|0.0656721|instanced|44827932|17|25
30.83556|0.03243009|instanced|44827932|17|25
31.62365|0.0316219|instanced|44827932|16|25
31.73606|0.0315099|instanced|44827932|17|25
31.80024|0.0314463|instanced|44827932|16|25
33.42391|0.0299187|instanced|44827932|17|25
33.0584|0.0302495|instanced|44827932|17|25
33.58816|0.0297724|instanced|44827932|17|25
33.39902|0.029941|instanced|44827932|17|25
34.88708|0.0286639|instanced|44827932|17|25
34.81167|0.028726|instanced|44827932|17|25
35.27213|0.028351|instanced|44827932|17|25
35.07751|0.0285083|instanced|44827932|17|25
34.91547|0.0286406|instanced|44827932|17|25
35.18996|0.0284172|instanced|44827932|17|25
29.40606|0.0340066|instanced|44827932|17|25
33.53016|0.0298239|instanced|44827932|17|25
45.8438|0.0218132|instanced|44827932|17|25
34.09862|0.0293267|instanced|44827932|17|25
34.56202|0.0289335|instanced|44827932|17|25
37.64649|0.0265629|instanced|44827932|17|25
36.59679|0.0273248|instanced|44827932|17|25
36.6741|0.0272672|instanced|44827932|17|25
36.39129|0.0274791|instanced|44827932|17|25
36.00166|0.02777649|instanced|44827932|17|25
32.91834|0.0303782|instanced|44827932|17|25
45.50812|0.0219741|instanced|44827932|17|25
35.68638|0.0280219|instanced|44827932|17|25
40.91434|0.02444131|instanced|44827932|17|25
41.44821|0.02412649|instanced|44827932|17|25
38.64884|0.025874|instanced|35862732|16|25
27.40575|0.0364887|instanced|44827932|17|25
58.30868|0.01715011|instanced|44827932|17|25
47.87393|0.02088819|instanced|44827932|16|25
40.76773|0.0245292|instanced|44827932|17|25
41.06743|0.0243502|instanced|44827932|17|25
41.06068|0.0243542|instanced|44827932|17|25
41.27507|0.0242277|instanced|26897532|15|25
42.53817|0.0235083|instanced|44827932|17|25
41.59629|0.0240406|instanced|44827932|17|25
42.43906|0.0235632|instanced|44827932|17|25
42.07055|0.0237696|instanced|44827932|17|16
21.17742|0.0472201|instanced|28690572|17|16
43.72732|0.022869|instanced|28690572|17|16
42.38491|0.0235933|instanced|28690572|17|16
45.377|0.0220376|instanced|28690572|17|16
43.53676|0.0229691|instanced|28690572|16|16
44.72191|0.0223604|instanced|28690572|16|16
22.0408|0.0453704|instanced|28690572|17|16
46.76175|0.021385|instanced|28690572|16|16
45.78085|0.0218432|instanced|22952844|16|16
46.15036|0.0216683|instanced|28690572|17|16
45.64917|0.0219062|instanced|28690572|17|16
46.47877|0.0215152|instanced|28690572|17|16
46.34242|0.0215785|instanced|28690572|17|16
47.52491|0.0210416|instanced|17215116|15|16
47.015|0.02126981|instanced|28690572|17|16
47.26212|0.02115859|instanced|28690572|17|16
48.17257|0.0207587|instanced|28690572|17|16
46.59159|0.0214631|instanced|28690572|17|16
48.45948|0.0206358|instanced|28690572|17|16
47.19052|0.0211907|instanced|28690572|17|16
47.28356|0.021149|instanced|28690572|17|16
45.21041|0.0221188|instanced|28690572|17|16
47.58031|0.0210171|instanced|22952844|17|16
36.77755|0.0271905|instanced|22952844|17|16
43.52235|0.0229767|instanced|28690572|17|16
42.7632|0.0233846|instanced|28690572|17|16
39.46159|0.0253411|instanced|28690572|17|16
92.65607|0.0107926|instanced|28690572|17|16
62.34959|0.0160386|instanced|28690572|17|16
46.47315|0.0215178|instanced|28690572|17|16
50.74698|0.0197056|instanced|28690572|17|16
41.9914|0.0238144|instanced|28690572|17|16
51.56261|0.0193939|instanced|22952844|16|16
49.78394|0.0200868|instanced|22952844|16|16
53.1028|0.0188314|instanced|28690572|17|16
48.82192|0.0204826|instanced|28690572|17|16
49.99825|0.0200007|instanced|28690572|17|16
49.60048|0.0201611|instanced|28690572|17|16
50.23536|0.0199063|instanced|28690572|17|16
50.66292|0.0197383|instanced|28690572|17|16
50.37479|0.0198512|instanced|28690572|17|16
51.00271|0.0196068|instanced|28690572|17|16
50.51143|0.0197975|instanced|28690572|17|16
51.10723|0.0195667|instanced|28690572|17|16
51.48377|0.0194236|instanced|28690572|17|16
51.9583|0.0192462|instanced|28690572|17|16
51.86157|0.0192821|instanced|28690572|17|16
51.35526|0.0194722|instanced|28690572|17|16
51.27074|0.0195043|instanced|28690572|17|16
52.18036|0.0191643|instanced|28690572|17|16
53.53521|0.01867929|instanced|28690572|17|16
53.42822|0.0187167|instanced|22952844|17|16
53.11379|0.0188275|instanced|28690572|17|16
51.94886|0.0192497|instanced|28690572|17|16
53.08928|0.0188362|instanced|28690572|17|16
40.28862|0.0248209|instanced|28690572|17|16
80.65037|0.0123992|instanced|28690572|17|16
53.39856|0.0187271|instanced|28690572|17|16
52.82508|0.0189304|instanced|28690572|17|16
53.90399|0.0185515|instanced|28690572|17|16
53.72099|0.0186147|instanced|28690572|17|16
53.76922|0.018598|instanced|28690572|17|16
52.47499|0.0190567|instanced|28690572|17|16
54.40014|0.01838231|instanced|22952844|16|16
54.71627|0.0182761|instanced|28690572|17|16
53.40398|0.0187252|instanced|28690572|17|9
26.72632|0.0374163|instanced|12911818|17|9
53.98955|0.0185221|instanced|12911818|17|9
52.69065|0.0189787|instanced|16139290|17|9
53.37889|0.018734|instanced|16139290|17|9
53.96362|0.018531|instanced|16139290|17|9
53.63051|0.0186461|instanced|16139290|17|9
53.7753|0.0185959|instanced|16139290|17|9
53.48824|0.0186957|instanced|16139290|17|9
26.72518|0.0374179|instanced|16139290|17|9
53.7178|0.0186158|instanced|16139290|17|9
53.27848|0.0187693|instanced|16139290|17|9
54.07073|0.01849429|instanced|16139290|17|9
54.80653|0.018246|instanced|16139290|17|9
54.40165|0.01838179|instanced|16139290|17|9
53.98169|0.0185248|instanced|16139290|17|9
54.83478|0.0182366|instanced|16139290|17|9
54.16971|0.0184605|instanced|16139290|17|9
55.58582|0.0179902|instanced|16139290|17|9
56.0862|0.0178297|instanced|16139290|17|9
54.5935|0.0183172|instanced|12911818|16|9
56.35992|0.01774311|instanced|16139290|17|9
55.7392|0.0179407|instanced|16139290|17|9
56.41939|0.0177244|instanced|16139290|17|9
56.68132|0.0176425|instanced|16139290|17|9
58.97895|0.0169552|instanced|16139290|17|9
57.82922|0.0172923|instanced|16139290|17|9
56.62931|0.0176587|instanced|16139290|17|9
58.42622|0.0171156|instanced|16139290|17|9
57.67913|0.01733729|instanced|16139290|17|9
61.13291|0.0163578|instanced|16139290|17|9
60.17353|0.0166186|instanced|16139290|17|9
61.98244|0.0161336|instanced|16139290|17|9
60.27256|0.0165913|instanced|16139290|17|9
61.13815|0.0163564|instanced|16139290|17|9
60.47996|0.0165344|instanced|16139290|17|9
62.61428|0.0159708|instanced|16139290|17|9
63.96275|0.0156341|instanced|12911818|17|9
58.63073|0.0170559|instanced|16139290|17|9
68.4472|0.0146098|instanced|16139290|16|9
64.33228|0.0155443|instanced|16139290|17|9
63.28552|0.0158014|instanced|12911818|15|9
62.98816|0.015876|instanced|16139290|17|9
61.86586|0.016164|instanced|16139290|17|9
68.41303|0.0146171|instanced|16139290|16|9
65.96828|0.0151588|instanced|16139290|17|9
66.23744|0.0150972|instanced|12911818|17|9
65.78905|0.0152001|instanced|12911818|16|9
67.36729|0.014844|instanced|16139290|17|9
66.34469|0.0150728|instanced|16139290|17|9
66.26991|0.0150898|instanced|12911818|16|9
67.95557|0.0147155|instanced|16139290|17|9
68.80845|0.0145331|instanced|16139290|17|9
70.06969|0.01427151|instanced|16139290|17|9
68.90662|0.01451239|instanced|16139290|17|9
65.77|0.0152045|instanced|16139290|17|9
71.81738|0.01392421|instanced|16139290|17|9
69.41841|0.0144054|instanced|16139290|17|9
60.95296|0.01640609|instanced|16139290|17|9
85.23623|0.0117321|instanced|16139290|17|9
71.66453|0.0139539|instanced|16139290|17|9
71.10252|0.0140642|instanced|16139290|17|9
71.02325|0.0140799|instanced|16139290|17|9
72.09962|0.0138697|instanced|16139290|17|9
71.35822|0.0140138|instanced|16139290|17|9
72.59054|0.0137759|instanced|16139290|17|9
75.0351|0.0133271|instanced|16139290|17|9
73.44572|0.0136155|instanced|16139290|17|9
73.26756|0.0136486|instanced|16139290|17|9
74.74176|0.0133794|instanced|12911818|17|9
74.44188|0.0134333|instanced|16139290|17|9
73.59433|0.013588|instanced|16139290|17|9
72.95651|0.0137068|instanced|16139290|17|9
74.97095|0.0133385|instanced|16139290|17|9
75.74148|0.01320281|instanced|16139290|17|9
77.40899|0.0129184|instanced|16139290|17|9
75.84837|0.0131842|instanced|16139290|17|9
76.11334|0.0131383|instanced|16139290|17|9
76.51402|0.0130695|instanced|16139290|17|9
76.66478|0.0130438|instanced|16139290|17|9
76.49468|0.0130728|instanced|16139290|17|9
75.59096|0.0132291|instanced|16139290|17|9
77.49175|0.0129046|instanced|16139290|17|4
39.01982|0.025628|instanced|7174090|17|4
79.96736|0.0125051|instanced|7174090|17|4
77.80951|0.0128519|instanced|7174090|17|4
77.55125|0.0128947|instanced|7174090|17|4
79.64192|0.0125562|instanced|7174090|17|4
80.64387|0.0124002|instanced|7174090|17|4
78.31468|0.012769|instanced|7174090|17|4
80.44729|0.0124305|instanced|7174090|17|4
82.50345|0.01212071|instanced|7174090|17|4
82.17336|0.01216939|instanced|7174090|17|4
80.88585|0.0123631|instanced|7174090|17|4
40.25911|0.0248391|instanced|7174090|17|4
82.16996|0.0121699|instanced|7174090|17|4
81.16685|0.0123203|instanced|7174090|17|4
84.48018|0.0118371|instanced|7174090|17|4
84.93647|0.01177351|instanced|5739658|16|4
84.67544|0.0118098|instanced|7174090|17|4
81.86256|0.0122156|instanced|7174090|17|4
86.65137|0.0115405|instanced|7174090|17|4
83.93275|0.0119143|instanced|5739658|16|4
85.95936|0.0116334|instanced|7174090|17|4
84.46733|0.0118389|instanced|7174090|17|4
84.91772|0.01177611|instanced|7174090|17|4
83.9074|0.0119179|instanced|7174090|17|4
87.58412|0.01141759|instanced|7174090|17|4
87.05716|0.01148671|instanced|7174090|17|4
85.22099|0.0117342|instanced|7174090|17|4
88.38998|0.0113135|instanced|7174090|17|4
87.91209|0.011375|instanced|7174090|17|4
86.23145|0.0115967|instanced|7174090|17|4
88.29552|0.0113256|instanced|5739658|16|4
84.70985|0.011805|instanced|7174090|17|4
89.6861|0.01115|instanced|7174090|17|4
89.36391|0.0111902|instanced|7174090|17|4
93.79194|0.0106619|instanced|7174090|17|4
89.27374|0.0112015|instanced|7174090|17|4
89.43906|0.0111808|instanced|7174090|17|4
92.58913|0.0108004|instanced|7174090|17|4
75.5236|0.01324089|instanced|7174090|17|4
90.71525|0.0110235|instanced|7174090|17|4
119.3617|0.008377898|instanced|7174090|17|4
94.10528|0.0106264|instanced|7174090|17|4
61.88385|0.0161593|instanced|7174090|17|4
100.1864|0.009981398|instanced|7174090|16|4
107.7783|0.009278302|instanced|7174090|16|4
99.94405|0.0100056|instanced|7174090|17|4
51.57032|0.019391|instanced|7174090|17|4
74.94228|0.0133436|instanced|7174090|17|4
61.24261|0.0163285|instanced|7174090|17|4
81.70539|0.01223909|instanced|7174090|17|4
109.1739|0.009159701|instanced|7174090|17|4
58.40337|0.0171223|instanced|5739658|17|4
76.58611|0.0130572|instanced|5739658|16|4
81.73341|0.0122349|instanced|7174090|17|4
87.24402|0.0114621|instanced|7174090|17|4
138.0167|0.0072455|instanced|7174090|17|4
68.6144|0.0145742|instanced|7174090|17|4
57.22002|0.0174764|instanced|7174090|17|4
175.5434|0.005696598|instanced|7174090|16|4
173.1151|0.005776502|instanced|7174090|17|4
68.25893|0.0146501|instanced|7174090|17|4
59.73075|0.01674179|instanced|7174090|16|4
78.07802|0.0128077|instanced|7174090|16|4
72.7781|0.0137404|instanced|7174090|17|4
58.06626|0.0172217|instanced|7174090|17|4
83.42861|0.0119863|instanced|5739658|16|4
54.03768|0.0185056|instanced|7174090|17|4
65.58066|0.0152484|instanced|7174090|17|4
51.78906|0.0193091|instanced|7174090|17|4
111.9383|0.008933497|instanced|7174090|17|4
83.46197|0.0119815|instanced|7174090|17|4
76.96809|0.0129924|instanced|5739658|16|4
61.00648|0.0163917|instanced|5739658|16|4
76.60019|0.0130548|instanced|7174090|17|4
46.52916|0.0214919|instanced|7174090|17|4
56.63124|0.0176581|instanced|7174090|17|4
71.26617|0.0140319|instanced|7174090|17|4
132.7845|0.007531002|instanced|7174090|17|4
73.45271|0.0136142|instanced|7174090|17|4
100.032|0.009996797|instanced|7174090|17|4
66.67287|0.0149986|instanced|7174090|17|4
86.45364|0.01156689|instanced|7174090|17|4
83.40977|0.011989|instanced|7174090|17|4
97.82053|0.0102228|instanced|7174090|17|4
103.0312|0.009705797|instanced|7174090|17|4
93.30704|0.0107173|instanced|7174090|17|4
78.51577|0.0127363|instanced|7174090|17|4
70.46223|0.014192|instanced|7174090|17|4
130.7634|0.007647399|instanced|7174090|17|4
174.9351|0.005716404|instanced|7174090|17|4
96.91143|0.0103187|instanced|7174090|17|4
80.09035|0.0124859|instanced|7174090|17|4
79.12017|0.012639|instanced|7174090|17|4
121.6989|0.008216999|instanced|7174090|17|4
96.41623|0.0103717|instanced|5739658|17|4
96.70993|0.0103402|instanced|7174090|17|4
99.53519|0.0100467|instanced|7174090|17|4
97.94606|0.0102097|instanced|7174090|17|4
96.38277|0.0103753|instanced|7174090|17|4
98.03534|0.0102004|instanced|7174090|17|4
94.7481|0.0105543|instanced|7174090|17|4
99.5649|0.0100437|instanced|7174090|17|4
98.30618|0.0101723|instanced|7174090|17|4
72.87465|0.01372219|instanced|7174090|17|4
104.8833|0.009534404|instanced|7174090|17|4
135.9712|0.0073545|instanced|7174090|17|4
109.6492|0.009119997|instanced|7174090|17|4
105.7418|0.009457001|instanced|7174090|17|4
101.427|0.009859304|instanced|7174090|17|4
105.0531|0.009518998|instanced|7174090|17|4
98.66993|0.0101348|instanced|7174090|16|4
102.7517|0.0097322|instanced|7174090|17|4
108.6968|0.009199901|instanced|7174090|17|4
100.7973|0.009920897|instanced|7174090|17|4
105.6736|0.009463103|instanced|7174090|17|4
102.3217|0.009773101|instanced|7174090|17|4
105.6078|0.009468998|instanced|7174090|17|4
112.5607|0.008884098|instanced|7174090|17|4
104.4976|0.0095696|instanced|7174090|17|4
111.7805|0.008946103|instanced|5739658|16|4
102.3594|0.009769501|instanced|5739658|16|4
96.43764|0.01036939|instanced|5739658|16|4
105.7731|0.009454202|instanced|7174090|17|4
110.8353|0.0090224|instanced|7174090|17|4
137.4873|0.007273398|instanced|7174090|17|4
110.312|0.0090652|instanced|7174090|17|4
106.9667|0.009348704|instanced|7174090|17|4
109.866|0.009101998|instanced|7174090|17|4
110.8046|0.0090249|instanced|7174090|17|4
107.5511|0.009297903|instanced|7174090|17|4
121.7849|0.008211196|instanced|7174090|17|4
107.9575|0.009262904|instanced|7174090|17|4
118.5677|0.008433999|instanced|7174090|17|1
57.84024|0.017289|instanced|1794970|17|1
113.2734|0.008828196|instanced|1794970|17|1
107.1111|0.009336104|instanced|1794970|17|1
121.2371|0.008248299|instanced|1794970|17|1
101.6075|0.009841794|instanced|1794970|17|1
87.44849|0.0114353|instanced|1794970|17|1
104.1309|0.009603302|instanced|1794970|17|1
79.79892|0.0125315|instanced|1794970|17|1
81.36034|0.012291|instanced|1794970|17|1
111.2174|0.008991397|instanced|1794970|17|1
112.6227|0.008879202|instanced|1436362|16|1
86.38187|0.0115765|instanced|1794970|17|1
90.21772|0.0110843|instanced|1794970|17|1
83.16214|0.0120247|instanced|1794970|17|1
94.59129|0.0105718|instanced|1794970|17|1
107.4726|0.009304699|instanced|1794970|17|1
94.02296|0.0106357|instanced|1794970|17|1
101.8029|0.009822902|instanced|1794970|17|1
100.7242|0.009928104|instanced|1794970|16|1
111.1458|0.008997194|instanced|1794970|16|1
71.58811|0.0139688|instanced|1794970|17|1
57.3138|0.0174478|instanced|1794970|17|1
122.8501|0.008140001|instanced|1794970|17|1
136.9638|0.007301197|instanced|1436362|16|1
96.13348|0.0104022|instanced|1794970|17|1
62.27583|0.0160576|instanced|1794970|17|1
104.2112|0.009595897|instanced|1794970|17|1
95.99784|0.0104169|instanced|1794970|17|1
122.9619|0.008132603|instanced|1794970|17|1
67.27077|0.0148653|instanced|1794970|17|1
104.966|0.009526899|instanced|1794970|17|1
118.0512|0.008470904|instanced|1794970|17|1
90.94137|0.0109961|instanced|1794970|17|1
106.4113|0.009397498|instanced|1794970|17|1
104.9031|0.009532603|instanced|1794970|17|1
75.62466|0.0132232|instanced|1794970|17|1
83.28961|0.0120063|instanced|1794970|17|1
111.6732|0.008954698|instanced|1794970|17|1
154.8275|0.006458801|instanced|1794970|17|1
146.9789|0.006803699|instanced|1794970|17|1
82.8521|0.0120697|instanced|1794970|17|1
99.94002|0.010006|instanced|1436362|16|1
112.2523|0.008908504|instanced|1436362|16|1
113.0314|0.008847095|instanced|1794970|17|1
59.94378|0.0166823|instanced|1794970|17|1
120.3152|0.008311501|instanced|1794970|17|1
79.62795|0.0125584|instanced|1794970|17|1
84.10714|0.0118896|instanced|1794970|17|1
63.5316|0.0157402|instanced|1794970|17|1
118.4273|0.008443998|instanced|1794970|17|1
82.90701|0.01206171|instanced|1794970|17|1
123.5209|0.008095798|instanced|1794970|17|1
118.7225|0.008423002|instanced|1794970|17|1
154.3425|0.006479096|instanced|1794970|17|1
132.7916|0.007530598|instanced|1794970|17|1
136.5168|0.007325106|instanced|1794970|17|1
128.0755|0.007807894|instanced|1794970|17|1
130.4308|0.0076669|instanced|1794970|17|1
68.07676|0.0146893|instanced|1794970|17|1
77.04752|0.012979|instanced|1794970|17|1
89.74969|0.0111421|instanced|1794970|17|1
126.3312|0.007915703|instanced|1794970|17|1
161.7025|0.006184198|instanced|1794970|17|1
92.89191|0.0107652|instanced|1794970|17|1
111.5823|0.008961997|instanced|1794970|17|1
129.1656|0.007742|instanced|1794970|17|1
148.5663|0.006731002|instanced|1794970|17|1
115.1862|0.008681597|instanced|1794970|17|1
114.5803|0.008727501|instanced|1794970|17|1
113.8459|0.008783801|instanced|1794970|17|1
164.0017|0.006097499|instanced|1794970|17|1
144.4627|0.006922201|instanced|1794970|17|1
161.7783|0.0061813|instanced|1794970|17|1
122.5805|0.008157901|instanced|1794970|17|1
95.34433|0.0104883|instanced|1794970|17|1
115.4028|0.008665299|instanced|1794970|17|1
142.1646|0.007034099|instanced|1794970|17|1
121.1357|0.008255201|instanced|1794970|17|1
120.0567|0.008329401|instanced|1794970|16|1
116.0887|0.008614101|instanced|1794970|17|1
123.5147|0.008096202|instanced|1794970|17|1
89.51111|0.0111718|instanced|1794970|17|1
121.1578|0.008253699|instanced|1794970|17|1
141.1592|0.007084198|instanced|1794970|17|1
106.7361|0.009368906|instanced|1794970|17|1
112.1064|0.008920097|instanced|1794970|17|1
126.8279|0.007884701|instanced|1794970|17|1
117.9871|0.008475503|instanced|1794970|17|1
160.8519|0.0062169|instanced|1794970|17|1
131.3992|0.007610396|instanced|1794970|17|1
119.2207|0.008387805|instanced|1794970|17|1
104.0204|0.009613499|instanced|1794970|17|1
125.4674|0.007970195|instanced|1436362|16|1
100.5581|0.009944501|instanced|1794970|17|1
130.4274|0.007667099|instanced|1794970|17|1
152.3369|0.006564399|instanced|1794970|17|1
113.1029|0.008841503|instanced|1794970|17|1
103.0089|0.009707901|instanced|1794970|17|1
89.62663|0.0111574|instanced|1794970|17|1
134.4032|0.007440299|instanced|1794970|17|1
113.5112|0.008809701|instanced|1794970|17|1
113.3542|0.008821904|instanced|1794970|17|1
128.1148|0.007805499|instanced|1794970|17|1
112.1315|0.008918098|instanced|1794970|17|1
114.0927|0.008764803|instanced|1794970|17|1
120.6215|0.008290398|instanced|1794970|17|1
131.4787|0.007605797|instanced|1794970|17|1
107.5939|0.009294203|instanced|1794970|17|1
99.69199|0.0100309|instanced|1794970|17|1
83.32153|0.0120017|instanced|1794970|17|1
51.04385|0.019591|instanced|1794970|17|1
58.72163|0.0170295|instanced|1794970|17|1
43.56615|0.0229536|instanced|1794970|16|1
53.77789|0.018595|instanced|1794970|17|1
141.4327|0.0070705|instanced|1794970|17|1
86.67618|0.0115372|instanced|1794970|17|1
75.93359|0.0131694|instanced|1794970|17|1
83.80545|0.0119324|instanced|1794970|17|1
113.8576|0.008782901|instanced|1794970|17|1
166.1461|0.0060188|instanced|1794970|17|1
80.47771|0.0124258|instanced|1794970|17|1
68.21283|0.01466|instanced|1794970|17|1
124.5795|0.008027005|instanced|1794970|17|1
105.8415|0.009448093|instanced|1794970|17|1
97.64766|0.0102409|instanced|1794970|17|1
54.3189|0.0184098|instanced|1794970|17|1
108.9752|0.009176403|instanced|1794970|17|1
85.16946|0.0117413|instanced|1794970|17|1
45.10925|0.0221684|instanced|1794970|17|1
65.05843|0.0153708|instanced|1794970|17|1
80.80221|0.0123759|instanced|1794970|17|1
62.88635|0.0159017|instanced|1794970|17|1
54.72616|0.0182728|instanced|1794970|17|1
48.45031|0.0206397|instanced|1794970|17|1
79.31976|0.0126072|instanced|1794970|17|1
125.3008|0.007980797|instanced|1794970|17|1
170.0651|0.005880102|instanced|1794970|17|1
145.142|0.006889803|instanced|1794970|17|1
87.8619|0.0113815|instanced|1794970|17|1
53.87206|0.0185625|instanced|1794970|17|1
56.62065|0.0176614|instanced|1794970|17|1
55.55927|0.0179988|instanced|1794970|17|1
68.52505|0.0145932|instanced|1794970|17|1
95.84144|0.0104339|instanced|1794970|17|1
64.63039|0.0154726|instanced|1794970|17|1
70.38685|0.0142072|instanced|1794970|17|1
56.16873|0.0178035|instanced|1794970|17|1
107.1088|0.009336302|instanced|1794970|17|1
109.4164|0.009139399|instanced|1794970|17|1
89.94585|0.0111178|instanced|1794970|17|1
76.75777|0.013028|instanced|1794970|17|1
133.7632|0.0074759|instanced|1794970|17|1
135.7037|0.007368998|instanced|1794970|17|1
121.2136|0.008249901|instanced|1794970|17|1
95.57854|0.0104626|instanced|1794970|17|1
94.29688|0.0106048|instanced|1794970|17|1
92.18715|0.0108475|instanced|1794970|17|1
93.03712|0.0107484|instanced|1436362|16|1
94.00705|0.0106375|instanced|1794970|17|1
92.36509|0.0108266|instanced|1794970|17|1
68.74647|0.0145462|instanced|1794970|17|1
125.202|0.007987096|instanced|1794970|17|1
114.2283|0.008754401|instanced|1794970|17|1
96.17882|0.0103973|instanced|1794970|17|1
98.91683|0.0101095|instanced|1794970|17|1
96.05044|0.0104112|instanced|1794970|17|1
68.90611|0.0145125|instanced|1794970|17|1
123.991|0.008065101|instanced|1794970|17|1
117.8064|0.0084885|instanced|1794970|16|1
97.38042|0.010269|instanced|1436362|16|1
72.33588|0.0138244|instanced|1794970|17|1
119.7677|0.008349497|instanced|1794970|17|1
123.7148|0.008083107|instanced|1794970|17|1
102.6831|0.009738698|instanced|1794970|17|1
100.074|0.009992602|instanced|1794970|17|1
101.3346|0.009868297|instanced|1436362|16|1
100.5814|0.009942198|instanced|1794970|17|1
99.55296|0.01004491|instanced|1794970|17|1
87.68779|0.0114041|instanced|1436362|16|1
105.6915|0.009461501|instanced|1436362|16|1
83.40144|0.0119902|instanced|1436362|16|1
114.1031|0.008764002|instanced|1794970|17|1
104.5172|0.009567801|instanced|1794970|17|1
108.8092|0.009190398|instanced|1794970|17|1
117.8009|0.008488903|instanced|1794970|17|1
106.4046|0.009398093|instanced|1794970|17|1
99.4134|0.01005901|instanced|1794970|17|1
105.1758|0.009507894|instanced|1794970|17|1
103.6344|0.009649306|instanced|1436362|16|1
102.1586|0.009788698|instanced|1794970|17|1
105.0652|0.0095179|instanced|1794970|17|1
82.33026|0.0121462|instanced|1794970|17|1
78.6869|0.0127086|instanced|1436362|16|1
114.5803|0.008727501|instanced|1436362|16|1
103.2087|0.009689101|instanced|1794970|17|1
30.84668|0.0324184|instanced|1794970|17|1
58.88485|0.0169823|instanced|1794970|17|1
87.37902|0.01144439|instanced|1794970|17|1
53.1864|0.0188018|instanced|1794970|17|1
51.99071|0.0192342|instanced|1794970|17|1
43.32193|0.023083|instanced|1794970|17|1
77.59098|0.0128881|instanced|1794970|17|1
42.36193|0.0236061|instanced|1794970|17|1
55.11432|0.0181441|instanced|1794970|17|1
26.47618|0.0377698|instanced|1794970|17|1
50.84299|0.0196684|instanced|1794970|17|1
96.9593|0.01031361|instanced|1794970|16|1
74.45685|0.0134306|instanced|1794970|16|1
44.02532|0.0227142|instanced|1794970|17|1
37.51304|0.0266574|instanced|1794970|17|1
46.62308|0.0214486|instanced|1794970|17|1
79.80975|0.0125298|instanced|1794970|17|1
82.58388|0.0121089|instanced|1794970|17|1
79.22739|0.0126219|instanced|1794970|17|1
73.84759|0.0135414|instanced|1794970|17|1
53.04561|0.0188517|instanced|1794970|17|1
82.54707|0.0121143|instanced|1794970|17|1
59.90535|0.016693|instanced|1794970|17|1
58.88138|0.0169833|instanced|1794970|17|1
69.87339|0.0143116|instanced|1794970|17|1
30.142|0.0331763|instanced|1794970|16|1
44.77478|0.022334|instanced|1794970|17|1
104.8142|0.009540696|instanced|1794970|17|1
49.24168|0.020308|instanced|1794970|17|1
34.57755|0.0289205|instanced|1794970|16|1
49.90667|0.0200374|instanced|1794970|17|1
74.57733|0.0134089|instanced|1794970|17|1
31.85231|0.0313949|instanced|1794970|17|1
99.81031|0.01001901|instanced|1794970|17|1
57.08839|0.01751669|instanced|1794970|17|1
28.4082|0.03520111|instanced|1077754|15|1
28.65699|0.0348955|instanced|1794970|17|1
58.02586|0.01723369|instanced|1794970|17|1
28.19769|0.0354639|instanced|1794970|17|1
57.44156|0.017409|instanced|1794970|17|1
29.31107|0.0341168|instanced|1794970|17|1
80.81396|0.0123741|instanced|1794970|17|1
40.24324|0.0248489|instanced|1794970|17|1
27.66994|0.03614031|instanced|1794970|17|1
56.20504|0.017792|instanced|1794970|17|1
28.09044|0.0355993|instanced|1794970|17|1
50.00002|0.01999999|non-instanced|1686|7|1
50.00002|0.01999999|non-instanced|1794980|17|1
35.14692|0.028452|non-instanced|1796914|29|1
154.2828|0.006481604|non-instanced|1796914|29|1
8.968852|0.111497|non-instanced|1794974|17|1
228.901|0.004368701|non-instanced|1794974|17|1
59.96749|0.0166757|non-instanced|1794974|17|1
62.02436|0.0161227|non-instanced|1794974|17|1
62.18828|0.0160802|non-instanced|1794974|17|1
64.57695|0.0154854|non-instanced|1794974|17|1
68.82835|0.0145289|non-instanced|1794974|17|1
67.74837|0.0147605|non-instanced|1794974|17|1
67.54428|0.0148051|non-instanced|1794974|17|1
68.63182|0.0145705|non-instanced|1794974|17|1
67.82189|0.0147445|non-instanced|1794974|17|1
67.50874|0.0148129|non-instanced|1436366|16|1
68.05917|0.0146931|non-instanced|1794974|17|1
67.80212|0.0147488|non-instanced|1436366|16|1
68.06934|0.0146909|non-instanced|1794974|17|1
68.16308|0.0146707|non-instanced|1077758|15|1
68.54951|0.014588|non-instanced|1794974|17|1
68.52695|0.0145928|non-instanced|1436366|17|1
68.22955|0.01465641|non-instanced|1436366|17|1
48.16376|0.0207625|non-instanced|1794974|17|1
159.2586|0.006279096|non-instanced|1794974|17|1
157.9753|0.006330102|non-instanced|1794974|17|1
161.2852|0.006200199|non-instanced|1436366|16|1
159.3321|0.006276198|non-instanced|1794974|17|1
164.8232|0.006067106|non-instanced|1794974|17|1
155.6638|0.0064241|non-instanced|1794974|16|1
125.5368|0.007965795|non-instanced|1794974|16|1
119.2776|0.008383801|non-instanced|1794974|17|1
119.8265|0.008345401|non-instanced|1794974|17|1
119.8164|0.008346102|non-instanced|1794974|17|1
119.8022|0.008347095|non-instanced|1794974|17|1
118.9994|0.008403402|non-instanced|1794974|17|1
119.3374|0.008379599|non-instanced|1436366|16|1
119.2577|0.008385204|non-instanced|1436366|17|1
119.0675|0.008398597|non-instanced|1794974|17|1
119.4116|0.008374398|non-instanced|1436366|16|1
119.1909|0.008389902|non-instanced|1794974|17|1
119.2193|0.008387904|non-instanced|1794974|17|1
119.3873|0.008376098|non-instanced|1436366|16|1
119.6531|0.008357497|non-instanced|1436366|16|1
119.5628|0.008363804|non-instanced|1436366|17|1
119.6831|0.0083554|non-instanced|1794974|17|1
119.1044|0.008395996|non-instanced|1794974|17|1
119.6058|0.008360799|non-instanced|1436366|16|1
119.0745|0.008398101|non-instanced|1794974|16|1
119.6745|0.008356002|non-instanced|1794974|16|1
119.7935|0.008347697|non-instanced|1436366|16|1
119.7289|0.008352204|non-instanced|1794974|17|1
119.8796|0.008341702|non-instanced|1794974|17|1
119.6187|0.0083599|non-instanced|1436366|16|1
120.0279|0.008331398|non-instanced|1794974|17|1
119.8868|0.008341199|non-instanced|1794974|17|1
119.9127|0.008339399|non-instanced|1794974|17|1
119.9991|0.008333397|non-instanced|1794974|17|1
119.9314|0.008338102|non-instanced|1794974|17|1
119.7289|0.008352204|non-instanced|1436366|16|1
46.56535|0.0214752|non-instanced|1794974|17|1
77.07841|0.0129738|non-instanced|7174094|32|4
115.9178|0.0086268|non-instanced|7174094|32|4
151.254|0.006611395|non-instanced|6815486|31|4
146.0919|0.006845004|non-instanced|7174094|32|4
169.5433|0.0058982|non-instanced|7174094|32|4
184.72|0.005413598|non-instanced|7174094|32|4
111.6994|0.008952601|non-instanced|7174094|32|4
173.4185|0.005766397|non-instanced|7174094|32|4
150.4574|0.0066464|non-instanced|7174094|32|4
118.0484|0.008471102|non-instanced|7174094|32|4
120.7059|0.008284601|non-instanced|7174094|32|4
119.4944|0.008368594|non-instanced|7174094|32|4
120.1086|0.0083258|non-instanced|7174094|32|4
119.1838|0.008390405|non-instanced|7174094|32|4
119.7161|0.008353096|non-instanced|7174094|32|4
120.1114|0.008325602|non-instanced|7174094|32|4
120.4036|0.0083054|non-instanced|7174094|32|4
117.8051|0.008488598|non-instanced|7174094|32|4
118.8735|0.008412302|non-instanced|7174094|32|9
112.075|0.008922597|non-instanced|16139294|57|9
119.5214|0.008366702|non-instanced|16139294|57|9
117.6332|0.008500999|non-instanced|16139294|57|9
117.2388|0.008529599|non-instanced|16139294|57|9
119.4201|0.008373803|non-instanced|16139294|57|9
117.7829|0.0084902|non-instanced|16139294|57|9
110.7064|0.009032901|non-instanced|16139294|57|9
119.0689|0.008398497|non-instanced|16139294|57|9
119.3731|0.008377098|non-instanced|16139294|57|9
120.1692|0.008321599|non-instanced|16139294|57|9
117.4163|0.008516702|non-instanced|16139294|57|9
120.5328|0.008296499|non-instanced|16139294|57|9
118.3572|0.008449001|non-instanced|16139294|57|9
117.484|0.008511798|non-instanced|16139294|57|9
117.0467|0.008543601|non-instanced|15780686|56|9
118.4512|0.008442298|non-instanced|16139294|57|9
120.4165|0.008304507|non-instanced|16139294|57|9
118.7296|0.008422499|non-instanced|16139294|57|16
103.0832|0.0097009|non-instanced|28690576|92|16
118.1698|0.008462401|non-instanced|28690576|92|16
35.45295|0.0282064|non-instanced|28690576|92|16
129.4331|0.007725999|non-instanced|28690576|92|16
135.7977|0.007363896|non-instanced|28690576|92|16
135.0128|0.007406704|non-instanced|28690576|92|16
133.998|0.007462798|non-instanced|28690576|92|16
136.1952|0.007342404|non-instanced|28690576|92|16
134.0968|0.007457299|non-instanced|28690576|92|16
125.1205|0.007992297|non-instanced|28690576|92|16
129.8836|0.007699199|non-instanced|28331968|91|16
120.0826|0.008327601|non-instanced|28690576|92|16
120.7612|0.008280803|non-instanced|28690576|92|16
119.9501|0.008336798|non-instanced|28690576|92|16
121.2591|0.008246805|non-instanced|28690576|92|16
120.655|0.008288095|non-instanced|28690576|92|16
120.4195|0.008304302|non-instanced|28331968|91|16
121.0595|0.008260403|non-instanced|27973360|91|16
119.7046|0.008353897|non-instanced|28690576|92|16
120.5487|0.008295401|non-instanced|28690576|92|16
121.3033|0.008243799|non-instanced|28690576|92|16
120.6505|0.0082884|non-instanced|28690576|92|16
117.4799|0.008512096|non-instanced|28690576|92|16
118.6113|0.008430903|non-instanced|28690576|92|16
116.4565|0.008586898|non-instanced|28690576|92|16
115.9245|0.008626304|non-instanced|28690576|92|16
119.7562|0.008350298|non-instanced|28690576|92|16
118.3054|0.0084527|non-instanced|28690576|92|16
116.2371|0.008603103|non-instanced|28690576|92|16
119.4187|0.008373895|non-instanced|28690576|92|16
120.379|0.0083071|non-instanced|28690576|92|16
118.1628|0.008462904|non-instanced|28331968|91|16
120.5894|0.008292602|non-instanced|28690576|92|16
119.3147|0.0083812|non-instanced|28690576|92|16
119.255|0.008385396|non-instanced|28690576|92|16
118.8396|0.008414703|non-instanced|28690576|92|16
119.7276|0.008352295|non-instanced|28690576|92|16
116.8292|0.008559503|non-instanced|28690576|92|16
119.772|0.008349199|non-instanced|28690576|92|16
120.6768|0.0082866|non-instanced|28690576|92|16
118.3096|0.008452402|non-instanced|28690576|92|16
118.8157|0.008416397|non-instanced|28690576|92|16
117.8258|0.008487104|non-instanced|28690576|92|16
118.6381|0.008428996|non-instanced|28690576|92|16
118.5382|0.008436097|non-instanced|28690576|92|16
119.1823|0.008390505|non-instanced|28690576|92|16
119.4915|0.008368799|non-instanced|28690576|92|16
118.8354|0.008415001|non-instanced|28690576|92|16
120.5458|0.008295599|non-instanced|28690576|92|16
119.8682|0.008342496|non-instanced|28690576|92|16
118.9569|0.008406406|non-instanced|28690576|92|16
121.0361|0.008261997|non-instanced|28690576|92|16
95.58036|0.0104624|non-instanced|28331968|91|16
152.2209|0.006569402|non-instanced|28690576|92|16
120.5575|0.008294798|non-instanced|28690576|92|16
120.256|0.008315597|non-instanced|28690576|92|16
120.279|0.008314002|non-instanced|28690576|92|16
119.208|0.008388697|non-instanced|28690576|92|16
118.7098|0.008423902|non-instanced|28690576|92|16
120.5299|0.008296697|non-instanced|28690576|92|16
120.2963|0.008312805|non-instanced|28690576|92|16
119.9372|0.008337699|non-instanced|28690576|92|16
119.2506|0.0083857|non-instanced|28690576|92|16
119.0108|0.008402601|non-instanced|28690576|92|16
120.0726|0.008328295|non-instanced|28331968|91|16
118.5087|0.008438202|non-instanced|28690576|92|16
119.1398|0.008393502|non-instanced|28690576|92|16
118.7296|0.008422499|non-instanced|28690576|92|16
117.7745|0.008490802|non-instanced|28690576|92|16
119.7361|0.0083517|non-instanced|28690576|92|16
118.1698|0.008462401|non-instanced|28690576|92|16
118.2411|0.008457298|non-instanced|28690576|92|16
119.3389|0.008379499|non-instanced|28690576|92|16
118.5312|0.0084366|non-instanced|28690576|92|16
120.0408|0.008330499|non-instanced|28690576|92|16
119.6258|0.008359403|non-instanced|28690576|92|16
118.121|0.008465894|non-instanced|28690576|92|16
119.6429|0.008358206|non-instanced|28690576|92|16
77.77323|0.01285789|non-instanced|28690576|92|16
162.277|0.006162302|non-instanced|28690576|92|16
115.6617|0.008645904|non-instanced|28690576|92|16
138.011|0.007245798|non-instanced|28690576|92|16
123.3365|0.008107901|non-instanced|28690576|92|16
118.7776|0.008419097|non-instanced|28690576|92|16
119.6802|0.008355598|non-instanced|28690576|92|16
120.3818|0.008306902|non-instanced|28690576|92|16
118.7677|0.008419799|non-instanced|28690576|92|16
120.1504|0.008322903|non-instanced|28331968|90|16
120.3557|0.008308702|non-instanced|28331968|92|16
119.8696|0.008342396|non-instanced|28690576|92|16
119.3118|0.008381398|non-instanced|28690576|92|16
120.4427|0.0083027|non-instanced|28690576|92|16
119.1512|0.008392701|non-instanced|28690576|92|16
120.3065|0.008312103|non-instanced|28690576|92|16
120.3066|0.008312096|non-instanced|28690576|92|16
120.3761|0.008307299|non-instanced|27973360|90|16
119.8106|0.008346506|non-instanced|28690576|92|16
117.4785|0.008512195|non-instanced|28690576|92|16
121.3946|0.008237599|non-instanced|28690576|92|16
117.8175|0.008487705|non-instanced|28331968|91|16
121.3298|0.008242|non-instanced|28690576|92|16
120.3819|0.008306894|non-instanced|28690576|92|16
90.61169|0.0110361|non-instanced|28690576|92|16
50.00002|0.01999999|non-instanced|28690576|92|16
50.00002|0.01999999|non-instanced|28690576|92|16
34.65652|0.0288546|non-instanced|28690576|92|16
29.7988|0.0335584|non-instanced|28690576|92|16
22.6073|0.0442335|non-instanced|28690576|92|16
22.6798|0.0440921|non-instanced|28690576|92|16
30.92605|0.0323352|non-instanced|28690576|92|16
33.72989|0.0296473|non-instanced|28690576|92|16
32.91953|0.0303771|non-instanced|28690576|92|16
32.60016|0.0306747|non-instanced|28690576|92|16
32.68251|0.0305974|non-instanced|28690576|92|16
32.80183|0.0304861|non-instanced|28331968|92|16
43.89026|0.0227841|non-instanced|28690576|92|16
113.3967|0.008818601|non-instanced|28690576|92|16
110.5254|0.009047697|non-instanced|28690576|92|16
115.5855|0.008651601|non-instanced|28690576|92|16
111.2199|0.008991199|non-instanced|28690576|92|16
111.3164|0.008983404|non-instanced|28690576|92|16
115.4069|0.008664995|non-instanced|28690576|92|16
112.6582|0.008876403|non-instanced|28690576|92|16
114.4767|0.008735402|non-instanced|28690576|92|16
112.6228|0.008879195|non-instanced|28690576|92|16
110.8254|0.0090232|non-instanced|28690576|92|16
115.4707|0.008660204|non-instanced|28690576|92|16
110.3241|0.0090642|non-instanced|28690576|92|16
111.8056|0.008944097|non-instanced|28690576|92|16
114.6618|0.008721301|non-instanced|28690576|92|16
108.9835|0.009175701|non-instanced|28690576|92|16
113.4288|0.0088161|non-instanced|28690576|92|16
116.7515|0.0085652|non-instanced|28690576|92|16
111.9545|0.008932199|non-instanced|28690576|91|16
112.4644|0.008891702|non-instanced|28690576|92|16
115.1185|0.008686699|non-instanced|28690576|92|16
131.0977|0.007627898|non-instanced|28690576|90|16
117.6512|0.008499702|non-instanced|28690576|92|16
118.3713|0.008447994|non-instanced|28331968|92|16
117.9245|0.008480003|non-instanced|28331968|91|16
120.4442|0.008302601|non-instanced|28690576|92|16
119.0618|0.008399|non-instanced|28690576|92|16
119.225|0.0083875|non-instanced|28690576|92|16
117.8189|0.008487599|non-instanced|28331968|92|16
120.6287|0.008289902|non-instanced|28690576|92|16
119.9746|0.008335098|non-instanced|28690576|92|16
121.3209|0.008242602|non-instanced|28331968|91|16
120.0712|0.008328394|non-instanced|28690576|92|16
119.9558|0.008336402|non-instanced|28690576|92|16
121.0669|0.008259899|non-instanced|28331968|91|16
116.9795|0.008548505|non-instanced|28690576|92|16
123.6553|0.008086997|non-instanced|28690576|92|16
120.8562|0.008274298|non-instanced|28690576|92|16
121.0961|0.008257901|non-instanced|28690576|92|16
120.7234|0.008283397|non-instanced|28331968|91|16
119.4514|0.008371606|non-instanced|28690576|92|16
121.5851|0.008224695|non-instanced|28690576|92|16
120.2443|0.008316404|non-instanced|28690575|91|16
119.9732|0.008335197|non-instanced|28690576|92|16
120.2097|0.0083188|non-instanced|28690576|92|16
119.8437|0.008344203|non-instanced|28690576|92|16
120.7701|0.008280194|non-instanced|28690576|92|16
118.1362|0.008464803|non-instanced|28690576|92|16
122.1762|0.0081849|non-instanced|28690576|92|16
120.7948|0.0082785|non-instanced|28690576|92|16
120.5371|0.008296202|non-instanced|28690576|92|16
120.6127|0.008291001|non-instanced|28690576|92|16
121.0508|0.008260998|non-instanced|28690576|92|16
120.4181|0.0083044|non-instanced|28690576|92|16
120.8781|0.008272796|non-instanced|28690576|92|16
120.495|0.0082991|non-instanced|28690576|92|16
120.4326|0.008303401|non-instanced|28690576|92|16
119.3246|0.008380499|non-instanced|28690576|92|16
120.1547|0.008322605|non-instanced|28690576|92|16
121.9081|0.008202898|non-instanced|28690576|92|16
120.9921|0.008265002|non-instanced|28690576|92|16
119.1697|0.008391397|non-instanced|28690576|92|16
121.1152|0.008256604|non-instanced|28690576|92|16
120.7774|0.008279698|non-instanced|28331968|91|16
119.5887|0.008361997|non-instanced|28690576|92|16
120.6025|0.008291702|non-instanced|28690576|92|16
120.3616|0.008308298|non-instanced|28690576|92|16
120.1287|0.008324405|non-instanced|28690576|92|16
121.1064|0.0082572|non-instanced|28690576|92|16
119.9544|0.008336501|non-instanced|28690576|92|16
120.7439|0.008281994|non-instanced|28690576|92|16
118.0163|0.008473406|non-instanced|28690576|92|16
121.0683|0.0082598|non-instanced|28690576|92|16
120.9951|0.008264796|non-instanced|28690576|92|16
121.0873|0.008258504|non-instanced|28690576|92|16
121.0229|0.008262897|non-instanced|28690576|92|16
120.2588|0.008315398|non-instanced|28690576|92|16
120.6651|0.008287401|non-instanced|28690576|92|16
120.3008|0.0083125|non-instanced|28690576|92|16
121.1593|0.0082536|non-instanced|28690576|92|16
120.6637|0.0082875|non-instanced|28690576|92|16
121.0038|0.008264201|non-instanced|28690576|92|16
120.1071|0.0083259|non-instanced|28690576|92|16
120.035|0.008330903|non-instanced|28690576|92|16
120.5531|0.008295096|non-instanced|28690576|92|16
121.5214|0.008229003|non-instanced|28690576|91|16
120.1548|0.008322597|non-instanced|28690576|92|16
121.2283|0.008248902|non-instanced|28690576|92|16
121.0961|0.008257901|non-instanced|28331968|91|16
120.2776|0.008314101|non-instanced|28690576|92|16
119.739|0.008351495|non-instanced|28690576|92|16
119.6559|0.008357299|non-instanced|28690576|92|16
121.3224|0.008242503|non-instanced|28690576|92|16
120.2863|0.008313499|non-instanced|28690576|92|16
120.2125|0.008318601|non-instanced|28690576|92|16
119.4629|0.008370798|non-instanced|28690576|92|16
119.8222|0.008345699|non-instanced|28690576|92|16
120.8605|0.008274001|non-instanced|28690576|92|16
119.4172|0.008374001|non-instanced|28690576|92|16
120.2588|0.008315398|non-instanced|28690576|92|16
121.4726|0.008232306|non-instanced|28690576|92|16
119.4815|0.008369494|non-instanced|28690576|92|16
120.9438|0.008268303|non-instanced|28690576|92|16
119.6545|0.008357398|non-instanced|28331968|92|16
119.2207|0.008387805|non-instanced|28690576|92|16
119.2762|0.0083839|non-instanced|28690576|92|16
119.6788|0.008355698|non-instanced|28690576|92|16
120.6272|0.008290001|non-instanced|28690576|92|16
120.4095|0.008304995|non-instanced|28690576|92|16
119.6487|0.008357801|non-instanced|28690576|92|16
119.2094|0.008388598|non-instanced|28690576|92|16
120.3543|0.008308801|non-instanced|28690576|92|16
120.8328|0.0082759|non-instanced|28690576|92|16
120.6637|0.0082875|non-instanced|28690576|92|16
119.6974|0.0083544|non-instanced|28690576|92|16
117.962|0.008477303|non-instanced|28331968|92|16
118.188|0.008461097|non-instanced|28690576|92|16
120.7409|0.0082822|non-instanced|28690576|92|16
119.3417|0.008379301|non-instanced|28690576|92|16
119.3403|0.008379401|non-instanced|28690576|92|16
119.2506|0.0083857|non-instanced|28690576|92|16
119.9817|0.008334601|non-instanced|28690576|92|16
120.0596|0.008329195|non-instanced|28690576|92|16
119.9127|0.008339399|non-instanced|28690576|92|16
119.5671|0.008363506|non-instanced|28690576|92|16
120.1938|0.008319898|non-instanced|28331968|91|16
119.8911|0.008340902|non-instanced|28690576|92|16
119.1824|0.008390497|non-instanced|28690576|92|16
120.0235|0.008331704|non-instanced|28690576|92|16
119.5501|0.008364697|non-instanced|28690575|91|16
119.46|0.008371003|non-instanced|28690576|92|16
120.3428|0.008309594|non-instanced|28690576|92|16
118.7804|0.008418899|non-instanced|28690576|92|16
119.0094|0.0084027|non-instanced|28690576|92|16
120.1475|0.008323101|non-instanced|28690576|92|16
120.097|0.008326601|non-instanced|28690576|92|16
120.8883|0.008272102|non-instanced|28690576|92|16
118.6043|0.008431399|non-instanced|28690576|92|16
119.9357|0.008337798|non-instanced|28690576|92|16
120.1922|0.008320005|non-instanced|28690576|92|16
121.0419|0.008261601|non-instanced|28690576|92|16
119.6974|0.0083544|non-instanced|28690576|92|16
119.9674|0.008335601|non-instanced|28690576|92|16
120.0452|0.008330194|non-instanced|28690576|92|16
120.1461|0.0083232|non-instanced|28331968|91|16
117.6152|0.008502303|non-instanced|28690576|92|16
119.9573|0.008336303|non-instanced|28690576|92|16
120.0106|0.008332596|non-instanced|28690576|92|16
120.7817|0.008279401|non-instanced|28690576|92|16
120.6811|0.008286302|non-instanced|28690576|92|16
120.0279|0.008331398|non-instanced|28690576|92|16
120.0984|0.008326503|non-instanced|28690576|92|16
119.5715|0.008363195|non-instanced|28690576|92|16
120.0652|0.008328806|non-instanced|28690576|92|16
120.3052|0.008312196|non-instanced|28690576|92|16
120.4819|0.0083|non-instanced|28690576|92|16
119.858|0.008343204|non-instanced|28690576|92|16
119.4016|0.008375099|non-instanced|28690576|92|16
120.6681|0.008287195|non-instanced|28690576|92|16
118.9598|0.0084062|non-instanced|28690576|92|16
119.5371|0.008365604|non-instanced|28690576|92|16
120.2184|0.008318197|non-instanced|28690576|92|16
120.0913|0.008326998|non-instanced|28690576|92|16
119.8796|0.008341702|non-instanced|28690576|92|16
119.673|0.008356101|non-instanced|28690576|92|16
117.4867|0.0085116|non-instanced|28690576|92|16
119.4301|0.008373101|non-instanced|28690576|92|16
120.0668|0.008328699|non-instanced|28690576|92|16
120.5444|0.008295699|non-instanced|28690576|92|16
120.0783|0.008327899|non-instanced|28690576|92|16
117.9342|0.008479301|non-instanced|28690576|92|16
119.0363|0.008400801|non-instanced|27614752|91|16
118.7663|0.008419898|non-instanced|28690576|92|16
119.7375|0.008351602|non-instanced|28690576|92|16
119.2662|0.008384602|non-instanced|28690576|92|16
119.6888|0.008355003|non-instanced|28690576|92|16
120.8095|0.008277494|non-instanced|28690576|92|16
120.1865|0.008320401|non-instanced|28690576|92|16
120.7569|0.008281101|non-instanced|28690576|92|16
120.6011|0.008291801|non-instanced|28690576|92|16
90.72021|0.0110229|non-instanced|28690576|92|16
178.9167|0.005589194|non-instanced|28690576|92|16
120.6883|0.008285807|non-instanced|28331968|91|16
119.6617|0.008356895|non-instanced|28690576|92|16
120.6665|0.008287301|non-instanced|28690576|92|16
118.2983|0.008453203|non-instanced|28690576|92|16
120.4544|0.008301899|non-instanced|28690576|92|16
119.076|0.008397995|non-instanced|28690576|92|16
120.0811|0.008327707|non-instanced|28690576|92|16
118.8214|0.008415993|non-instanced|28690576|92|16
119.7146|0.008353203|non-instanced|28690576|92|16
121.4019|0.008237103|non-instanced|28690576|92|16
119.9444|0.008337195|non-instanced|28690576|92|16
120.1778|0.008321003|non-instanced|28690576|92|16
119.9156|0.008339201|non-instanced|28690576|92|16
79.94503|0.0125086|non-instanced|28690576|92|16
125.5666|0.007963903|non-instanced|28690576|92|16
136.8176|0.007309|non-instanced|28331968|91|16
126.132|0.007928203|non-instanced|28690576|92|16
117.6264|0.008501495|non-instanced|28690576|92|16
117.4412|0.008514903|non-instanced|28690576|92|16
116.0631|0.008616|non-instanced|28331968|92|16
117.1811|0.008533801|non-instanced|28690576|92|16
119.8337|0.008344898|non-instanced|28690576|92|16
116.0241|0.008618899|non-instanced|28690576|92|16
117.291|0.008525801|non-instanced|28690576|92|16
118.0833|0.008468601|non-instanced|28690576|92|16
114.8198|0.008709298|non-instanced|28690576|92|16
117.1399|0.008536799|non-instanced|28690576|92|16
117.1412|0.008536707|non-instanced|28690576|92|16
120.8401|0.008275397|non-instanced|28690576|92|16
118.4877|0.008439696|non-instanced|28690576|92|16
119.8394|0.008344501|non-instanced|28690576|92|16
118.4398|0.008443105|non-instanced|28690576|92|16
88.21847|0.01133549|non-instanced|28690576|92|16
137.4212|0.007276899|non-instanced|28690576|92|16
122.2284|0.008181406|non-instanced|28690576|92|16
117.8051|0.008488598|non-instanced|28690576|92|16
118.8298|0.008415398|non-instanced|28690576|92|16
115.8372|0.008632801|non-instanced|28690576|92|16
115.9326|0.008625701|non-instanced|28690576|92|16
118.6029|0.008431498|non-instanced|28690576|92|16
119.1995|0.0083893|non-instanced|28690576|92|16
119.8782|0.008341801|non-instanced|28690576|92|16
114.9689|0.008698002|non-instanced|28690576|92|16
119.4629|0.008370798|non-instanced|28690576|92|16
119.0887|0.008397101|non-instanced|28690576|92|16
118.3684|0.0084482|non-instanced|28690576|92|16
116.6699|0.008571194|non-instanced|28690576|92|16
118.7959|0.0084178|non-instanced|28690576|92|16
120.2833|0.008313704|non-instanced|28690576|92|16
117.5268|0.008508694|non-instanced|28690576|92|16
117.3089|0.008524504|non-instanced|28690576|92|16
119.6201|0.0083598|non-instanced|28690576|92|16
119.8653|0.008342701|non-instanced|28690576|92|16
118.0526|0.008470798|non-instanced|28331968|91|16
118.6099|0.008431002|non-instanced|28690576|92|16
118.7268|0.008422697|non-instanced|28690576|92|16
118.4273|0.008443998|non-instanced|28690576|92|16
117.9551|0.008477799|non-instanced|28690576|92|16
119.8078|0.008346705|non-instanced|28690576|92|16
119.6044|0.008360898|non-instanced|28690576|92|16
119.3702|0.008377303|non-instanced|28690576|92|16
112.4151|0.008895599|non-instanced|28690576|92|16
118.7169|0.008423398|non-instanced|28690576|92|16
118.1321|0.008465101|non-instanced|28690576|92|16
118.5382|0.008436097|non-instanced|28690576|92|16
118.899|0.008410501|non-instanced|28331968|92|16
117.2072|0.008531902|non-instanced|28690576|92|16
116.7611|0.008564498|non-instanced|28690576|92|16
118.3615|0.008448696|non-instanced|28690576|92|16
117.7094|0.0084955|non-instanced|28690576|92|16
115.7822|0.008636905|non-instanced|28690576|92|16
120.3877|0.008306498|non-instanced|28690576|92|16
116.6357|0.008573703|non-instanced|28690576|92|16
115.4908|0.008658695|non-instanced|28690576|92|16
118.0178|0.008473299|non-instanced|28690576|92|16
50.00002|0.01999999|non-instanced|28690576|92|16
50.00002|0.01999999|non-instanced|1936|12|16
85.74564|0.0116624|non-instanced|28690576|92|16
9.149441|0.1092963|non-instanced|28331968|91|16
9.236689|0.1082639|non-instanced|28690576|92|16
9.134698|0.1094727|non-instanced|28331968|90|16
113.3157|0.008824901|non-instanced|28690576|92|16
112.8758|0.008859297|non-instanced|28690576|92|16
110.0098|0.0090901|non-instanced|28690576|92|16
116.7134|0.008567999|non-instanced|28690576|92|16
110.2584|0.0090696|non-instanced|28690576|92|16
114.8817|0.008704606|non-instanced|28690576|92|16
111.1655|0.008995599|non-instanced|28690576|92|16
112.7841|0.008866496|non-instanced|28690576|92|16
113.1632|0.008836798|non-instanced|28690576|92|16
109.2442|0.009153806|non-instanced|28331968|91|16
115.619|0.0086491|non-instanced|28690576|92|16
111.6795|0.008954195|non-instanced|28690576|92|16
112.7307|0.008870699|non-instanced|28690576|92|16
113.776|0.0087892|non-instanced|28331968|91|16
111.0778|0.0090027|non-instanced|28690576|92|16
114.0471|0.008768303|non-instanced|28690576|92|16
112.8401|0.008862096|non-instanced|28690576|92|16
110.7787|0.009027005|non-instanced|28690576|92|16
112.2561|0.008908199|non-instanced|28331968|91|16
114.0641|0.008766999|non-instanced|27973360|90|16
114.2778|0.008750603|non-instanced|28690576|92|16
116.3494|0.008594799|non-instanced|28690576|92|16
146.9379|0.006805598|non-instanced|28690576|92|16
117.0316|0.008544699|non-instanced|28331968|91|16
115.1172|0.008686799|non-instanced|28690576|92|16
117.8481|0.008485502|non-instanced|28690576|92|16
102.0846|0.009795798|non-instanced|27614752|92|16
86.55985|0.0115527|non-instanced|27614752|92|16
116.9851|0.0085481|non-instanced|28690576|92|16
70.72086|0.0141401|non-instanced|28690576|92|16
134.5135|0.007434198|non-instanced|28690576|92|16
126.9438|0.007877502|non-instanced|28690576|92|16
131.1527|0.007624703|non-instanced|28690576|92|16
140.861|0.007099199|non-instanced|28690576|92|16
113.2311|0.008831498|non-instanced|28690576|92|16
102.8383|0.009724|non-instanced|28690576|92|16
93.29921|0.0107182|non-instanced|28331968|91|16
75.80238|0.0131922|non-instanced|28690576|92|16
161.0488|0.006209297|non-instanced|28690576|92|16
141.5468|0.007064803|non-instanced|28690576|92|16
109.8503|0.009103302|non-instanced|28690576|92|16
125.2787|0.0079822|non-instanced|28690576|92|16
118.0289|0.008472499|non-instanced|28690576|92|16
118.81|0.008416802|non-instanced|28690576|92|16
118.8637|0.008412996|non-instanced|28690576|92|16
119.9947|0.008333702|non-instanced|28690576|92|16
118.3698|0.008448101|non-instanced|28690576|92|16
118.9485|0.008407001|non-instanced|28690576|92|16
117.9315|0.008479499|non-instanced|28690576|92|16
119.3674|0.008377494|non-instanced|27973360|90|16
120.0537|0.008329606|non-instanced|28690576|92|16
120.8913|0.008271896|non-instanced|28690576|92|16
63.95006|0.0156372|non-instanced|28690576|92|16
50.00002|0.01999999|non-instanced|1686|7|1
50.00002|0.01999999|non-instanced|1796668|25|1
12.44685|0.0803416|non-instanced|1438306|29|1
21.79058|0.0458914|non-instanced|1794974|17|1
5.554655|0.1800292|non-instanced|1794974|17|1
62.91486|0.01589449|non-instanced|1794974|17|1
78.92596|0.0126701|non-instanced|1794974|17|1
61.28277|0.0163178|non-instanced|1794974|17|1
62.14074|0.0160925|non-instanced|1794974|17|1
63.40229|0.0157723|non-instanced|1794974|17|1
64.56654|0.0154879|non-instanced|1794974|17|1
63.97749|0.0156305|non-instanced|1794974|17|1
64.68095|0.0154605|non-instanced|1794974|17|1
68.30415|0.0146404|non-instanced|1794974|17|1
65.00047|0.0153845|non-instanced|1794974|17|1
64.01393|0.0156216|non-instanced|1794974|17|1
67.81866|0.0147452|non-instanced|1794974|17|1
33.67559|0.0296951|non-instanced|1794976|18|1
63.172|0.0158298|non-instanced|1794974|17|1
40.80949|0.0245041|non-instanced|1436366|17|1
56.31424|0.0177575|non-instanced|1794974|17|1
49.38026|0.02025101|non-instanced|1436366|16|1
57.1739|0.0174905|non-instanced|1794974|17|1
64.487|0.015507|non-instanced|1794974|16|1
99.97803|0.0100022|non-instanced|1794974|17|1
109.1489|0.009161798|non-instanced|1794974|17|1
102.5925|0.0097473|non-instanced|1794974|17|1
102.2599|0.009779003|non-instanced|1794974|17|1
86.31256|0.0115858|non-instanced|1794974|17|1
87.33241|0.0114505|non-instanced|1794974|17|1
103.4725|0.0096644|non-instanced|1794974|17|1
97.64292|0.0102414|non-instanced|1794974|17|1
92.62687|0.010796|non-instanced|1794974|17|1
104.5763|0.009562394|non-instanced|1794974|17|1
102.2934|0.009775801|non-instanced|1794974|17|1
95.34066|0.0104887|non-instanced|1794974|17|1
99.97003|0.010003|non-instanced|1794974|17|1
98.90803|0.0101104|non-instanced|1794974|17|1
100.1603|0.009984|non-instanced|1794974|17|1
100.044|0.009995599|non-instanced|1794974|17|1
102.7643|0.009731002|non-instanced|1794974|17|1
108.0112|0.009258298|non-instanced|1794974|17|1
64.25498|0.015563|non-instanced|1794974|17|1
59.97792|0.0166728|non-instanced|1436366|17|1
80.90092|0.0123608|non-instanced|1794974|17|1
104.2231|0.009594799|non-instanced|1794974|17|1
101.9379|0.009809899|non-instanced|1794974|17|1
100.9723|0.009903706|non-instanced|1794974|17|1
103.922|0.009622598|non-instanced|1794974|17|1
113.55|0.008806696|non-instanced|1794974|17|1
97.56954|0.0102491|non-instanced|1794974|17|1
94.14333|0.0106221|non-instanced|1794974|17|1
99.50053|0.0100502|non-instanced|1794974|17|1
86.29762|0.01158781|non-instanced|1794974|17|1
107.2421|0.009324695|non-instanced|1794974|17|1
116.5052|0.008583305|non-instanced|1794974|17|1
107.3825|0.0093125|non-instanced|1794974|17|1
96.23069|0.0103917|non-instanced|1794974|17|1
95.74326|0.0104446|non-instanced|1436366|16|1
86.17941|0.0116037|non-instanced|1794974|17|1
103.8162|0.009632405|non-instanced|1794974|17|1
109.8419|0.009103997|non-instanced|1794974|17|1
85.55418|0.0116885|non-instanced|1794976|17|1
108.8755|0.0091848|non-instanced|1794974|17|1
103.4586|0.009665703|non-instanced|1794974|17|1
115.2738|0.008675|non-instanced|1794974|17|1
103.67|0.009645997|non-instanced|1794974|17|1
103.6559|0.0096473|non-instanced|1794974|17|1
104.3896|0.009579499|non-instanced|1794974|17|1
84.89825|0.01177881|non-instanced|1794974|17|1
114.8686|0.008705598|non-instanced|1436366|17|1
86.96107|0.0114994|non-instanced|1794974|17|1
103.4875|0.009663003|non-instanced|1436366|16|1
84.75008|0.0117994|non-instanced|1794974|17|1
106.4135|0.0093973|non-instanced|1794974|17|1
100.3744|0.009962698|non-instanced|1794974|17|1
100.6502|0.009935402|non-instanced|1794974|17|1
102.8764|0.009720401|non-instanced|1794974|17|1
104.0908|0.009607001|non-instanced|1794974|17|1
103.1885|0.009691001|non-instanced|1794974|17|1
103.2195|0.009688095|non-instanced|1794974|17|1
106.0895|0.009426|non-instanced|1436366|16|1
102.121|0.009792305|non-instanced|1794974|17|1
105.2898|0.009497598|non-instanced|1436366|16|1
109.6708|0.009118197|non-instanced|1794974|17|1
109.6888|0.009116702|non-instanced|1794974|17|1
108.0532|0.009254698|non-instanced|1794974|17|1
103.728|0.009640603|non-instanced|1794974|17|1
95.21181|0.0105029|non-instanced|1794974|17|1
95.86989|0.0104308|non-instanced|1794974|16|1
105.0189|0.009522094|non-instanced|1794974|16|1
102.7189|0.009735303|non-instanced|1794974|16|1
61.12096|0.016361|non-instanced|1794974|17|1
101.6632|0.009836402|non-instanced|1794974|17|1
105.6022|0.009469501|non-instanced|1794974|17|1
113.2682|0.0088286|non-instanced|1794974|17|1
112.1089|0.008919898|non-instanced|1794974|17|1
111.8505|0.008940505|non-instanced|1794974|17|1
110.0292|0.009088499|non-instanced|1794974|17|1
106.2136|0.009414994|non-instanced|1794974|17|1
111.3746|0.008978706|non-instanced|1794974|17|1
107.4264|0.009308695|non-instanced|1794974|17|1
108.5599|0.009211501|non-instanced|1794974|17|1
109.5458|0.009128599|non-instanced|1794974|17|1
112.3418|0.008901403|non-instanced|1794974|17|1
109.0834|0.009167298|non-instanced|1794974|17|1
62.72502|0.0159426|non-instanced|1794976|18|1
38.22557|0.0261605|instanced|1794970|17|1
110.6244|0.009039598|instanced|1436362|16|1
97.46496|0.0102601|instanced|1794970|17|1
109.9577|0.009094402|instanced|1794970|17|1
106.9576|0.009349497|instanced|1794970|17|1
111.798|0.008944707|instanced|1794970|17|1
76.31784|0.0131031|instanced|1794970|17|1
106.1638|0.009419402|instanced|1794970|17|1
126.3679|0.007913399|instanced|1794970|17|1
130.7617|0.007647499|instanced|1794970|17|1
124.2221|0.008050099|instanced|1794970|17|1
119.4543|0.008371401|instanced|1794970|17|1
118.5635|0.008434298|instanced|1794970|17|1
121.168|0.008253004|instanced|1794970|17|1
111.1964|0.008993099|instanced|1794970|17|1
98.52802|0.0101494|instanced|1794972|18|1
149.5192|0.006688102|instanced|1794970|17|1
100.7952|0.009921103|instanced|1794970|17|1
137.3118|0.007282696|instanced|1794970|17|1
119.137|0.0083937|instanced|1794970|17|1
115.5428|0.008654804|instanced|1794970|17|1
116.3711|0.008593197|instanced|1794970|17|1
112.9547|0.008853104|instanced|1794970|17|1
117.8732|0.008483695|instanced|1794970|17|1
102.1242|0.009792|instanced|1794970|17|1
131.3232|0.007614803|instanced|1794970|17|1
120.5255|0.008297003|instanced|1794970|16|1
111.489|0.008969494|instanced|1794970|17|1
117.4439|0.008514704|instanced|1794970|17|1
113.7178|0.0087937|instanced|1794970|17|1
125.1079|0.007993098|instanced|1794972|18|1
114.0576|0.008767502|instanced|1794970|17|1
115.4975|0.008658199|instanced|1794970|17|1
116.8975|0.0085545|instanced|1794970|17|1
118.1238|0.008465696|instanced|1794970|17|1
117.6097|0.008502699|instanced|1794970|17|1
118.9286|0.008408404|instanced|1794970|17|1
120.3718|0.008307597|instanced|1794970|17|1
70.24198|0.0142365|instanced|1794970|17|1
87.95538|0.0113694|instanced|1794970|17|1
62.71401|0.0159454|instanced|1794970|17|1
96.8636|0.0103238|instanced|1794970|17|1
104.1385|0.009602601|instanced|1794970|17|1
117.3296|0.008523001|instanced|1794970|17|1
129.3844|0.007728904|instanced|1794970|17|1
103.9112|0.009623597|instanced|1794972|18|1
144.169|0.006936302|instanced|1794970|17|1
119.1086|0.008395699|instanced|1794970|17|1
118.8171|0.008416298|instanced|1794970|17|1
114.1383|0.008761303|instanced|1794970|17|1
60.67556|0.0164811|instanced|1794970|17|1
118.5059|0.0084384|instanced|1794970|17|1
114.0394|0.008768898|instanced|1794970|17|1
128.3631|0.007790398|instanced|1794972|17|1
116.3251|0.008596599|instanced|1794970|17|1
113.2926|0.008826701|instanced|1794970|17|1
114.6487|0.0087223|instanced|1794970|17|1
69.19506|0.0144519|instanced|1794970|17|1
114.3302|0.008746599|instanced|1436362|17|1
93.51033|0.01069401|instanced|1794972|18|1
101.6354|0.009839094|instanced|1794970|17|1
100.9214|0.009908702|instanced|1794970|17|1
131.1527|0.007624703|instanced|1794970|17|1
114.1305|0.008761898|instanced|1794970|17|1
135.1442|0.007399504|instanced|1794970|17|1
128.1641|0.007802494|instanced|1794970|17|1
121.0126|0.008263606|instanced|1794970|17|1
118.4204|0.008444494|instanced|1794970|17|1
120.4732|0.008300602|instanced|1794970|17|1
118.7|0.008424603|instanced|1794970|17|1
119.0462|0.008400099|instanced|1794970|17|1
119.1044|0.008395996|instanced|1794970|17|1
121.7685|0.008212302|instanced|1794970|17|1
116.8279|0.008559601|instanced|1794970|17|1
126.2674|0.0079197|instanced|1794970|17|1
110.5204|0.009048101|instanced|1794972|18|1
132.6823|0.007536798|instanced|1794970|17|1
112.5201|0.008887301|instanced|1794970|17|1
125.3761|0.007975999|instanced|1794970|17|1
123.5407|0.008094501|instanced|1794970|17|1
117.1083|0.008539101|instanced|1794970|17|1
112.5024|0.008888697|instanced|1794970|17|1
120.1851|0.0083205|instanced|1794970|16|1
127.9165|0.007817602|instanced|1794970|17|1
119.9257|0.008338499|instanced|1794970|17|1
120.4849|0.008299794|instanced|1794970|17|1
119.5086|0.008367602|instanced|1794970|17|1
121.4786|0.008231902|instanced|1794970|17|1
118.0833|0.008468601|instanced|1794970|17|1
85.80674|0.0116541|instanced|1794972|18|1
102.9983|0.0097089|instanced|1794970|17|1
131.163|0.0076241|instanced|1794970|17|1
103.7043|0.0096428|instanced|1794970|17|1
84.54588|0.0118279|instanced|1794970|17|1
125.1298|0.007991702|instanced|1794970|17|1
122.0896|0.008190703|instanced|1436362|16|1
116.5244|0.008581894|instanced|1794970|17|1
124.2497|0.008048306|instanced|1794970|17|1
119.6416|0.008358298|instanced|1794970|17|1
119.4358|0.008372697|instanced|1794970|17|1
120.7467|0.008281803|instanced|1794970|17|1
118.9697|0.008405499|instanced|1794970|17|1
118.0944|0.008467801|instanced|1794970|17|1
123.2452|0.008113903|instanced|1794970|17|1
96.48788|0.010364|instanced|1794970|17|1
76.23171|0.0131179|instanced|1794970|17|1
71.7355|0.0139401|instanced|1436362|17|1
67.83477|0.0147417|instanced|1794970|17|1
92.98347|0.0107546|instanced|1794970|17|1
97.94225|0.0102101|instanced|1794970|17|1
88.31503|0.0113231|instanced|1436362|17|1
78.15429|0.0127952|instanced|1794970|17|1
93.49987|0.0106952|instanced|1794970|17|1
91.55414|0.0109225|instanced|1794970|17|1
95.75242|0.0104436|instanced|1794970|17|1
94.44298|0.0105884|instanced|1794970|17|1
97.84549|0.0102202|instanced|1794970|17|1
88.02505|0.0113604|instanced|1794970|17|1
96.12706|0.0104029|instanced|1794970|17|1
93.91521|0.0106479|instanced|1794970|17|1
66.01141|0.01514889|instanced|1436362|16|1
65.93739|0.0151659|instanced|1794970|17|1
102.1346|0.009791001|instanced|1794970|17|1
101.8029|0.009822902|instanced|1794970|17|1
90.87525|0.0110041|instanced|1794970|17|1
81.58135|0.0122577|instanced|1794970|17|1
92.80138|0.0107757|instanced|1794970|17|1
98.1335|0.0101902|instanced|1794970|17|1
92.65096|0.0107932|instanced|1794970|17|1
94.71491|0.010558|instanced|1794970|17|1
84.3896|0.0118498|instanced|1794970|16|1
89.2682|0.0112022|instanced|1436362|16|1
76.09943|0.0131407|instanced|1794970|17|1
80.71218|0.0123897|instanced|1794970|17|1
81.55877|0.0122611|instanced|1794970|17|1
66.49731|0.0150382|instanced|1794970|17|1
86.34985|0.0115808|instanced|1794970|17|1
98.56194|0.0101459|instanced|1794970|16|1
79.21108|0.0126245|instanced|1794970|17|1
60.63986|0.0164908|instanced|1794970|17|1
98.76447|0.0101251|instanced|1794970|17|1
88.14998|0.0113443|instanced|1794970|17|1
94.3361|0.0106004|instanced|1794970|17|1
98.54549|0.0101476|instanced|1794970|17|1
116.5745|0.008578203|instanced|1794970|17|1
91.89911|0.0108815|instanced|1794970|17|1
104.0291|0.009612698|instanced|1794970|17|1
101.2135|0.009880102|instanced|1794970|17|1
88.13759|0.0113459|instanced|1794970|17|1
100.6897|0.009931505|instanced|1794972|18|1
106.8662|0.009357497|instanced|1794970|17|1
114.012|0.008771003|instanced|1794970|17|1
109.1465|0.009161997|instanced|1794970|17|1
99.35124|0.0100653|instanced|1794970|17|1
86.14748|0.011608|instanced|1794970|17|1
87.61555|0.0114135|instanced|1794970|17|1
102.8362|0.009724199|instanced|1794970|17|1
114.8435|0.008707504|instanced|1794970|17|1
109.5878|0.0091251|instanced|1794970|17|1
115.7931|0.008636096|instanced|1794970|17|1
142.0273|0.007040902|instanced|1794970|17|1
143.0594|0.006990101|instanced|1794970|16|1
109.965|0.0090938|instanced|1794970|17|1
130.6745|0.007652601|instanced|1436362|17|1
104.3112|0.009586699|instanced|1436362|17|1
110.3509|0.009062004|instanced|1794970|17|1
106.1594|0.009419799|instanced|1794970|17|1
135.4537|0.007382596|instanced|1794970|17|1
144.2272|0.006933503|instanced|1794970|17|1
146.295|0.006835502|instanced|1794970|17|1
141.0836|0.007087996|instanced|1794970|17|1
148.3921|0.006738903|instanced|1794970|17|1
120.2227|0.0083179|instanced|1794970|17|1
122.507|0.008162797|instanced|1794970|17|1
121.146|0.0082545|instanced|1794970|17|1
117.3241|0.008523398|instanced|1794970|17|1
120.2038|0.008319204|instanced|1794970|17|1
118.6296|0.008429599|instanced|1794970|17|1
116.9796|0.008548498|instanced|1794970|17|1
124.4353|0.008036302|instanced|1794970|17|1
120.8139|0.008277196|instanced|1794972|18|1
114.9372|0.008700404|instanced|1794970|17|1
112.6291|0.008878699|instanced|1794970|17|1
127.6487|0.007834|instanced|1794970|17|1
121.2092|0.008250198|instanced|1794970|17|1
102.9675|0.009711806|instanced|1794970|17|1
139.055|0.007191397|instanced|1794970|17|1
131.94|0.007579202|instanced|1794970|17|1
115.9178|0.0086268|instanced|1794970|17|1
114.4309|0.008738896|instanced|1794970|17|1
110.5351|0.009046903|instanced|1794970|17|1
112.6596|0.008876297|instanced|1794970|17|1
117.1371|0.008537004|instanced|1794970|17|1
113.6752|0.008796996|instanced|1794970|17|1
117.048|0.008543502|instanced|1794970|17|1
75.24566|0.0132898|instanced|1794970|17|1
66.48672|0.0150406|instanced|1794970|17|1
137.0426|0.007297003|instanced|1794970|17|1
137.5971|0.007267595|instanced|1794970|17|1
162.0692|0.006170203|instanced|1794970|17|1
122.423|0.008168403|instanced|1794970|17|1
135.5805|0.007375694|instanced|1794970|17|1
120.3254|0.008310799|instanced|1794970|17|1
115.3097|0.0086723|instanced|1794970|17|1
120.4383|0.008303004|instanced|1794970|17|1
115.6323|0.008648101|instanced|1794970|17|1
116.8102|0.008560899|instanced|1794970|17|1
108.7914|0.0091919|instanced|1794970|17|1
116.9837|0.0085482|instanced|1794970|17|1
113.2285|0.008831697|instanced|1794970|17|1
113.149|0.008837904|instanced|1794972|18|1
111.9608|0.008931696|instanced|1794970|17|1
116.7256|0.008567099|instanced|1794970|17|1
113.2784|0.008827806|instanced|1794970|17|1
114.3825|0.008742595|instanced|1794970|17|1
110.8488|0.009021301|instanced|1794970|17|1
113.1619|0.008836898|instanced|1794970|17|1
112.0486|0.008924702|instanced|1794970|17|1
113.6454|0.008799299|instanced|1794970|17|1
113.2952|0.008826503|instanced|1794970|17|1
103.0758|0.009701601|instanced|1794970|17|1
90.69968|0.0110254|instanced|7174090|17|4
118.9513|0.008406803|instanced|7174090|17|4
123.1148|0.008122498|instanced|7174090|17|4
118.4806|0.0084402|instanced|7174090|17|4
125.1157|0.007992602|instanced|7174092|18|4
118.1782|0.008461799|instanced|7174090|17|4
116.2034|0.008605598|instanced|7174090|17|4
123.7118|0.008083305|instanced|7174090|17|4
115.3669|0.008667999|instanced|7174090|17|4
85.79198|0.0116561|instanced|7174090|16|4
157.0377|0.006367899|instanced|7174090|16|4
119.6674|0.008356498|instanced|7174090|17|4
117.28|0.008526602|instanced|7174090|17|4
112.9344|0.008854698|instanced|7174090|17|4
69.64806|0.0143579|instanced|7174090|17|4
119.6573|0.0083572|instanced|7174090|17|4
107.149|0.009332802|instanced|7174090|17|4
135.6632|0.007371195|instanced|7174090|17|4
123.2073|0.008116405|instanced|7174090|17|4
116.8975|0.0085545|instanced|7174092|18|4
100.016|0.009998399|instanced|7174090|17|9
67.94124|0.0147186|instanced|16139290|17|9
119.2791|0.008383702|instanced|16139290|17|9
117.3957|0.008518198|instanced|16139290|17|9
113.353|0.008822002|instanced|16139290|17|9
128.0624|0.007808695|instanced|16139290|17|9
120.7583|0.008281002|instanced|16139290|17|9
122.2539|0.008179698|instanced|16139290|17|9
118.2228|0.008458602|instanced|16139290|17|9
113.679|0.008796697|instanced|16139290|17|9
77.96724|0.0128259|instanced|16139290|17|9
85.54759|0.0116894|instanced|16139290|17|9
56.40793|0.017728|instanced|16139290|17|9
94.12122|0.0106246|instanced|16139292|18|9
91.42857|0.0109375|instanced|28690572|17|16
81.0287|0.01234131|instanced|28690572|17|16
87.07542|0.0114843|instanced|28690572|17|16
96.24361|0.0103903|instanced|28690572|17|16
99.82527|0.0100175|instanced|28690572|17|16
91.9194|0.0108791|instanced|28690572|17|16
97.13737|0.0102947|instanced|28690572|17|16
90.26492|0.0110785|instanced|22952844|16|16
96.56798|0.0103554|instanced|28690572|17|16
89.60734|0.0111598|instanced|28690572|17|16
100.017|0.009998299|instanced|28690572|17|16
85.89219|0.0116425|instanced|28690572|16|16
95.10767|0.0105144|instanced|28690572|17|16
92.46246|0.0108152|instanced|28690572|17|16
83.85674|0.0119251|instanced|28690572|17|25
48.64853|0.0205556|instanced|44827934|18|25
61.92219|0.0161493|instanced|44827932|17|25
63.84801|0.0156622|instanced|44827932|17|25
64.7224|0.0154506|instanced|44827932|17|25
60.86353|0.0164302|instanced|44827932|17|25
59.38067|0.0168405|instanced|44827932|17|25
57.69773|0.0173317|instanced|44827932|17|25
61.84827|0.0161686|instanced|44827932|17|25
57.94181|0.01725869|instanced|44827932|17|25
56.41048|0.0177272|instanced|44827932|17|25
57.66847|0.0173405|instanced|44827932|17|25
57.4749|0.0173989|instanced|44827932|17|25
56.09594|0.0178266|instanced|44827932|17|25
55.26908|0.0180933|instanced|35862732|17|36
38.39508|0.026045|instanced|64551372|17|36
34.20102|0.0292389|instanced|64551374|18|36
36.14936|0.027663|instanced|64551372|17|36
32.73269|0.0305505|instanced|64551372|17|36
37.87462|0.02640291|instanced|64551372|17|36
31.9023|0.0313457|instanced|64551372|17|36
33.19678|0.0301234|instanced|64551372|17|36
34.34738|0.0291143|instanced|64551372|17|36
31.884|0.0313637|instanced|64551372|16|49
24.248|0.04124051|instanced|87860892|17|49
25.32268|0.0394903|instanced|87860892|17|49
24.32161|0.0411157|instanced|87860892|17|49
23.07454|0.0433378|instanced|87860892|17|49
24.66663|0.0405406|instanced|87860892|17|49
26.27306|0.0380618|instanced|87860892|16|64
20.36121|0.049113|instanced|114756492|17|64
17.01224|0.0587812|instanced|114756494|18|64
21.72086|0.0460387|instanced|114756492|17|64
22.36231|0.04471811|instanced|114756492|17|81
17.35879|0.0576077|instanced|145238172|17|81
20.44254|0.0489176|instanced|145238172|17|81
19.94742|0.05013179|instanced|145238172|17|81
20.34402|0.04915451|instanced|145238172|17|81
19.74303|0.05065079|instanced|145238172|17|81
20.01421|0.04996451|instanced|145238172|17|81
19.82106|0.05045139|instanced|145238172|17|81
19.93136|0.0501722|instanced|145238172|17|81
19.34254|0.0516995|instanced|145238172|17|81
19.55883|0.0511278|instanced|145238172|17|81
18.38185|0.05440149|instanced|145238172|17|81
18.62888|0.0536801|instanced|145238172|17|81
16.14528|0.0619376|instanced|145238174|18|81
18.51053|0.0540233|instanced|145238172|17|81
18.18853|0.0549797|instanced|145238172|17|81
18.3163|0.05459619|instanced|145238172|17|100
16.3353|0.0612171|instanced|179305938|17|100
16.68881|0.0599204|instanced|179305938|17|100
18.32277|0.0545769|instanced|179305938|17|100
18.86283|0.0530143|instanced|179305938|16|100
17.91993|0.05580381|instanced|179305938|17|100
19.05259|0.0524863|instanced|179305938|17|100
19.3067|0.0517955|instanced|143445138|17|100
18.88146|0.05296201|instanced|179305938|17|100
19.69799|0.05076659|instanced|179305938|17|100
19.26433|0.0519094|instanced|179305938|17|100
18.73561|0.0533743|instanced|179305938|16|100
17.96487|0.0556642|instanced|179305940|18|100
18.814|0.0531519|instanced|179305938|17|100
19.18075|0.0521356|instanced|179305938|17|100
17.86218|0.0559842|instanced|179305938|17|100
19.02946|0.0525501|instanced|179305938|17|100
19.09534|0.0523688|instanced|179305938|17|100
19.17696|0.05214591|instanced|179305938|17|100
18.83002|0.0531067|instanced|143445138|16|100
18.60631|0.0537452|instanced|179305938|16|100
18.78792|0.0532257|instanced|179305938|17|100
18.46797|0.05414779|instanced|179305938|17|100
19.50253|0.0512754|instanced|179305938|17|100
18.38178|0.0544017|instanced|179305938|17|100
17.22846|0.05804349|instanced|179305938|17|100
18.71194|0.0534418|instanced|179305938|17|100
17.81639|0.0561281|instanced|179305940|18|100
18.44311|0.0542208|instanced|179305938|17|100
18.83342|0.0530971|instanced|179305938|17|100
18.70113|0.0534727|instanced|179305938|17|100
18.8758|0.0529779|instanced|179305938|17|100
16.25401|0.0615233|instanced|179305938|17|100
19.57675|0.051081|instanced|179305938|17|100
19.05451|0.052481|instanced|179305938|17|100
17.78233|0.0562356|instanced|179305938|17|100
18.67079|0.0535596|instanced|179305938|17|100
18.10735|0.0552262|instanced|179305938|17|100
18.48518|0.0540974|instanced|179305938|17|100
18.78771|0.0532263|instanced|179305938|17|100
19.00512|0.0526174|instanced|179305938|17|100
18.72656|0.0534001|instanced|179305938|17|100
18.0931|0.0552697|instanced|179305940|18|100
18.62017|0.0537052|instanced|179305938|17|100
18.57158|0.0538457|instanced|179305938|17|100
17.93587|0.0557542|instanced|179305938|17|100
3|0.3333333|instanced|179305938|17|100
26.9324|0.03712999|instanced|179305938|17|100
44.90668|0.0222684|instanced|179305938|17|100
18.92907|0.0528288|instanced|143445138|17|100
18.72936|0.0533921|instanced|179305938|17|100
19.1437|0.0522365|instanced|179305938|17|100
18.63558|0.0536608|instanced|179305938|17|100
18.84229|0.0530721|instanced|179305938|17|100
18.72032|0.0534179|instanced|179305938|17|100
18.64656|0.0536292|instanced|179305938|17|100
19.29351|0.0518309|instanced|179305938|17|100
18.79844|0.0531959|instanced|179305940|18|100
18.55966|0.0538803|instanced|179305938|17|100
18.15696|0.0550753|instanced|179305938|17|100
18.43287|0.0542509|instanced|179305938|17|100
18.26824|0.0547398|instanced|179305938|17|100
18.76641|0.0532867|instanced|179305938|17|100
18.54785|0.0539146|instanced|179305938|17|100
3|0.3333333|instanced|179305938|17|100
56.96577|0.0175544|instanced|179305938|17|100
22.73621|0.0439827|instanced|179305938|17|100
17.20279|0.0581301|instanced|179305938|17|100
18.71888|0.053422|instanced|179305938|17|100
19.15735|0.0521993|instanced|179305938|17|100
19.32614|0.0517434|instanced|179305938|17|100
18.43539|0.0542435|instanced|179305938|17|100
11.0655|0.090371|instanced|143445140|18|100
11.16949|0.0895296|instanced|179305938|17|100
19.63475|0.0509301|instanced|179305938|17|100
18.96831|0.0527195|instanced|179305938|17|100
11.88278|0.0841554|instanced|179305938|17|100
19.10869|0.0523322|instanced|179305938|17|100
19.07971|0.0524117|instanced|179305938|17|100
19.16877|0.0521682|instanced|179305938|17|100
19.41782|0.0514991|instanced|179305938|17|100
11.56515|0.0864667|instanced|179305938|17|100
19.31188|0.05178161|instanced|179305938|17|100
18.59096|0.0537896|instanced|179305938|17|100
18.44841|0.0542052|instanced|179305938|17|100
10.72164|0.0932693|instanced|179305938|17|100
19.89005|0.0502764|instanced|179305938|17|100
9.745459|0.1026119|instanced|179305940|18|100
18.43797|0.0542359|instanced|143445138|16|100
18.30838|0.0546198|instanced|179305938|17|100
18.81854|0.05313909|instanced|179305938|17|100
10.08853|0.09912251|instanced|179305938|16|100
9.013817|0.1109408|instanced|179305938|17|100
8.741419|0.1143979|instanced|179305938|17|100
8.390874|0.1191771|instanced|179305938|17|100
8.52416|0.1173136|instanced|179305938|17|100
7.971303|0.12545|instanced|179305938|17|100
7.432551|0.1345433|instanced|179305938|17|100
6.857901|0.1458172|instanced|179305938|17|100
7.067213|0.1414985|instanced|179305938|17|100
17.712|0.0564589|instanced|179305938|17|100
7.750713|0.1290204|instanced|179305938|17|100
5.728824|0.1745559|instanced|179305940|18|100
12.00608|0.0832911|instanced|179305938|17|100
11.7316|0.0852399|instanced|179305938|17|100
5.862593|0.170573|instanced|179305938|17|100
11.81758|0.0846197|instanced|179305938|17|100
7.714836|0.1296204|instanced|179305938|17|100
15.30988|0.0653173|instanced|179305938|17|100
19.14836|0.05222379|instanced|179305938|17|100
18.4196|0.05429|instanced|179305938|17|100
18.52463|0.0539822|instanced|179305938|17|100
17.20593|0.0581195|instanced|179305938|17|100
19.01697|0.0525846|instanced|179305938|17|100
18.47203|0.0541359|instanced|179305938|17|100
18.35738|0.054474|instanced|179305938|17|100
18.98257|0.0526799|instanced|179305938|17|100
18.26861|0.0547387|instanced|179305940|18|100
50.00002|0.01999999|non-instanced|1686|7|1
50.00002|0.01999999|non-instanced|1794980|17|1
22.6|0.04424779|non-instanced|1794974|17|1
71.3104|0.0140232|non-instanced|1794974|17|1
8.161885|0.1225207|non-instanced|1794974|17|1
225.8509|0.0044277|non-instanced|1794974|17|1
63.90268|0.0156488|non-instanced|1794974|17|1
64.45914|0.01551371|non-instanced|1794974|17|1
63.88431|0.0156533|non-instanced|1794974|17|1
62.26261|0.016061|non-instanced|1794974|17|1
63.07837|0.0158533|non-instanced|1794974|17|1
67.98003|0.0147102|non-instanced|1794974|17|1
71.48987|0.013988|non-instanced|1794974|17|1
71.12172|0.0140604|non-instanced|1794974|17|1
67.42678|0.0148309|non-instanced|1794974|17|1
71.74683|0.0139379|non-instanced|1794974|17|1
71.60555|0.0139654|non-instanced|1794974|17|1
71.29512|0.01402621|non-instanced|1436366|16|1
70.7539|0.0141335|non-instanced|1794974|17|1
73.43436|0.0136176|non-instanced|1794974|17|1
70.44736|0.014195|non-instanced|1794974|17|1
74.24731|0.0134685|non-instanced|1794974|17|1
72.48636|0.0137957|non-instanced|1794974|17|1
74.52841|0.0134177|non-instanced|1794974|17|1
71.67687|0.0139515|non-instanced|1794974|17|1
105.1248|0.0095125|non-instanced|1436366|16|1
177.054|0.005647995|non-instanced|1436366|16|1
125.513|0.007967304|non-instanced|1794974|16|1
168.8363|0.005922895|non-instanced|1794974|16|1
19.61057|0.0509929|non-instanced|1436366|16|1
135.1351|0.0074|non-instanced|1436366|16|1
139.8445|0.007150801|non-instanced|1436366|16|1
162.6676|0.006147506|non-instanced|1794974|17|1
165.0547|0.006058596|non-instanced|1794974|17|1
168.7849|0.005924702|non-instanced|1794974|17|1
173.7077|0.005756795|non-instanced|1436366|16|1
157.2548|0.006359106|non-instanced|1794974|17|1
118.7226|0.008422995|non-instanced|1794974|17|1
119.6816|0.008355506|non-instanced|1794974|17|1
119.9458|0.008337096|non-instanced|1794974|17|1
119.8178|0.008346003|non-instanced|1794974|17|1
119.3803|0.008376595|non-instanced|1794974|17|1
119.6658|0.008356605|non-instanced|1794974|17|1
119.6573|0.0083572|non-instanced|1794974|17|1
119.5915|0.008361799|non-instanced|1794974|17|1
119.6573|0.0083572|non-instanced|1436366|16|1
119.3189|0.008380903|non-instanced|1794974|16|1
119.9602|0.008336097|non-instanced|1794974|17|1
120.1129|0.008325503|non-instanced|1794974|17|1
119.8121|0.0083464|non-instanced|1794974|17|1
119.706|0.008353799|non-instanced|1794974|17|1
119.5415|0.008365299|non-instanced|1794974|17|1
119.5586|0.008364102|non-instanced|1436366|16|1
119.0547|0.008399497|non-instanced|1794974|17|1
119.881|0.008341603|non-instanced|1436366|16|1
119.8725|0.008342198|non-instanced|1794974|17|1
119.2364|0.008386699|non-instanced|1794974|17|1
119.3816|0.008376502|non-instanced|1436366|16|1
119.4728|0.008370103|non-instanced|1794974|17|1
119.9804|0.008334693|non-instanced|1794974|17|1
119.0915|0.008396903|non-instanced|1794974|17|1
119.4501|0.008371698|non-instanced|1794974|17|1
119.3802|0.008376601|non-instanced|1794974|17|1
119.6129|0.008360303|non-instanced|1794974|17|1
119.6802|0.008355598|non-instanced|1794974|17|1
119.8265|0.008345401|non-instanced|1794974|17|1
120.1952|0.008319799|non-instanced|1794974|17|1
119.9271|0.0083384|non-instanced|1794974|17|1
119.7562|0.008350298|non-instanced|1794974|17|1
119.7045|0.008353905|non-instanced|1794974|17|1
120.1808|0.008320798|non-instanced|1794974|17|1
119.749|0.008350801|non-instanced|1794974|17|1
119.2436|0.008386197|non-instanced|1794974|17|1
119.1923|0.008389803|non-instanced|1436366|16|1
119.8438|0.008344197|non-instanced|1794974|17|1
119.673|0.008356101|non-instanced|1794974|17|1
118.707|0.0084241|non-instanced|1794974|17|1
119.6946|0.008354599|non-instanced|1794974|17|1
119.1653|0.008391703|non-instanced|1794974|17|1
119.8552|0.008343403|non-instanced|1794974|17|1
116.8197|0.008560197|non-instanced|1794974|16|1
119.9775|0.008334899|non-instanced|1436366|16|1
119.5057|0.0083678|non-instanced|1794974|17|1
119.4915|0.008368799|non-instanced|1436366|16|1
120.2646|0.008315002|non-instanced|1794974|17|1
119.3517|0.0083786|non-instanced|1794974|17|1
119.772|0.008349199|non-instanced|1794974|17|1
118.5887|0.008432504|non-instanced|1794974|17|1
117.0701|0.008541893|non-instanced|1794974|17|1
117.6691|0.008498406|non-instanced|1794974|17|1
117.0193|0.0085456|non-instanced|1794974|17|1
117.5393|0.008507795|non-instanced|1794974|17|1
78.33733|0.01276531|non-instanced|1794974|17|1
142.3447|0.007025199|non-instanced|1794974|17|1
142.7736|0.007004096|non-instanced|1794974|17|4
118.0554|0.0084706|non-instanced|1794974|17|4
102.0387|0.009800206|non-instanced|7174094|32|4
118.7113|0.008423795|non-instanced|7174094|32|4
117.7829|0.0084902|non-instanced|7174094|32|4
120.5312|0.008296606|non-instanced|7174094|32|4
115.3057|0.008672598|non-instanced|7174094|32|4
117.3572|0.008520996|non-instanced|7174094|32|4
118.6887|0.008425404|non-instanced|7174094|32|4
118.7663|0.008419898|non-instanced|7174094|32|4
108.7098|0.009198803|non-instanced|7174094|32|4
109.3649|0.009143701|non-instanced|7174094|32|4
117.0207|0.0085455|non-instanced|7174094|32|4
116.7529|0.008565101|non-instanced|7174094|32|4
116.2927|0.008598994|non-instanced|7174094|32|4
116.3575|0.008594204|non-instanced|7174094|32|4
117.1536|0.0085358|non-instanced|7174094|32|4
117.6788|0.008497704|non-instanced|7174094|32|9
117.8912|0.008482398|non-instanced|16139294|57|9
101.4281|0.009859198|non-instanced|16139294|57|9
107.446|0.009307001|non-instanced|16139294|57|9
119.8897|0.008341|non-instanced|16139294|57|9
116.888|0.008555201|non-instanced|16139294|57|9
119.6946|0.008354599|non-instanced|16139294|57|9
118.669|0.008426799|non-instanced|16139294|57|9
118.1112|0.008466596|non-instanced|16139294|57|9
118.047|0.008471202|non-instanced|16139294|57|9
116.4903|0.008584403|non-instanced|16139294|57|9
117.9315|0.008479499|non-instanced|16139294|57|9
118.991|0.008403997|non-instanced|16139294|57|9
119.2492|0.008385799|non-instanced|16139294|57|9
100.3955|0.009960601|non-instanced|16139294|57|9
117.7384|0.008493403|non-instanced|16139294|57|9
117.6124|0.008502501|non-instanced|16139294|57|9
119.5587|0.008364094|non-instanced|16139294|57|9
119.9429|0.008337301|non-instanced|16139294|57|9
118.167|0.008462599|non-instanced|16139294|57|9
117.2072|0.008531902|non-instanced|16139294|57|9
119.1781|0.008390802|non-instanced|16139294|57|9
120.4617|0.008301396|non-instanced|16139294|57|9
117.5737|0.008505301|non-instanced|16139294|57|9
117.647|0.0085|non-instanced|16139294|57|9
116.371|0.008593204|non-instanced|16139294|57|9
116.7816|0.008562996|non-instanced|16139294|57|9
117.5267|0.008508702|non-instanced|16139294|57|9
119.272|0.008384198|non-instanced|16139294|57|9
118.0609|0.008470203|non-instanced|16139294|57|9
118.6114|0.008430895|non-instanced|16139294|57|9
116.7052|0.008568601|non-instanced|16139294|57|9
118.8891|0.008411204|non-instanced|16139294|57|9
118.4877|0.008439696|non-instanced|16139294|57|9
116.6466|0.008572903|non-instanced|16139294|57|9
118.1642|0.008462798|non-instanced|16139294|57|9
117.1275|0.008537705|non-instanced|15780686|56|16
114.8634|0.008705995|non-instanced|15780686|56|16
112.5379|0.008885899|non-instanced|28690576|91|16
119.5657|0.008363605|non-instanced|28690576|92|16
119.9631|0.008335899|non-instanced|28690576|92|16
117.6443|0.008500199|non-instanced|28690576|92|16
117.5792|0.008504904|non-instanced|28690576|92|16
117.2444|0.008529195|non-instanced|28690576|92|16
116.8006|0.0085616|non-instanced|28690576|92|16
117.4591|0.008513605|non-instanced|28690576|92|16
117.0591|0.008542694|non-instanced|28331968|92|16
117.3021|0.008525|non-instanced|28690576|92|16
117.0891|0.008540505|non-instanced|28690576|92|16
117.2897|0.0085259|non-instanced|28690576|92|16
118.3628|0.008448597|non-instanced|28690576|92|16
119.2933|0.008382702|non-instanced|28690576|92|16
119.1527|0.008392595|non-instanced|28331968|91|16
117.7939|0.008489406|non-instanced|28690576|92|16
118.8044|0.008417198|non-instanced|28690576|92|16
119.1668|0.008391595|non-instanced|28690576|92|16
118.6085|0.008431101|non-instanced|28690576|92|16
116.3941|0.008591504|non-instanced|28690576|92|16
100.314|0.009968701|non-instanced|28690576|92|16
118.2117|0.008459397|non-instanced|28690576|92|16
120.2154|0.008318403|non-instanced|28690576|92|16
119.3916|0.008375801|non-instanced|28690576|92|16
117.6513|0.008499695|non-instanced|28690576|92|16
117.6775|0.008497803|non-instanced|28331968|92|16
117.8814|0.0084831|non-instanced|28690576|92|16
117.495|0.008510998|non-instanced|28690576|92|16
117.944|0.0084786|non-instanced|28690576|92|16
118.5466|0.008435502|non-instanced|28690576|92|25
117.3543|0.008521202|non-instanced|28690576|92|25
85.97491|0.0116313|non-instanced|44827936|137|25
92.45908|0.0108156|non-instanced|44469328|136|25
91.03154|0.0109852|non-instanced|44827936|137|25
91.29005|0.0109541|non-instanced|44827936|137|25
92.48979|0.010812|non-instanced|44827936|137|25
90.24132|0.0110814|non-instanced|44827936|136|25
92.32756|0.010831|non-instanced|44827936|137|25
92.56259|0.0108035|non-instanced|44827936|137|25
93.47454|0.0106981|non-instanced|44827936|137|25
94.02121|0.0106359|non-instanced|44469328|137|25
92.23734|0.0108416|non-instanced|44827936|137|25
89.94258|0.0111182|non-instanced|44827936|137|25
93.59965|0.0106838|non-instanced|44827936|137|25
91.06561|0.01098109|non-instanced|44827936|137|25
91.7911|0.0108943|non-instanced|44827936|137|25
93.2627|0.0107224|non-instanced|44827936|137|25
92.04879|0.0108638|non-instanced|44827936|136|25
91.20427|0.0109644|non-instanced|44827936|137|25
93.72778|0.0106692|non-instanced|44827936|137|25
90.55018|0.0110436|non-instanced|44827936|137|25
92.51635|0.0108089|non-instanced|44827935|137|25
92.54632|0.0108054|non-instanced|44827936|137|25
92.57631|0.0108019|non-instanced|44827936|137|25
90.15507|0.011092|non-instanced|44827936|137|25
94.23114|0.0106122|non-instanced|44827936|137|25
91.63636|0.0109127|non-instanced|44827936|137|25
90.91817|0.0109989|non-instanced|44827936|137|25
92.81432|0.0107742|non-instanced|44827936|137|25
91.92695|0.0108782|non-instanced|44827936|137|25
93.19754|0.0107299|non-instanced|44827936|137|25
91.89995|0.0108814|non-instanced|44827936|137|25
91.64725|0.0109114|non-instanced|44827936|137|25
92.51974|0.0108085|non-instanced|44827936|137|25
90.92567|0.01099799|non-instanced|44827936|137|25
91.49799|0.0109292|non-instanced|44827936|137|25
91.20427|0.0109644|non-instanced|44827936|137|25
90.86367|0.0110055|non-instanced|44469328|136|25
90.54442|0.0110443|non-instanced|44469328|137|25
93.88172|0.0106517|non-instanced|44827936|137|25
91.57595|0.0109199|non-instanced|44827936|137|25
92.1795|0.0108484|non-instanced|44827936|137|25
91.35589|0.0109462|non-instanced|44827936|137|25
91.63131|0.0109133|non-instanced|44827936|137|25
95.98309|0.0104185|non-instanced|44827936|137|25
91.47877|0.0109315|non-instanced|44827936|137|25
91.808|0.0108923|non-instanced|44469328|137|25
94.33874|0.0106001|non-instanced|44827936|137|25
92.25941|0.010839|non-instanced|44827936|136|25
89.9345|0.0111192|non-instanced|44827936|137|25
92.87638|0.010767|non-instanced|44827936|137|25
92.43769|0.0108181|non-instanced|44827936|137|25
91.09623|0.0109774|non-instanced|44827936|137|25
90.98189|0.0109912|non-instanced|44827936|137|25
95.71669|0.0104475|non-instanced|44827936|137|25
91.79701|0.0108936|non-instanced|44827936|137|25
91.72881|0.0109017|non-instanced|44827936|137|25
91.0963|0.01097739|non-instanced|44827936|137|25
93.83765|0.0106567|non-instanced|44827936|137|25
92.06747|0.0108616|non-instanced|44469328|137|25
91.69353|0.0109059|non-instanced|44827936|137|25
90.74985|0.0110193|non-instanced|44827936|137|25
91.64392|0.0109118|non-instanced|44110720|135|25
91.88218|0.0108835|non-instanced|44469328|136|25
90.52885|0.0110462|non-instanced|44827936|137|25
92.05815|0.0108627|non-instanced|44827936|137|25
91.06973|0.0109806|non-instanced|44827936|137|25
95.26169|0.0104974|non-instanced|44827936|137|25
90.3718|0.0110654|non-instanced|44827936|137|25
96.03561|0.0104128|non-instanced|44827936|137|25
91.34673|0.0109473|non-instanced|44827936|137|25
91.05979|0.0109818|non-instanced|44469328|137|25
91.89403|0.0108821|non-instanced|44827936|137|25
92.8203|0.01077351|non-instanced|44827936|137|25
91.51228|0.01092749|non-instanced|44827936|137|25
92.09288|0.0108586|non-instanced|44827936|137|25
93.78489|0.0106627|non-instanced|44827936|137|25
91.21506|0.0109631|non-instanced|44827936|137|25
91.83578|0.010889|non-instanced|44827936|137|25
95.85706|0.0104322|non-instanced|44827936|137|25
91.17434|0.010968|non-instanced|44827936|137|25
92.03948|0.0108649|non-instanced|44827936|137|25
92.00312|0.0108692|non-instanced|44827936|137|25
92.49925|0.0108109|non-instanced|44469328|136|25
90.35381|0.0110676|non-instanced|44469328|136|25
85.26821|0.0117277|non-instanced|44110720|135|25
90.35954|0.0110669|non-instanced|44827936|137|25
88.8336|0.011257|non-instanced|44827936|137|25
92.39411|0.0108232|non-instanced|44469328|135|25
91.74145|0.0109002|non-instanced|44827936|137|25
92.08356|0.0108597|non-instanced|44469328|137|25
92.26201|0.0108387|non-instanced|44827936|137|25
93.95404|0.0106435|non-instanced|44469327|136|25
91.77767|0.0108959|non-instanced|44827936|137|25
91.69347|0.0109059|non-instanced|44827936|137|25
92.45562|0.010816|non-instanced|44827936|137|25
92.23988|0.0108413|non-instanced|44469328|136|25
95.18914|0.0105054|non-instanced|44827936|137|25
91.91851|0.0108792|non-instanced|44827936|137|25
93.97437|0.0106412|non-instanced|44827936|137|25
93.30969|0.010717|non-instanced|44827936|137|25
91.47208|0.0109323|non-instanced|44827936|137|25
94.45454|0.0105871|non-instanced|44827936|137|25
92.03528|0.0108654|non-instanced|44469328|137|25
90.26654|0.0110783|non-instanced|44469328|136|25
94.89738|0.0105377|non-instanced|44827936|137|25
91.73804|0.0109006|non-instanced|44827936|137|25
95.33892|0.0104889|non-instanced|44827936|137|25
90.46989|0.0110534|non-instanced|44110720|136|25
92.45908|0.0108156|non-instanced|44827936|136|25
91.16768|0.0109688|non-instanced|44827936|137|25
91.91257|0.0108799|non-instanced|44827936|137|25
92.5172|0.0108088|non-instanced|44827936|137|25
91.94558|0.010876|non-instanced|44827936|137|25
94.72031|0.0105574|non-instanced|44827936|137|25
90.15098|0.0110925|non-instanced|44827936|137|25
93.23227|0.0107259|non-instanced|44827936|137|25
90.40614|0.0110612|non-instanced|44827936|137|25
91.46282|0.0109334|non-instanced|44827936|137|25
93.67066|0.0106757|non-instanced|44827936|137|25
91.5181|0.0109268|non-instanced|44827936|137|25
91.47794|0.0109316|non-instanced|44827936|137|25
95.60322|0.0104599|non-instanced|44827936|137|25
90.7005|0.0110253|non-instanced|44827936|137|25
92.77814|0.0107784|non-instanced|44827936|137|25
93.81744|0.010659|non-instanced|44827936|137|25
92.73857|0.010783|non-instanced|44827936|137|25
91.49633|0.0109294|non-instanced|44827936|137|25
94.57513|0.0105736|non-instanced|42676288|130|25
91.65231|0.0109108|non-instanced|44827936|137|25
91.1519|0.0109707|non-instanced|44827936|137|25
91.22591|0.0109618|non-instanced|44827936|137|25
91.74479|0.0108998|non-instanced|44827936|137|25
95.20815|0.0105033|non-instanced|44827936|137|25
92.2271|0.0108428|non-instanced|43034896|133|25
91.74485|0.01089979|non-instanced|44827936|136|25
94.84604|0.0105434|non-instanced|44827936|137|25
90.82075|0.0110107|non-instanced|43752112|134|25
90.95538|0.0109944|non-instanced|44827936|137|25
91.34341|0.0109477|non-instanced|44469328|136|25
92.44362|0.0108174|non-instanced|44827936|137|25
91.69269|0.010906|non-instanced|44827936|137|25
90.91735|0.010999|non-instanced|44827936|137|25
93.58735|0.0106852|non-instanced|44469328|136|25
91.07137|0.0109804|non-instanced|44827936|136|25
90.73013|0.0110217|non-instanced|44827936|137|25
96.11134|0.0104046|non-instanced|44469328|136|25
90.3179|0.011072|non-instanced|44827936|137|25
91.08465|0.0109788|non-instanced|44827936|137|25
95.67821|0.0104517|non-instanced|44827936|137|25
94.20541|0.0106151|non-instanced|44827936|137|25
91.21258|0.0109634|non-instanced|44827936|137|25
92.29266|0.0108351|non-instanced|44827936|137|25
92.16247|0.0108504|non-instanced|44469327|136|25
91.71117|0.0109038|non-instanced|44827936|137|25
91.33336|0.0109489|non-instanced|44827936|137|25
91.85353|0.0108869|non-instanced|44469328|137|25
92.29266|0.0108351|non-instanced|44827936|137|25
94.34851|0.010599|non-instanced|44827936|137|25
90.43145|0.0110581|non-instanced|44469328|136|25
92.76606|0.0107798|non-instanced|44827936|137|25
91.66833|0.01090889|non-instanced|44827936|137|25
93.15842|0.0107344|non-instanced|44827936|137|25
92.9351|0.0107602|non-instanced|44827936|137|25
90.82156|0.0110106|non-instanced|44827936|137|25
3|0.3333333|non-instanced|44827936|137|25
4.244398|0.2356047|non-instanced|44827936|137|25
43.37228|0.0230562|non-instanced|44827936|137|25
7.885471|0.1268155|non-instanced|44469328|136|25
12.81315|0.0780448|non-instanced|44469328|136|25
13.04276|0.07667091|non-instanced|44827936|137|25
52.34669|0.0191034|non-instanced|44827936|137|25
74.9749|0.0133378|non-instanced|44827936|137|25
74.70603|0.0133858|non-instanced|44827936|137|25
78.25705|0.0127784|non-instanced|44827936|137|25
74.6575|0.0133945|non-instanced|44827936|137|25
75.34718|0.0132719|non-instanced|44827936|137|25
75.36134|0.0132694|non-instanced|44827936|137|25
77.03389|0.0129813|non-instanced|44827936|137|25
74.89289|0.0133524|non-instanced|44827936|137|25
77.66871|0.0128752|non-instanced|44827936|137|25
74.57343|0.0134096|non-instanced|44827936|137|25
73.51102|0.0136034|non-instanced|44827936|137|25
75.25758|0.0132877|non-instanced|44827936|137|25
74.94173|0.0133437|non-instanced|44469328|136|25
77.86163|0.0128433|non-instanced|44827936|137|25
89.35112|0.0111918|non-instanced|44469328|136|25
87.10955|0.0114798|non-instanced|44827936|137|25
91.24001|0.0109601|non-instanced|44827936|137|25
89.25703|0.0112036|non-instanced|44827936|137|25
88.93236|0.0112445|non-instanced|44827936|137|25
91.4662|0.010933|non-instanced|44827936|137|25
87.50288|0.0114282|non-instanced|44827936|137|25
90.11201|0.0110973|non-instanced|44827936|137|25
89.32878|0.0111946|non-instanced|44827936|137|25
91.01334|0.0109874|non-instanced|44827936|137|25
90.62321|0.0110347|non-instanced|44827936|137|25
86.88323|0.0115097|non-instanced|44110720|137|25
90.18353|0.0110885|non-instanced|44469328|137|25
90.3824|0.0110641|non-instanced|44827935|136|25
90.17218|0.01108989|non-instanced|44827936|137|25
82.09166|0.01218151|non-instanced|44827936|137|25
78.89798|0.0126746|non-instanced|44827936|137|25
77.40178|0.0129196|non-instanced|44827936|137|25
78.52254|0.0127352|non-instanced|44827936|137|25
80.45569|0.0124292|non-instanced|44827936|137|25
79.65842|0.0125536|non-instanced|44827936|137|25
77.1105|0.0129684|non-instanced|44827936|137|25
79.18095|0.0126293|non-instanced|44827936|137|25
79.56528|0.0125683|non-instanced|44827936|137|25
79.20041|0.0126262|non-instanced|44827936|137|25
78.97207|0.01266271|non-instanced|44827936|137|25
79.45149|0.0125863|non-instanced|44827936|137|25
78.65344|0.012714|non-instanced|44469328|136|25
78.72096|0.0127031|non-instanced|44827936|137|25
79.9194|0.01251261|non-instanced|44827936|137|25
79.25944|0.01261679|non-instanced|44469328|137|25
79.52474|0.0125747|non-instanced|44827936|137|25
78.65655|0.0127135|non-instanced|44827936|137|25
79.45463|0.0125858|non-instanced|44827936|137|25
78.29626|0.012772|non-instanced|44827936|137|25
78.89922|0.0126744|non-instanced|44827936|137|25
78.94777|0.0126666|non-instanced|44827936|137|25
67.50919|0.0148128|non-instanced|44827936|137|25
86.90586|0.0115067|non-instanced|44827936|137|25
89.56082|0.0111656|non-instanced|44827936|137|25
80.42918|0.0124333|non-instanced|44827936|137|25
79.00076|0.01265811|non-instanced|44827936|137|25
79.0439|0.0126512|non-instanced|44827936|137|25
80.7598|0.0123824|non-instanced|44827936|137|25
67.34097|0.0148498|non-instanced|44469328|136|25
85.89663|0.0116419|non-instanced|44827936|137|25
88.20756|0.0113369|non-instanced|44827936|137|25
88.58101|0.0112891|non-instanced|44827936|137|25
80.35358|0.012445|non-instanced|44469328|136|25
67.35276|0.0148472|non-instanced|44827936|137|25
76.28405|0.0131089|non-instanced|44827936|137|25
102.1106|0.009793304|non-instanced|44827936|137|25
64.09273|0.01560239|non-instanced|44469328|137|25
90.12984|0.0110951|non-instanced|44110720|137|25
87.22957|0.011464|non-instanced|44827936|137|25
86.95202|0.0115006|non-instanced|44827936|137|25
86.42965|0.0115701|non-instanced|44827936|137|25
88.63208|0.0112826|non-instanced|44827936|137|25
Infinity|0|non-instanced|44827936|137|25
Infinity|0|non-instanced|44827936|137|25
Infinity|0|non-instanced|44829872|149|25
Infinity|0|non-instanced|44829872|149|25
Infinity|0|non-instanced|44827936|137|25
Infinity|0|non-instanced|1936|12|25
Infinity|0|non-instanced|44827704|133|25
Infinity|0|non-instanced|44827704|133|25
Infinity|0|non-instanced|44827686|132|25
Infinity|0|non-instanced|44827686|132|25
Infinity|0|non-instanced|44827687|132|25
Infinity|0|non-instanced|44827687|132|25
Infinity|0|non-instanced|44827687|132|25
Infinity|0|non-instanced|44827687|132|25
Infinity|0|non-instanced|44827687|132|25
Infinity|0|non-instanced|44829627|145|25
Infinity|0|non-instanced|1940|13|25
Infinity|0|non-instanced|44827687|132|25
Infinity|0|non-instanced|44827687|132|25
Infinity|0|non-instanced|1940|13|25
Infinity|0|non-instanced|44827687|132|25
Infinity|0|non-instanced|1942|13|25
Infinity|0|non-instanced|44827687|132|25
Infinity|0|non-instanced|44827687|132|25
Infinity|0|non-instanced|1942|13|25
Infinity|0|non-instanced|44827687|132|25
Infinity|0|non-instanced|1942|13|25
Infinity|0|non-instanced|44826006|130|25
Infinity|0|non-instanced|44826006|130|25
Infinity|0|non-instanced|44826006|130|25
Infinity|0|non-instanced|44826006|130|25
Infinity|0|non-instanced|44826006|130|25
Infinity|0|non-instanced|44826006|130|25
Infinity|0|non-instanced|44826006|130|25
Infinity|0|non-instanced|44826006|130|25
Infinity|0|non-instanced|44827686|131|25
Infinity|0|non-instanced|44827686|131|25
Infinity|0|non-instanced|44827686|131|25
Infinity|0|non-instanced|44827686|131|25
Infinity|0|non-instanced|44827686|131|25
Infinity|0|non-instanced|44827686|131|25
Infinity|0|non-instanced|44827686|131|25
Infinity|0|non-instanced|44827686|131|25
Infinity|0|non-instanced|44827686|131|25
Infinity|0|non-instanced|44827686|131|25
Infinity|0|non-instanced|44827686|131|25
Infinity|0|non-instanced|44827686|131|25
Infinity|0|non-instanced|44827686|131|25
Infinity|0|non-instanced|44827686|131|25
Infinity|0|non-instanced|44827686|131|25
Infinity|0|non-instanced|44827686|131|25
Infinity|0|non-instanced|44827686|131|25
50.00002|0.01999999|non-instanced|1942|12|25
4.897908|0.2041688|non-instanced|44827936|137|25
26.12399|0.038279|non-instanced|44829872|149|25
7.681706|0.1301794|non-instanced|44827936|137|25
11.27515|0.0886906|non-instanced|44827936|137|25
194.5072|0.005141199|non-instanced|44827936|137|25
66.95504|0.0149354|non-instanced|44827936|137|25
77.14856|0.012962|non-instanced|44827936|137|25
75.60294|0.013227|non-instanced|44827936|137|25
75.26492|0.0132864|non-instanced|44827936|137|25
64.7153|0.0154523|non-instanced|44827936|137|25
71.87986|0.0139121|non-instanced|44827936|137|25
83.6841|0.0119497|non-instanced|44827936|137|25
71.79217|0.0139291|non-instanced|44827936|136|25
84.77666|0.0117957|non-instanced|44827935|136|25
87.55032|0.011422|non-instanced|44827936|137|25
89.03369|0.0112317|non-instanced|44827936|137|25
83.689|0.011949|non-instanced|44469328|137|25
83.47875|0.0119791|non-instanced|44827936|137|25
90.09171|0.0110998|non-instanced|44827936|137|25
94.18681|0.0106172|non-instanced|44827936|137|25
72.71933|0.0137515|non-instanced|44827936|136|25
82.97174|0.0120523|non-instanced|44827936|137|25
89.12337|0.0112204|non-instanced|44827936|137|25
84.42094|0.0118454|non-instanced|44827936|137|25
83.25079|0.0120119|non-instanced|44469328|136|25
85.63766|0.0116771|non-instanced|44827936|137|25
84.64608|0.0118139|non-instanced|44110720|135|25
84.97836|0.0117677|non-instanced|44827936|137|25
83.21819|0.0120166|non-instanced|44469328|135|25
89.65396|0.011154|non-instanced|44827936|137|25
90.42079|0.0110594|non-instanced|44827936|137|25
90.03658|0.0111066|non-instanced|44827936|137|25
83.64352|0.0119555|non-instanced|44827936|137|25
83.71492|0.0119453|non-instanced|44827936|137|25
84.16588|0.0118813|non-instanced|44827936|137|25
83.7668|0.0119379|non-instanced|44827936|137|25
87.04057|0.0114889|non-instanced|44827936|137|25
89.19176|0.0112118|non-instanced|44469328|136|25
84.39742|0.0118487|non-instanced|44827936|137|25
84.25381|0.0118689|non-instanced|44827936|137|25
84.31987|0.0118596|non-instanced|44827936|137|25
80.99201|0.0123469|non-instanced|44827936|137|25
88.44466|0.0113065|non-instanced|44827936|137|25
89.75774|0.0111411|non-instanced|44827936|137|25
84.05694|0.0118967|non-instanced|44827936|137|25
72.15425|0.0138592|non-instanced|44827936|137|25
88.01264|0.011362|non-instanced|44827936|137|25
87.18092|0.0114704|non-instanced|44827936|137|25
84.0181|0.0119022|non-instanced|44827936|137|25
36.39367|0.0274773|non-instanced|44827936|137|25
74.49124|0.0134244|non-instanced|44827936|137|25
95.07333|0.0105182|non-instanced|44827936|137|25
86.93536|0.0115028|non-instanced|44827936|137|25
89.31995|0.01119571|non-instanced|44827936|137|25
83.96377|0.0119099|non-instanced|44827936|137|25
84.49085|0.0118356|non-instanced|44827936|137|25
83.59947|0.0119618|non-instanced|44827936|137|25
82.22128|0.0121623|non-instanced|44827936|137|25
84.14255|0.01188459|non-instanced|44827936|137|25
85.00723|0.0117637|non-instanced|44827936|137|25
84.02306|0.0119015|non-instanced|44827936|137|25
90.56738|0.0110415|non-instanced|44469328|137|25
81.58405|0.0122573|non-instanced|44827936|137|25
94.94693|0.0105322|non-instanced|44827936|137|25
83.03785|0.0120427|non-instanced|44469328|137|25
83.85042|0.011926|non-instanced|44827936|137|25
83.3639|0.0119956|non-instanced|44469328|137|25
84.2595|0.0118681|non-instanced|44827936|137|25
83.38124|0.01199311|non-instanced|44827936|137|25
89.77145|0.0111394|non-instanced|44827936|137|25
89.43504|0.0111813|non-instanced|44827936|137|25
83.34933|0.0119977|non-instanced|44827936|137|25
90.58627|0.0110392|non-instanced|44827936|137|25
84.91705|0.0117762|non-instanced|44469328|136|25
83.47732|0.0119793|non-instanced|44827936|137|25
90.49118|0.0110508|non-instanced|44827936|137|25
89.57362|0.011164|non-instanced|44827936|137|25
88.6918|0.011275|non-instanced|44469328|137|25
83.61835|0.0119591|non-instanced|44827936|137|25
90.97279|0.0109923|non-instanced|44110720|135|25
88.85251|0.01125461|non-instanced|44469328|135|25
82.90087|0.0120626|non-instanced|44827936|137|25
87.20451|0.0114673|non-instanced|44827936|137|25
89.37347|0.011189|non-instanced|44469328|136|25
83.45368|0.0119827|non-instanced|44469328|135|25
84.27369|0.0118661|non-instanced|44827936|137|25
83.53381|0.0119712|non-instanced|44827936|137|25
84.45945|0.01184|non-instanced|44827936|137|25
84.91486|0.0117765|non-instanced|44827936|137|25
82.85075|0.0120699|non-instanced|44469328|136|25
85.73022|0.0116645|non-instanced|44469328|137|25
84.77737|0.0117956|non-instanced|44827936|137|25
83.64912|0.0119547|non-instanced|44827936|137|25
84.06395|0.01189571|non-instanced|44827936|137|25
84.80254|0.0117921|non-instanced|44827936|137|25
83.76471|0.0119382|non-instanced|44827936|137|25
83.9053|0.0119182|non-instanced|44827936|137|25
91.51223|0.0109275|non-instanced|44469328|137|25
83.89333|0.0119199|non-instanced|44469328|137|25
85.39054|0.0117109|non-instanced|44827936|137|25
84.40313|0.0118479|non-instanced|44827936|137|25
84.78746|0.0117942|non-instanced|44827936|137|25
84.06465|0.01189561|non-instanced|44827936|137|25
87.92682|0.01137309|non-instanced|44827936|137|25
83.99335|0.0119057|non-instanced|44469328|136|25
89.81904|0.0111335|non-instanced|44110720|135|25
88.57239|0.0112902|non-instanced|44827936|137|25
83.91724|0.0119165|non-instanced|44827936|137|25
84.24033|0.0118708|non-instanced|44827936|137|25
82.61594|0.0121042|non-instanced|44827936|137|25
85.70159|0.0116684|non-instanced|44827936|137|25
84.38743|0.01185011|non-instanced|44827936|137|25
85.56808|0.0116866|non-instanced|44469328|136|25
81.65466|0.0122467|non-instanced|44827936|137|25
92.28754|0.0108357|non-instanced|44827936|137|25
84.37396|0.011852|non-instanced|44469328|137|25
87.18317|0.0114701|non-instanced|44827936|137|25
90.43556|0.0110576|non-instanced|44827936|137|25
85.14043|0.0117453|non-instanced|44827936|137|25
84.8162|0.0117902|non-instanced|44469328|137|25
83.50869|0.0119748|non-instanced|44827936|137|25
84.23396|0.0118717|non-instanced|44469328|136|25
88.08401|0.0113528|non-instanced|44469328|136|25
82.27204|0.0121548|non-instanced|44469328|137|25
85.96748|0.01163231|non-instanced|44827936|137|25
89.75295|0.0111417|non-instanced|44827936|136|25
85.27692|0.0117265|non-instanced|44827936|137|25
90.01142|0.0111097|non-instanced|44827936|137|25
83.49614|0.0119766|instanced|43752112|134|25
37.54233|0.0266366|instanced|44827932|17|25
80.56395|0.0124125|instanced|44827932|17|25
71.36333|0.0140128|instanced|44827932|17|25
88.91969|0.0112461|instanced|44827932|17|25
87.77396|0.0113929|instanced|44827932|17|25
87.69319|0.01140339|instanced|44827932|17|25
88.73663|0.0112693|instanced|44827932|17|25
89.86257|0.0111281|instanced|44827932|17|25
89.74006|0.0111433|instanced|44827932|17|25
89.52792|0.0111697|instanced|44827932|17|25
91.1137|0.0109753|instanced|44827932|17|25
89.31358|0.01119651|instanced|44827932|17|25
89.80692|0.011135|instanced|44827932|17|25
88.46352|0.0113041|instanced|44827932|17|25
76.52103|0.0130683|instanced|44827932|17|25
84.91562|0.0117764|instanced|44827932|17|25
87.43624|0.0114369|instanced|44827932|17|25
83.02271|0.0120449|instanced|44827932|17|25
84.38889|0.0118499|instanced|44827932|17|25
89.63785|0.011156|instanced|44827932|17|25
83.79282|0.0119342|instanced|44827932|17|25
83.85535|0.0119253|instanced|44827932|17|25
83.9398|0.0119133|instanced|44827932|17|25
88.34621|0.0113191|instanced|44827932|17|25
83.79003|0.01193459|instanced|44827932|17|25
83.00405|0.0120476|instanced|44827932|17|25
85.73611|0.0116637|instanced|44827932|17|25
84.77952|0.0117953|instanced|44827932|17|25
84.09721|0.011891|instanced|44827932|17|25
81.63265|0.01225|instanced|44827932|17|25
88.14067|0.0113455|instanced|44827932|17|25
84.11777|0.0118881|instanced|44827932|17|25
84.52511|0.0118308|instanced|44827932|17|25
84.39247|0.0118494|instanced|44827932|17|25
88.0972|0.0113511|instanced|44827932|17|25
85.28346|0.0117256|instanced|44827932|17|25
84.4053|0.0118476|instanced|44827932|17|25
85.09263|0.0117519|instanced|44827932|17|25
81.71135|0.0122382|instanced|44827932|17|25
87.24176|0.0114624|instanced|44827932|17|25
84.02726|0.0119009|instanced|44827932|17|25
84.28648|0.0118643|instanced|44827932|17|25
84.24104|0.0118707|instanced|44827932|17|25
85.23185|0.0117327|instanced|44827932|17|25
85.02316|0.0117615|instanced|44827932|17|25
84.76012|0.011798|instanced|44827932|17|25
84.70345|0.0118059|instanced|44827932|17|25
85.48029|0.0116986|instanced|44827932|17|25
87.79559|0.01139009|instanced|35862732|17|25
83.22094|0.01201621|instanced|44827932|17|25
84.84935|0.01178559|instanced|44827932|17|25
84.64674|0.0118138|instanced|44827932|17|25
84.62598|0.0118167|instanced|44827932|17|25
84.1298|0.01188639|instanced|44827932|17|25
84.60523|0.0118196|instanced|44827932|17|25
86.00741|0.01162691|instanced|44827932|17|25
82.89333|0.0120637|instanced|44827932|17|25
85.51613|0.0116937|instanced|44827932|17|25
86.4603|0.011566|instanced|44827932|17|25
85.20427|0.0117365|instanced|44827932|17|25
83.61835|0.0119591|instanced|44827932|17|25
84.52516|0.0118308|instanced|44827932|17|25
83.90949|0.0119176|instanced|44827932|17|25
85.50079|0.0116958|instanced|44827932|17|25
83.58268|0.0119642|instanced|44827932|17|25
84.82339|0.0117892|instanced|44827932|17|25
84.70054|0.0118063|instanced|44827932|17|25
84.68402|0.0118086|instanced|44827932|17|25
84.28934|0.0118639|instanced|44827932|17|25
87.82635|0.0113861|instanced|44827932|17|25
86.59587|0.0115479|instanced|44827932|17|25
84.43378|0.0118436|instanced|44827932|17|25
84.49298|0.0118353|instanced|44827932|17|25
83.58337|0.0119641|instanced|44827932|17|25
85.51468|0.0116939|instanced|44827932|17|25
90.94049|0.0109962|instanced|44827932|17|25
83.49688|0.0119765|instanced|44827932|17|25
85.07596|0.0117542|instanced|44827932|17|25
82.90842|0.0120615|instanced|44827932|17|25
84.76658|0.0117971|instanced|44827932|17|25
85.4212|0.0117067|instanced|44827932|17|25
84.46445|0.0118393|instanced|44827932|17|25
83.99831|0.011905|instanced|44827932|17|25
85.57249|0.011686|instanced|44827932|17|25
85.01231|0.011763|instanced|44827932|17|25
83.4669|0.0119808|instanced|44827932|17|25
85.10783|0.0117498|instanced|44827932|17|25
84.30782|0.0118613|instanced|44827932|17|25
85.03254|0.0117602|instanced|44827932|17|25
84.68692|0.0118082|instanced|44827932|17|25
84.04773|0.011898|instanced|44827932|17|25
85.63845|0.011677|instanced|44827932|17|25
83.76754|0.0119378|instanced|44827932|17|25
87.9964|0.0113641|instanced|44827932|17|25
83.48498|0.0119782|instanced|44827932|17|25
84.73141|0.011802|instanced|44827932|17|25
83.68478|0.0119496|instanced|44827932|17|25
87.4577|0.0114341|instanced|44827932|16|25
84.54304|0.01182829|instanced|44827932|17|25
84.82269|0.0117893|instanced|44827932|17|25
83.37085|0.0119946|instanced|44827932|17|25
86.38262|0.0115764|instanced|44827932|17|25
84.4452|0.011842|instanced|44827932|17|25
82.52665|0.0121173|instanced|44827932|17|25
84.9192|0.0117759|instanced|44827932|17|25
84.92207|0.0117755|instanced|44827932|17|25
84.20982|0.0118751|instanced|44827932|17|25
85.67806|0.0116716|instanced|44827932|17|25
85.10926|0.0117496|instanced|44827932|17|25
86.02596|0.0116244|instanced|44827932|17|25
83.49821|0.0119763|instanced|44827932|17|25
83.65195|0.01195429|instanced|44827932|17|25
85.35991|0.0117151|instanced|44827932|17|25
84.29|0.0118638|instanced|44827932|17|25
77.25111|0.0129448|instanced|44827932|17|25
85.28202|0.0117258|instanced|44827932|17|25
87.91209|0.011375|instanced|44827932|17|25
90.10798|0.0110978|instanced|35862732|17|25
89.13289|0.0112192|instanced|44827932|17|25
87.48449|0.0114306|instanced|44827932|17|25
86.05261|0.0116208|instanced|44827932|17|25
87.13682|0.0114762|instanced|44827932|17|25
86.95802|0.0114998|instanced|44827932|17|25
75.44664|0.0132544|instanced|44827932|17|25
88.19746|0.01133819|instanced|44827932|17|25
88.1671|0.0113421|instanced|44827932|17|25
82.77663|0.0120807|instanced|44827932|17|25
86.21432|0.011599|instanced|44827932|17|25
84.78527|0.0117945|instanced|44827932|17|25
84.56017|0.0118259|instanced|44827932|17|25
83.33752|0.0119994|instanced|44827932|17|25
83.48987|0.0119775|instanced|44827932|16|25
86.361|0.0115793|instanced|44827932|17|25
86.07927|0.0116172|instanced|44827932|17|25
85.02824|0.0117608|instanced|44827932|17|25
77.71396|0.0128677|instanced|44827932|17|25
89.87717|0.0111263|instanced|44827932|17|25
88.11195|0.0113492|instanced|44827932|17|25
83.52959|0.0119718|instanced|44827932|17|25
88.03516|0.0113591|instanced|44827932|17|25
87.7755|0.0113927|instanced|44827932|17|25
88.89998|0.0112486|instanced|44827932|17|25
86.93836|0.0115024|instanced|44827932|17|25
86.99287|0.0114952|instanced|44827932|17|25
76.13129|0.0131352|instanced|44827932|17|25
84.10714|0.0118896|instanced|44827932|17|25
87.38892|0.0114431|instanced|44827932|17|25
83.71209|0.01194571|instanced|44827932|17|25
85.29733|0.0117237|instanced|44827932|17|25
83.06474|0.0120388|instanced|44827932|17|25
86.08447|0.0116165|instanced|44827932|17|25
85.86564|0.0116461|instanced|44827932|17|25
77.97758|0.0128242|instanced|44827932|17|25
89.96529|0.0111154|instanced|44827932|17|25
88.64461|0.011281|instanced|44827932|17|25
89.57924|0.0111633|instanced|44827932|17|25
89.12101|0.0112207|instanced|44827932|17|25
90.66181|0.01103|instanced|44827932|17|25
87.26312|0.01145959|instanced|44827932|17|25
89.12974|0.0112196|instanced|44827932|17|25
88.40012|0.0113122|instanced|44827932|17|25
90.50592|0.011049|instanced|44827932|17|25
73.96835|0.0135193|instanced|44827932|17|25
84.09436|0.0118914|instanced|44827932|17|25
88.67135|0.0112776|instanced|44827932|17|25
83.85256|0.01192569|instanced|44827932|17|25
83.86866|0.01192341|instanced|44827932|17|25
86.77168|0.0115245|instanced|44827932|17|25
84.33694|0.0118572|instanced|44827932|17|25
83.58337|0.0119641|instanced|44827932|17|25
84.04633|0.0118982|instanced|44827932|17|25
83.7416|0.0119415|instanced|44827932|17|25
84.13753|0.0118853|instanced|44827932|17|25
84.5037|0.0118338|instanced|44827932|17|25
83.72614|0.0119437|instanced|44827932|17|25
87.34922|0.0114483|instanced|44827932|17|25
83.0041|0.0120476|instanced|44827932|17|25
84.72852|0.0118024|instanced|44827932|17|25
83.71984|0.0119446|instanced|44827932|17|25
83.22448|0.0120157|instanced|44827932|17|25
85.23695|0.011732|instanced|44827932|17|25
82.89123|0.012064|instanced|44827932|17|25
86.65361|0.0115402|instanced|44827932|17|25
86.49921|0.0115608|instanced|44827932|17|25
84.60883|0.0118191|instanced|44827932|17|25
84.13472|0.0118857|instanced|44827932|17|25
85.24931|0.0117303|instanced|44827932|17|25
84.66609|0.0118111|instanced|44827932|17|25
84.23893|0.011871|instanced|44827932|17|25
85.28346|0.0117256|instanced|44827932|17|25
84.18998|0.0118779|instanced|44827932|17|25
87.8333|0.0113852|instanced|44827932|17|25
83.40982|0.011989|instanced|44827932|17|25
85.19701|0.0117375|instanced|44827932|17|25
84.26161|0.0118678|instanced|44827932|17|25
84.59949|0.0118204|instanced|44827932|17|25
84.34688|0.0118558|instanced|44827932|17|25
85.34319|0.0117174|instanced|44827932|17|25
84.21053|0.011875|instanced|44827932|17|25
89.54474|0.0111676|instanced|44827932|17|25
82.63848|0.0121009|instanced|44827932|17|25
84.69551|0.011807|instanced|44827932|17|25
84.50157|0.0118341|instanced|44827932|17|25
85.12306|0.0117477|instanced|44827932|17|25
83.89543|0.0119196|instanced|44827932|17|25
84.78166|0.011795|instanced|44827932|17|25
84.46091|0.0118398|instanced|44827932|17|25
84.44732|0.0118417|instanced|44827932|17|25
83.73246|0.0119428|instanced|44827932|17|25
87.75394|0.0113955|instanced|44827932|17|25
83.51358|0.0119741|instanced|44827932|17|25
85.86344|0.0116464|instanced|44827932|17|25
83.77734|0.0119364|instanced|44827932|17|25
86.46709|0.01156509|instanced|44827932|16|25
83.50029|0.01197601|instanced|44827932|17|25
87.60864|0.0114144|instanced|44827932|17|25
83.85395|0.0119255|instanced|44827932|17|25
84.92641|0.0117749|instanced|44827932|17|25
87.72235|0.0113996|instanced|44827932|17|25
84.6697|0.0118106|instanced|44827932|17|25
84.26167|0.01186779|instanced|44827932|17|25
84.13256|0.011886|instanced|44827932|17|25
84.70126|0.0118062|instanced|44827932|17|25
84.99213|0.01176579|instanced|44827932|17|25
83.67287|0.0119513|instanced|44827932|17|25
67.40317|0.0148361|instanced|44827932|17|25
92.93333|0.0107604|instanced|44827932|17|25
88.21218|0.0113363|instanced|44827932|17|25
86.72124|0.0115312|instanced|44827932|16|25
86.7664|0.0115252|instanced|44827932|17|25
89.62504|0.0111576|instanced|44827932|17|25
86.85003|0.0115141|instanced|44827932|17|25
87.34003|0.0114495|instanced|44827932|17|25
88.39314|0.0113131|instanced|44827932|17|25
89.35752|0.011191|instanced|44827932|17|25
86.23366|0.0115964|instanced|44827932|17|25
88.32204|0.0113222|instanced|44827932|17|25
90.29507|0.0110748|instanced|44827932|17|25
89.38627|0.0111874|instanced|44827932|17|25
86.48876|0.0115622|instanced|44827932|17|25
87.49978|0.0114286|instanced|44827932|17|25
89.08923|0.0112247|instanced|44827932|17|25
88.38295|0.0113144|instanced|44827932|17|25
70.58608|0.0141671|instanced|44827932|17|25
89.81013|0.0111346|instanced|44827932|17|25
72.68655|0.0137577|instanced|44827932|17|25
89.13295|0.0112192|instanced|44827932|17|25
87.54266|0.011423|instanced|44827932|17|25
83.33402|0.0119999|instanced|44827932|17|25
84.54517|0.011828|instanced|44827932|17|25
91.56841|0.0109208|instanced|44827932|17|25
72.5942|0.01377521|instanced|44827932|17|25
87.14672|0.0114749|instanced|44827932|17|25
85.75007|0.0116618|instanced|44827932|17|25
85.5125|0.0116942|instanced|44827932|17|25
81.73876|0.0122341|instanced|35862732|16|25
87.39195|0.0114427|instanced|44827932|17|25
83.27782|0.012008|instanced|44827932|17|25
85.22969|0.011733|instanced|44827932|17|25
85.40367|0.0117091|instanced|44827932|17|25
87.49365|0.0114294|instanced|44827932|17|25
84.58018|0.0118231|instanced|44827932|17|25
82.41099|0.0121343|instanced|44827932|17|25
85.84944|0.0116483|instanced|44827932|17|25
83.93345|0.0119142|instanced|44827932|16|25
83.83846|0.0119277|instanced|44827932|17|25
85.84798|0.0116485|instanced|44827932|17|25
83.85181|0.0119258|instanced|44827932|17|25
86.94746|0.0115012|instanced|44827932|17|25
83.95742|0.0119108|instanced|44827932|17|25
85.36648|0.0117142|instanced|44827932|17|25
84.68189|0.0118089|instanced|44827932|17|25
85.46496|0.0117007|instanced|44827932|17|25
82.11865|0.0121775|instanced|44827932|17|25
86.00153|0.0116277|instanced|44827932|17|25
86.60857|0.0115462|instanced|44827932|17|25
84.80326|0.011792|instanced|44827932|17|25
83.36322|0.0119957|instanced|44827932|17|25
85.10495|0.0117502|instanced|44827932|17|25
89.65476|0.0111539|instanced|44827932|17|25
83.40977|0.011989|instanced|44827932|17|25
87.25088|0.0114612|instanced|44827932|17|25
85.48981|0.0116973|instanced|44827932|17|25
84.04848|0.0118979|instanced|44827932|17|25
84.51225|0.0118326|instanced|44827932|17|25
90.46502|0.011054|instanced|44827932|17|25
77.61987|0.0128833|instanced|44827932|17|25
88.30956|0.0113238|instanced|44827932|17|25
87.04658|0.0114881|instanced|44827932|17|25
82.03511|0.0121899|instanced|44827932|17|25
86.74006|0.0115287|instanced|44827932|17|25
-1.4112E+08|-7.086168E-09|instanced|44827932|17|25
Infinity|0|instanced|44827932|17|25
Infinity|0|instanced|44829864|29|25
Infinity|0|instanced|44829864|29|25
Infinity|0|instanced|44827932|17|25
Infinity|0|instanced|1932|12|25
Infinity|0|instanced|26895602|4|25
Infinity|0|instanced|26895602|4|25
Infinity|0|instanced|8965202|2|25
Infinity|0|instanced|8965202|2|25
Infinity|0|instanced|26895602|4|25
Infinity|0|instanced|26895602|4|25
Infinity|0|instanced|26895602|4|25
Infinity|0|instanced|26895602|4|25
Infinity|0|instanced|26895602|4|25
Infinity|0|instanced|26895602|4|25
Infinity|0|instanced|26895602|4|25
Infinity|0|instanced|8965202|2|25
Infinity|0|instanced|8965202|2|25
Infinity|0|instanced|8965202|2|25
Infinity|0|instanced|17930402|3|25
Infinity|0|instanced|17930402|3|25
Infinity|0|instanced|17930402|3|25
Infinity|0|instanced|26895602|4|25
Infinity|0|instanced|26895602|4|25
Infinity|0|instanced|26895602|4|25
Infinity|0|instanced|17930402|3|25
Infinity|0|instanced|17930402|3|25
Infinity|0|instanced|17930402|3|25
Infinity|0|instanced|26895602|4|25
Infinity|0|instanced|26895602|4|25
Infinity|0|instanced|26895602|4|25
Infinity|0|instanced|8965202|2|25
Infinity|0|instanced|8965202|2|25
Infinity|0|instanced|17930402|3|25
Infinity|0|instanced|17930402|3|25
Infinity|0|instanced|17930402|3|25
Infinity|0|instanced|26895602|4|25
Infinity|0|instanced|26895602|4|25
Infinity|0|instanced|26895602|4|25
Infinity|0|instanced|17930402|3|25
Infinity|0|instanced|17930402|3|25
Infinity|0|instanced|17930402|3|25
Infinity|0|instanced|8965202|2|25
Infinity|0|instanced|8965202|2|25
Infinity|0|instanced|8965202|2|25
Infinity|0|instanced|26895602|4|25
Infinity|0|instanced|26895602|4|25
Infinity|0|instanced|26895602|4|25
Infinity|0|instanced|26895602|4|25
Infinity|0|instanced|26895602|4|25
Infinity|0|instanced|26895602|4|25
Infinity|0|instanced|26895602|4|25
Infinity|0|instanced|44827942|17|25
Infinity|0|instanced|44827942|17|25
Infinity|0|instanced|44827942|17|25
Infinity|0|instanced|26895602|4|25
Infinity|0|instanced|26895602|4|25
Infinity|0|instanced|26895602|4|25
Infinity|0|instanced|26895602|4|25
Infinity|0|instanced|26895602|4|25
Infinity|0|instanced|26895602|4|25
Infinity|0|instanced|26895602|4|25
Infinity|0|instanced|8965202|2|25
Infinity|0|instanced|8965202|2|25
Infinity|0|instanced|8965202|2|25
Infinity|0|instanced|17930402|3|25
Infinity|0|instanced|17930402|3|25
Infinity|0|instanced|17930402|3|25
Infinity|0|instanced|26895602|4|25
Infinity|0|instanced|26895602|4|25
Infinity|0|instanced|26895602|4|25
Infinity|0|instanced|35860802|5|25
Infinity|0|instanced|35860802|5|25
Infinity|0|instanced|35860802|5|25
Infinity|0|instanced|35860802|5|25
Infinity|0|instanced|35860802|5|25
Infinity|0|instanced|35860802|5|25
Infinity|0|instanced|35860802|5|25
Infinity|0|instanced|35860802|5|25
Infinity|0|instanced|35860802|5|25
Infinity|0|instanced|35860802|5|25
Infinity|0|instanced|35860802|5|25
Infinity|0|instanced|35860806|9|25
Infinity|0|instanced|35860806|9|25
Infinity|0|instanced|35860806|9|25
Infinity|0|instanced|35860806|9|25
Infinity|0|instanced|35860802|5|25
Infinity|0|instanced|35860802|5|25
Infinity|0|instanced|35860802|5|25
Infinity|0|instanced|35860802|5|25
Infinity|0|instanced|35860802|5|25
Infinity|0|instanced|35860802|5|25
Infinity|0|instanced|35860802|5|25
Infinity|0|instanced|35860802|5|25
Infinity|0|instanced|35860802|5|25
Infinity|0|instanced|35860806|9|25
Infinity|0|instanced|35860806|9|25
Infinity|0|instanced|35860806|9|25
Infinity|0|instanced|35860806|9|25
Infinity|0|instanced|35860806|9|25
Infinity|0|instanced|35860803|6|25
Infinity|0|instanced|35860803|6|25
Infinity|0|instanced|35860803|6|25
Infinity|0|instanced|35860804|7|25
Infinity|0|instanced|35860804|7|25
Infinity|0|instanced|35860804|7|25
Infinity|0|instanced|35860805|8|25
Infinity|0|instanced|35860805|8|25
Infinity|0|instanced|35860805|8|25
Infinity|0|instanced|35860806|9|25
Infinity|0|instanced|35860806|9|25
Infinity|0|instanced|35860806|9|25
Infinity|0|instanced|35860805|8|25
Infinity|0|instanced|35860805|8|25
Infinity|0|instanced|35860805|8|25
Infinity|0|instanced|35860804|7|25
Infinity|0|instanced|35860804|7|25
Infinity|0|instanced|35860804|7|25
Infinity|0|instanced|35860803|6|25
Infinity|0|instanced|35860803|6|25
Infinity|0|instanced|35860803|6|25
Infinity|0|instanced|35860806|9|25
Infinity|0|instanced|35860806|9|25
Infinity|0|instanced|35860806|9|25
Infinity|0|instanced|35860803|6|25
Infinity|0|instanced|35860803|6|25
Infinity|0|instanced|35860803|6|25
Infinity|0|instanced|35860804|7|25
Infinity|0|instanced|35860804|7|25
Infinity|0|instanced|35860804|7|25
Infinity|0|instanced|35860805|8|25
Infinity|0|instanced|35860805|8|25
Infinity|0|instanced|35860805|8|25
Infinity|0|instanced|35860806|9|25
Infinity|0|instanced|35860806|9|25
Infinity|0|instanced|35860806|9|25
Infinity|0|instanced|44826006|10|25
Infinity|0|instanced|44826006|10|25
Infinity|0|instanced|44826006|10|25
Infinity|0|instanced|44826006|10|25
Infinity|0|instanced|44826006|10|25
Infinity|0|instanced|44826006|10|25
Infinity|0|instanced|44826006|10|25
Infinity|0|instanced|44826006|10|25
Infinity|0|instanced|44826006|10|25
Infinity|0|instanced|44826006|10|25
Infinity|0|instanced|44826006|10|25
Infinity|0|instanced|44827686|11|25
Infinity|0|instanced|44827686|11|25
Infinity|0|instanced|44827686|11|25
Infinity|0|instanced|44826006|10|25
Infinity|0|instanced|44826006|10|25
Infinity|0|instanced|44826006|10|25
Infinity|0|instanced|44827686|11|25
Infinity|0|instanced|44827686|11|25
Infinity|0|instanced|44827686|11|25
Infinity|0|instanced|44827686|11|25
Infinity|0|instanced|44827686|11|25
Infinity|0|instanced|44827686|11|25
Infinity|0|instanced|44827686|11|25
Infinity|0|instanced|44827686|11|25
Infinity|0|instanced|44827686|11|25
Infinity|0|instanced|44827686|11|25
Infinity|0|instanced|44827687|12|25
Infinity|0|instanced|44827687|12|25
Infinity|0|instanced|44827687|12|25
Infinity|0|instanced|44827686|11|25
Infinity|0|instanced|44827686|11|25
Infinity|0|instanced|44827686|11|25
Infinity|0|instanced|44827687|12|25
Infinity|0|instanced|44827687|12|25
Infinity|0|instanced|44827687|12|25
Infinity|0|instanced|44827687|12|25
Infinity|0|instanced|44827687|12|25
Infinity|0|instanced|44827687|12|25
Infinity|0|instanced|44827687|12|25
Infinity|0|instanced|44827687|12|25
Infinity|0|instanced|44827687|12|25
Infinity|0|instanced|44827686|12|25
Infinity|0|instanced|44827686|12|25
Infinity|0|instanced|44827686|12|25
Infinity|0|instanced|44827687|12|25
Infinity|0|instanced|44827687|12|25
Infinity|0|instanced|44827687|12|25
Infinity|0|instanced|44827686|12|25
Infinity|0|instanced|44827686|12|25
Infinity|0|instanced|44827686|12|25
Infinity|0|instanced|44827686|12|25
Infinity|0|instanced|44827686|12|25
Infinity|0|instanced|44827686|12|25
Infinity|0|instanced|44827686|12|25
Infinity|0|instanced|44827938|17|25
Infinity|0|instanced|44827938|17|25
Infinity|0|instanced|44827938|17|25
Infinity|0|instanced|44827938|17|25
Infinity|0|instanced|44827938|17|25
Infinity|0|instanced|44827704|13|25
Infinity|0|instanced|44827704|13|25
Infinity|0|instanced|44827704|13|25
Infinity|0|instanced|44827938|17|25
Infinity|0|instanced|44827938|17|25
Infinity|0|instanced|44827938|17|25
Infinity|0|instanced|44827938|17|25
Infinity|0|instanced|44827938|17|25
Infinity|0|instanced|44827938|17|25
Infinity|0|instanced|44827938|17|25
Infinity|0|instanced|44827686|12|25
Infinity|0|instanced|44827686|12|25
Infinity|0|instanced|44827686|12|25
Infinity|0|instanced|44827686|12|25
Infinity|0|instanced|44827686|12|25
Infinity|0|instanced|44827687|12|25
Infinity|0|instanced|44827687|12|25
Infinity|0|instanced|44827687|12|25
Infinity|0|instanced|44827687|12|25
Infinity|0|instanced|44827687|12|25
Infinity|0|instanced|44827687|12|25
Infinity|0|instanced|44827686|11|25
Infinity|0|instanced|44827686|11|25
Infinity|0|instanced|44826006|10|25
Infinity|0|instanced|44826006|10|25
Infinity|0|instanced|44826006|10|25
Infinity|0|instanced|44826006|10|25
Infinity|0|instanced|35860806|9|25
Infinity|0|instanced|35860806|9|25
Infinity|0|instanced|35860805|8|25
Infinity|0|instanced|35860805|8|25
Infinity|0|instanced|35860804|7|25
Infinity|0|instanced|35860804|7|25
Infinity|0|instanced|35860803|6|25
Infinity|0|instanced|35860803|6|25
Infinity|0|instanced|35860806|9|25
Infinity|0|instanced|35860806|9|25
Infinity|0|instanced|35860802|5|25
Infinity|0|instanced|35860802|5|25
Infinity|0|instanced|35860802|5|25
Infinity|0|instanced|35860802|5|25
Infinity|0|instanced|35860802|5|25
Infinity|0|instanced|35860802|5|25
Infinity|0|instanced|35860802|5|25
Infinity|0|instanced|35860802|5|25
Infinity|0|instanced|35860802|5|25
Infinity|0|instanced|26895602|4|25
Infinity|0|instanced|26895602|4|25
Infinity|0|instanced|26895602|4|25
Infinity|0|instanced|17930402|3|25
Infinity|0|instanced|17930402|3|25
Infinity|0|instanced|17930402|3|25
Infinity|0|instanced|8965202|2|25
Infinity|0|instanced|8965202|2|25
Infinity|0|instanced|8965202|2|25
Infinity|0|instanced|26895602|4|25
Infinity|0|instanced|26895602|4|25
Infinity|0|instanced|26895602|4|25
Infinity|0|instanced|26895602|4|25
Infinity|0|instanced|26895602|4|25
Infinity|0|instanced|26895602|4|25
Infinity|0|instanced|26895602|4|25
Infinity|0|instanced|44827938|17|25
Infinity|0|instanced|44827938|17|25
Infinity|0|instanced|44827938|17|25
Infinity|0|instanced|26895602|4|25
Infinity|0|instanced|26895602|4|25
Infinity|0|instanced|26895602|4|25
Infinity|0|instanced|26895602|4|25
Infinity|0|instanced|26895602|4|25
Infinity|0|instanced|8965202|2|25
Infinity|0|instanced|8965202|2|25
Infinity|0|instanced|17930402|3|25
Infinity|0|instanced|17930402|3|25
Infinity|0|instanced|26895602|4|25
Infinity|0|instanced|26895602|4|25
Infinity|0|instanced|35860802|5|25
Infinity|0|instanced|35860802|5|25
Infinity|0|instanced|35860802|5|25
Infinity|0|instanced|35860802|5|25
Infinity|0|instanced|35860802|5|25
Infinity|0|instanced|35860802|5|25
Infinity|0|instanced|35860806|9|25
Infinity|0|instanced|35860802|5|25
Infinity|0|instanced|35860802|5|25
Infinity|0|instanced|35860802|5|25
Infinity|0|instanced|35860802|5|25
Infinity|0|instanced|35860802|5|25
Infinity|0|instanced|35860802|5|25
Infinity|0|instanced|35860802|5|25
Infinity|0|instanced|35860802|5|25
Infinity|0|instanced|35860802|5|25
Infinity|0|instanced|35860806|9|25
Infinity|0|instanced|35860806|9|25
Infinity|0|instanced|35860806|9|25
Infinity|0|instanced|35860802|5|25
Infinity|0|instanced|35860802|5|25
Infinity|0|instanced|35860802|5|25
Infinity|0|instanced|35860806|9|25
Infinity|0|instanced|35860806|9|25
Infinity|0|instanced|35860806|9|25
Infinity|0|instanced|35860803|6|25
Infinity|0|instanced|35860803|6|25
Infinity|0|instanced|35860803|6|25
Infinity|0|instanced|35860806|9|25
Infinity|0|instanced|35860806|9|25
Infinity|0|instanced|35860806|9|25
Infinity|0|instanced|35860803|6|25
Infinity|0|instanced|35860803|6|25
Infinity|0|instanced|35860803|6|25
Infinity|0|instanced|35860804|7|25
Infinity|0|instanced|35860804|7|25
Infinity|0|instanced|35860805|8|25
Infinity|0|instanced|35860805|8|25
Infinity|0|instanced|35860806|9|25
Infinity|0|instanced|35860806|9|25
Infinity|0|instanced|44826006|10|25
Infinity|0|instanced|44826006|10|25
Infinity|0|instanced|44826006|10|25
Infinity|0|instanced|44826006|10|25
Infinity|0|instanced|44826006|10|25
Infinity|0|instanced|44826006|10|25
Infinity|0|instanced|44826006|10|25
Infinity|0|instanced|44826006|10|25
Infinity|0|instanced|44826006|10|25
Infinity|0|instanced|44826006|10|25
Infinity|0|instanced|44826006|10|25
Infinity|0|instanced|44826006|10|25
Infinity|0|instanced|44826006|10|25
Infinity|0|instanced|44826006|10|25
Infinity|0|instanced|44826006|10|25
Infinity|0|instanced|44826006|10|25
Infinity|0|instanced|44826006|10|25
Infinity|0|instanced|35860806|9|25
Infinity|0|instanced|35860806|9|25
Infinity|0|instanced|35860804|7|25
Infinity|0|instanced|35860804|7|25
Infinity|0|instanced|35860806|9|25
Infinity|0|instanced|35860802|5|25
Infinity|0|instanced|35860802|5|25
Infinity|0|instanced|26895602|4|25
Infinity|0|instanced|26895602|4|25
Infinity|0|instanced|17930402|3|25
Infinity|0|instanced|17930402|3|25
Infinity|0|instanced|8965202|2|25
Infinity|0|instanced|8965202|2|25
Infinity|0|instanced|26895602|4|25
Infinity|0|instanced|26895602|4|25
Infinity|0|instanced|26895602|4|25
Infinity|0|instanced|26895602|4|25
Infinity|0|instanced|44827938|17|25
Infinity|0|instanced|44827938|17|25
Infinity|0|instanced|44827938|17|25
Infinity|0|instanced|44827938|17|25
Infinity|0|instanced|26895602|4|25
Infinity|0|instanced|26895602|4|25
Infinity|0|instanced|26895602|4|25
Infinity|0|instanced|26895602|4|25
Infinity|0|instanced|8965202|2|25
Infinity|0|instanced|8965202|2|25
Infinity|0|instanced|17930402|3|25
Infinity|0|instanced|17930402|3|25
Infinity|0|instanced|26895602|4|25
Infinity|0|instanced|26895602|4|25
Infinity|0|instanced|35860802|5|25
Infinity|0|instanced|35860802|5|25
Infinity|0|instanced|35860802|5|25
Infinity|0|instanced|35860802|5|25
Infinity|0|instanced|35860802|5|25
Infinity|0|instanced|26895602|4|25
Infinity|0|instanced|26895602|4|25
Infinity|0|instanced|26895602|4|25
Infinity|0|instanced|35860802|5|25
Infinity|0|instanced|35860802|5|25
Infinity|0|instanced|35860802|5|25
Infinity|0|instanced|26895602|4|25
Infinity|0|instanced|26895602|4|25
Infinity|0|instanced|26895602|4|25
Infinity|0|instanced|17930402|3|25
Infinity|0|instanced|17930402|3|25
Infinity|0|instanced|17930402|3|25
Infinity|0|instanced|8965202|2|25
Infinity|0|instanced|8965202|2|25
Infinity|0|instanced|8965202|2|25
Infinity|0|instanced|17930402|3|25
Infinity|0|instanced|17930402|3|25
Infinity|0|instanced|17930402|3|25
Infinity|0|instanced|26895602|4|25
Infinity|0|instanced|26895602|4|25
Infinity|0|instanced|26895602|4|25
Infinity|0|instanced|35860802|5|25
Infinity|0|instanced|35860802|5|25
Infinity|0|instanced|35860802|5|25
Infinity|0|instanced|35860802|5|25
Infinity|0|instanced|35860802|5|25
Infinity|0|instanced|35860802|5|25
Infinity|0|instanced|35860802|5|25
Infinity|0|instanced|35860802|5|25
Infinity|0|instanced|35860802|5|25
Infinity|0|instanced|35860802|5|25
Infinity|0|instanced|35860806|9|25
Infinity|0|instanced|35860806|9|25
Infinity|0|instanced|35860806|9|25
Infinity|0|instanced|35860803|6|25
Infinity|0|instanced|35860803|6|25
Infinity|0|instanced|35860803|6|25
Infinity|0|instanced|35860804|7|25
Infinity|0|instanced|35860804|7|25
Infinity|0|instanced|35860805|8|25
Infinity|0|instanced|35860805|8|25
Infinity|0|instanced|35860806|9|25
Infinity|0|instanced|35860806|9|25
Infinity|0|instanced|44826006|10|25
Infinity|0|instanced|44826006|10|25
Infinity|0|instanced|44826006|10|25
Infinity|0|instanced|44826006|10|25
Infinity|0|instanced|44826006|10|25
Infinity|0|instanced|44826006|10|25
Infinity|0|instanced|44827686|11|25
Infinity|0|instanced|44827686|11|25
Infinity|0|instanced|44827686|11|25
Infinity|0|instanced|44827686|11|25
Infinity|0|instanced|44827686|11|25
Infinity|0|instanced|44827686|11|25
Infinity|0|instanced|44827686|11|25
Infinity|0|instanced|44827686|11|25
Infinity|0|instanced|44827686|11|25
Infinity|0|instanced|44827686|11|25
Infinity|0|instanced|44827686|11|25
Infinity|0|instanced|44827687|12|25
Infinity|0|instanced|44827687|12|25
Infinity|0|instanced|44827687|12|25
Infinity|0|instanced|44827687|12|25
Infinity|0|instanced|44827687|12|25
Infinity|0|instanced|44827687|12|25
Infinity|0|instanced|44827687|12|25
Infinity|0|instanced|44827686|12|25
Infinity|0|instanced|44827686|12|25
Infinity|0|instanced|44827686|12|25
Infinity|0|instanced|44827686|12|25
Infinity|0|instanced|44827686|12|25
Infinity|0|instanced|44827938|17|25
Infinity|0|instanced|44827938|17|25
Infinity|0|instanced|44827938|17|25
Infinity|0|instanced|44827686|12|25
Infinity|0|instanced|44827686|12|25
Infinity|0|instanced|44827686|12|25
Infinity|0|instanced|44827686|12|25
Infinity|0|instanced|44827686|12|25
Infinity|0|instanced|44827686|12|25
Infinity|0|instanced|44827686|12|25
Infinity|0|instanced|44827686|12|25
Infinity|0|instanced|44827686|12|25
Infinity|0|instanced|44827686|12|25
Infinity|0|instanced|44827686|12|25
Infinity|0|instanced|44827686|12|25
Infinity|0|instanced|44827686|12|25
Infinity|0|instanced|44827686|12|25
Infinity|0|instanced|44827686|12|25
Infinity|0|instanced|44827687|12|25
Infinity|0|instanced|44827687|12|25
Infinity|0|instanced|44827686|11|25
Infinity|0|instanced|44827686|11|25
Infinity|0|instanced|44826006|10|25
Infinity|0|instanced|44826006|10|25
Infinity|0|instanced|44826006|10|25
Infinity|0|instanced|44826006|10|25
Infinity|0|instanced|35860806|9|25
Infinity|0|instanced|35860806|9|25
Infinity|0|instanced|35860805|8|25
Infinity|0|instanced|35860805|8|25
Infinity|0|instanced|35860804|7|25
Infinity|0|instanced|35860804|7|25
Infinity|0|instanced|35860803|6|25
Infinity|0|instanced|35860803|6|25
Infinity|0|instanced|35860803|6|25
Infinity|0|instanced|35860806|9|25
Infinity|0|instanced|35860802|5|25
Infinity|0|instanced|35860802|5|25
Infinity|0|instanced|35860802|5|25
Infinity|0|instanced|35860802|5|25
Infinity|0|instanced|35860802|5|25
Infinity|0|instanced|35860802|5|25
Infinity|0|instanced|26895602|4|25
Infinity|0|instanced|26895602|4|25
Infinity|0|instanced|17930402|3|25
Infinity|0|instanced|17930402|3|25
Infinity|0|instanced|8965202|2|25
Infinity|0|instanced|8965202|2|25
Infinity|0|instanced|26895602|4|25
Infinity|0|instanced|26895602|4|25
Infinity|0|instanced|26895602|4|25
Infinity|0|instanced|26895602|4|25
Infinity|0|instanced|44827938|17|25
Infinity|0|instanced|44827938|17|25
Infinity|0|instanced|44827938|17|25
Infinity|0|instanced|26895602|4|25
Infinity|0|instanced|26895602|4|25
Infinity|0|instanced|26895602|4|25
Infinity|0|instanced|26895602|4|25
Infinity|0|instanced|8965202|2|25
Infinity|0|instanced|8965202|2|25
Infinity|0|instanced|17930402|3|25
Infinity|0|instanced|17930402|3|25
Infinity|0|instanced|17930402|3|25
Infinity|0|instanced|26895602|4|25
Infinity|0|instanced|26895602|4|25
Infinity|0|instanced|26895602|4|25
Infinity|0|instanced|17930402|3|25
Infinity|0|instanced|17930402|3|25
Infinity|0|instanced|17930402|3|25
Infinity|0|instanced|26895602|4|25
Infinity|0|instanced|26895602|4|25
Infinity|0|instanced|26895602|4|25
Infinity|0|instanced|35860802|5|25
Infinity|0|instanced|35860802|5|25
Infinity|0|instanced|35860802|5|25
Infinity|0|instanced|35860802|5|25
Infinity|0|instanced|35860802|5|25
Infinity|0|instanced|35860802|5|25
Infinity|0|instanced|35860802|5|25
Infinity|0|instanced|26895602|4|25
Infinity|0|instanced|26895602|4|25
Infinity|0|instanced|26895602|4|25
Infinity|0|instanced|17930402|3|25
Infinity|0|instanced|17930402|3|25
Infinity|0|instanced|17930402|3|25
Infinity|0|instanced|8965202|2|25
Infinity|0|instanced|8965202|2|25
Infinity|0|instanced|8965202|2|25
Infinity|0|instanced|17930402|3|25
Infinity|0|instanced|17930402|3|25
Infinity|0|instanced|17930402|3|25
Infinity|0|instanced|26895602|4|25
Infinity|0|instanced|26895602|4|25
Infinity|0|instanced|26895602|4|25
Infinity|0|instanced|17930402|3|25
Infinity|0|instanced|17930402|3|25
Infinity|0|instanced|17930402|3|25
Infinity|0|instanced|8965202|2|25
Infinity|0|instanced|8965202|2|25
Infinity|0|instanced|8965202|2|25
Infinity|0|instanced|26895602|4|25
Infinity|0|instanced|26895602|4|25
Infinity|0|instanced|26895602|4|25
Infinity|0|instanced|26895602|4|25
Infinity|0|instanced|26895602|4|25
Infinity|0|instanced|26895602|4|25
Infinity|0|instanced|44827938|17|25
Infinity|0|instanced|44827938|17|25
Infinity|0|instanced|1938|12|25
Infinity|0|instanced|44827938|17|25
Infinity|0|instanced|44827938|17|25
684.5069|0.001460906|instanced|1938|12|25
4.881948|0.2048363|instanced|44827934|17|25
43.91897|0.0227692|instanced|44829866|29|25
52.70677|0.0189729|instanced|44827932|17|25
10.43964|0.0957887|instanced|44827932|17|25
182.6018|0.005476396|instanced|44827932|17|25
71.03179|0.0140782|instanced|44827932|17|25
75.93359|0.0131694|instanced|44827932|17|25
75.49338|0.01324619|instanced|44827932|17|25
86.33342|0.011583|instanced|44827932|17|25
91.24837|0.0109591|instanced|44827932|17|25
73.76151|0.01355721|instanced|44827932|17|25
93.10814|0.0107402|instanced|44827932|17|25
72.87039|0.01372299|instanced|44827932|17|25
86.22992|0.0115969|instanced|44827932|17|25
88.47211|0.011303|instanced|44827932|17|25
83.88067|0.0119217|instanced|44827932|17|25
83.45708|0.01198221|instanced|44827932|17|25
86.70249|0.01153369|instanced|44827932|17|25
84.72993|0.0118022|instanced|44827932|17|25
84.73502|0.0118015|instanced|44827932|17|25
83.90665|0.01191801|instanced|44827932|17|25
84.61527|0.0118182|instanced|44827932|17|25
93.40295|0.0107063|instanced|44827932|17|25
71.29869|0.0140255|instanced|44827932|17|25
82.90365|0.0120622|instanced|44827932|17|25
88.09952|0.0113508|instanced|44827932|17|25
83.23832|0.0120137|instanced|44827932|17|25
87.47755|0.0114315|instanced|44827932|17|25
83.31321|0.0120029|instanced|44827932|17|25
84.65105|0.0118132|instanced|44827932|17|25
86.33717|0.0115825|instanced|44827932|16|25
84.61523|0.0118182|instanced|44827932|17|25
83.20784|0.0120181|instanced|44827932|17|25
84.07883|0.0118936|instanced|44827932|17|25
84.32773|0.0118585|instanced|44827932|17|25
83.63509|0.0119567|instanced|44827932|17|25
86.16679|0.0116054|instanced|44827932|17|25
83.66103|0.011953|instanced|44827932|17|25
84.11631|0.0118883|instanced|44827932|17|25
85.64136|0.0116766|instanced|44827932|17|25
84.14605|0.0118841|instanced|44827932|17|25
83.83074|0.0119288|instanced|44827932|17|25
83.68832|0.0119491|instanced|44827932|17|25
84.59093|0.0118216|instanced|44827932|17|25
83.31803|0.0120022|instanced|44827932|17|25
83.96097|0.0119103|instanced|44827932|17|25
86.5658|0.01155191|instanced|44827932|17|25
84.84287|0.01178649|instanced|44827932|17|25
83.25835|0.01201081|instanced|44827932|17|25
87.64858|0.0114092|instanced|44827932|17|25
83.70936|0.0119461|instanced|44827932|17|25
82.27473|0.0121544|instanced|44827932|17|25
85.58417|0.0116844|instanced|44827932|17|25
82.71642|0.0120895|instanced|44827932|17|25
84.1609|0.011882|instanced|44827932|17|25
84.25166|0.0118692|instanced|44827932|17|25
84.44737|0.01184169|instanced|44827932|17|25
86.15563|0.0116069|instanced|44827932|17|25
84.23536|0.0118715|instanced|44827932|17|25
84.20982|0.0118751|instanced|44827932|17|25
83.16214|0.0120247|instanced|44827932|17|25
84.74433|0.0118002|instanced|44827932|17|25
81.76149|0.0122307|instanced|44827932|17|25
87.04733|0.011488|instanced|44827932|17|25
86.55836|0.0115529|instanced|44827932|17|25
86.44611|0.0115679|instanced|44827932|17|25
83.89404|0.0119198|instanced|44827932|17|25
84.16798|0.011881|instanced|44827932|17|25
83.87923|0.0119219|instanced|44827932|17|25
84.11491|0.0118885|instanced|44827932|17|25
83.96661|0.0119095|instanced|44827932|17|25
83.00269|0.0120478|instanced|44827932|17|25
88.36032|0.0113173|non-instanced|44827932|17|25
88.07697|0.01135371|non-instanced|44827932|17|25
82.07018|0.01218469|non-instanced|44827936|137|25
72.1204|0.0138657|non-instanced|44827936|137|25
82.62755|0.0121025|non-instanced|44827936|136|25
87.48753|0.0114302|non-instanced|44827936|137|25
84.08168|0.0118932|non-instanced|44827936|137|25
84.02231|0.0119016|non-instanced|43752112|137|25
83.19538|0.0120199|non-instanced|44827936|137|25
83.25634|0.0120111|non-instanced|44827936|137|25
88.41573|0.0113102|non-instanced|44827935|136|25
82.91393|0.0120607|non-instanced|44827936|137|25
84.73426|0.0118016|non-instanced|44827936|137|25
88.91264|0.011247|non-instanced|44827936|137|25
83.23758|0.0120138|non-instanced|44110720|134|25
83.55339|0.0119684|non-instanced|44827936|137|25
84.1942|0.0118773|non-instanced|44827936|137|25
82.26322|0.0121561|non-instanced|44827936|137|25
88.13059|0.0113468|non-instanced|44827936|137|25
84.22113|0.01187351|non-instanced|44827936|137|25
76.16728|0.013129|non-instanced|44827936|137|25
89.44224|0.0111804|non-instanced|44469328|136|25
87.3263|0.0114513|non-instanced|44827936|137|25
82.7678|0.01208199|non-instanced|44827936|137|25
82.89191|0.0120639|non-instanced|44827936|137|25
84.62817|0.0118164|non-instanced|44827936|137|25
81.23936|0.0123093|non-instanced|44469328|136|25
90.41836|0.0110597|non-instanced|44827936|137|25
82.00217|0.0121948|non-instanced|44827936|137|25
84.03501|0.0118998|non-instanced|44827936|137|25
90.66845|0.0110292|non-instanced|44469328|136|25
83.49545|0.0119767|non-instanced|44827936|137|25
83.81596|0.0119309|non-instanced|44827936|137|25
82.89815|0.012063|non-instanced|44827936|136|25
85.29367|0.0117242|non-instanced|44827936|136|25
86.28649|0.0115893|non-instanced|44827936|137|25
83.54498|0.0119696|non-instanced|44469328|136|25
84.96394|0.0117697|non-instanced|44827936|137|25
82.71637|0.01208951|non-instanced|44827936|137|25
85.76403|0.0116599|non-instanced|44469328|136|25
83.64005|0.011956|non-instanced|44827936|137|25
84.16658|0.0118812|non-instanced|44469328|136|25
84.60305|0.0118199|non-instanced|44827936|137|25
85.55636|0.0116882|non-instanced|44827936|137|25
84.61243|0.01181859|non-instanced|44827936|137|25
83.45155|0.011983|non-instanced|44827936|137|25
84.84282|0.0117865|non-instanced|44827936|137|25
83.06683|0.0120385|non-instanced|44827936|137|25
91.0208|0.0109865|non-instanced|44827936|137|25
83.10411|0.0120331|non-instanced|44827936|137|25
89.60012|0.0111607|non-instanced|44469328|136|25
86.003|0.0116275|non-instanced|44827936|137|25
82.38996|0.0121374|non-instanced|44827936|137|25
86.10743|0.0116134|non-instanced|44827936|137|25
84.37325|0.0118521|non-instanced|44469328|136|25
83.86377|0.0119241|non-instanced|44827936|137|25
83.57986|0.0119646|non-instanced|44827936|137|25
88.55044|0.011293|non-instanced|44827936|137|25
89.36635|0.01118989|non-instanced|44827936|136|25
85.8531|0.0116478|non-instanced|44469328|137|25
83.42857|0.0119863|non-instanced|44827936|137|25
83.32571|0.0120011|non-instanced|44827936|137|25
87.00949|0.011493|non-instanced|44827936|137|25
83.10896|0.0120324|non-instanced|44827936|137|25
83.59105|0.011963|non-instanced|44827936|137|25
84.05338|0.0118972|non-instanced|44827936|137|25
83.78928|0.0119347|non-instanced|44827936|137|25
87.11106|0.0114796|non-instanced|44827936|137|25
84.19636|0.011877|non-instanced|44827936|137|25
88.9577|0.0112413|non-instanced|44827936|137|25
83.38198|0.011993|non-instanced|44827936|137|25
84.18852|0.0118781|non-instanced|44110720|137|25
82.883|0.0120652|non-instanced|44469328|137|25
84.33482|0.0118575|non-instanced|44827936|137|25
84.07106|0.0118947|non-instanced|44827936|137|25
86.50143|0.0115605|non-instanced|44827936|137|25
90.30651|0.0110734|non-instanced|44827936|137|25
83.01855|0.0120455|non-instanced|44827936|137|25
83.68478|0.0119496|non-instanced|44827936|137|25
83.56036|0.0119674|non-instanced|44827936|137|25
84.41165|0.01184671|non-instanced|44827936|137|25
83.8877|0.0119207|non-instanced|44827936|137|25
77.23799|0.012947|non-instanced|44827936|137|25
84.39384|0.01184921|non-instanced|44110720|137|25
87.24559|0.0114619|non-instanced|44827936|137|25
82.59003|0.012108|non-instanced|44827936|137|25
84.10007|0.0118906|non-instanced|44469328|136|25
82.78625|0.0120793|non-instanced|43752112|134|25
84.24385|0.0118703|non-instanced|44827936|137|25
82.88714|0.0120646|non-instanced|44827936|137|25
88.40871|0.0113111|non-instanced|44827936|137|25
73.39774|0.0136244|non-instanced|44827936|137|25
83.52124|0.011973|non-instanced|44827936|137|25
88.36967|0.0113161|non-instanced|44827936|137|25
83.71706|0.011945|non-instanced|44827936|137|25
84.02866|0.0119007|non-instanced|44827936|137|25
82.7897|0.0120788|non-instanced|44110720|135|25
87.75159|0.0113958|non-instanced|44469328|136|25
83.64495|0.01195529|non-instanced|44827936|137|25
82.8775|0.012066|non-instanced|44827936|137|25
85.71622|0.0116664|non-instanced|44827936|137|25
83.12761|0.0120297|non-instanced|44827936|137|25
91.03735|0.0109845|non-instanced|44827936|137|25
87.70011|0.01140249|non-instanced|44827936|137|25
83.41673|0.011988|non-instanced|44827936|137|25
86.40202|0.0115738|non-instanced|44827936|137|25
83.26189|0.0120103|non-instanced|44827936|137|25
87.96777|0.0113678|non-instanced|44827936|137|25
83.10342|0.0120332|non-instanced|44827936|137|25
84.04842|0.0118979|non-instanced|44827936|137|25
83.73106|0.011943|non-instanced|44827936|137|25
84.478|0.0118374|non-instanced|44827936|137|25
84.17506|0.01188|non-instanced|44827936|137|25
86.89837|0.0115077|non-instanced|44827936|137|25
83.41466|0.0119883|non-instanced|44469328|135|25
84.02937|0.0119006|non-instanced|44827936|137|25
83.50593|0.0119752|non-instanced|44827936|137|25
84.32555|0.0118588|non-instanced|44827936|137|25
84.80183|0.0117922|non-instanced|44827936|137|25
82.83494|0.0120722|non-instanced|44827936|137|25
81.72271|0.0122365|non-instanced|44827936|137|25
90.9918|0.01099|non-instanced|44827936|137|25
83.03165|0.0120436|non-instanced|44827936|137|25
83.26121|0.0120104|non-instanced|44827936|137|25
83.31803|0.0120022|non-instanced|44827936|137|25
84.54086|0.0118286|non-instanced|44827936|137|25
83.83986|0.0119275|non-instanced|44827936|137|25
83.85395|0.0119255|non-instanced|44469328|136|25
82.05396|0.0121871|non-instanced|44827935|136|25
89.8739|0.0111267|non-instanced|44469328|137|25
82.02505|0.0121914|non-instanced|44469328|137|25
84.03786|0.0118994|non-instanced|44827936|137|25
88.93079|0.0112447|non-instanced|44827936|137|25
81.43851|0.0122792|non-instanced|44827936|137|25
86.8636|0.0115123|non-instanced|44827936|137|25
84.05553|0.0118969|non-instanced|44827936|137|25
87.57944|0.0114182|non-instanced|44827936|137|25
87.33095|0.01145069|non-instanced|44827936|137|25
83.41742|0.0119879|non-instanced|44827936|137|25
83.71492|0.0119453|non-instanced|44827936|137|25
84.58307|0.0118227|non-instanced|44827936|137|25
82.80203|0.012077|non-instanced|44827936|137|25
85.0615|0.0117562|non-instanced|44827936|137|25
82.45177|0.0121283|non-instanced|44827936|137|25
86.13634|0.0116095|non-instanced|44827936|137|25
88.63915|0.0112817|non-instanced|44469328|136|25
86.5209|0.0115579|non-instanced|44827936|137|25
88.45486|0.0113052|non-instanced|44827936|137|25
85.85017|0.0116482|non-instanced|44827936|137|25
84.64319|0.0118143|non-instanced|44827936|137|25
83.16841|0.0120238|non-instanced|44827936|137|25
83.81874|0.01193051|non-instanced|44827936|137|25
83.34515|0.0119983|non-instanced|44827936|137|25
91.61453|0.0109153|non-instanced|44827936|137|25
75.21626|0.013295|non-instanced|44469328|136|25
89.80853|0.0111348|non-instanced|44110720|135|25
87.49056|0.0114298|non-instanced|44110720|135|25
83.2931|0.0120058|non-instanced|44827936|137|25
85.14336|0.0117449|non-instanced|44827936|137|25
81.22813|0.01231101|non-instanced|44827935|136|25
87.25546|0.0114606|non-instanced|44827936|137|25
93.00768|0.0107518|non-instanced|44469328|136|25
89.54076|0.0111681|non-instanced|44827936|137|25
83.3229|0.0120015|non-instanced|44827936|137|25
82.57093|0.0121108|non-instanced|44827936|137|25
83.56175|0.0119672|non-instanced|44827936|137|25
83.88346|0.0119213|non-instanced|44827936|137|25
83.90601|0.0119181|non-instanced|44827936|137|25
90.24864|0.0110805|non-instanced|44827936|137|25
75.73403|0.0132041|non-instanced|44469328|137|25
83.02202|0.012045|non-instanced|44827936|137|25
87.58331|0.0114177|non-instanced|44827936|137|25
84.35973|0.011854|non-instanced|44469328|137|25
82.72253|0.01208861|non-instanced|44827936|137|25
85.15569|0.0117432|non-instanced|44827936|137|25
85.91801|0.011639|non-instanced|44469328|136|25
Infinity|0|non-instanced|44827936|137|25
Infinity|0|non-instanced|44827936|137|25
Infinity|0|non-instanced|44827936|137|25
Infinity|0|non-instanced|44831808|161|25
Infinity|0|non-instanced|44827936|137|25
Infinity|0|non-instanced|1936|12|25
Infinity|0|non-instanced|35860802|101|25
Infinity|0|non-instanced|35860802|101|25
Infinity|0|non-instanced|35860802|101|25
Infinity|0|non-instanced|35860802|101|25
Infinity|0|non-instanced|35860802|101|25
Infinity|0|non-instanced|27254210|77|25
Infinity|0|non-instanced|27254210|77|25
Infinity|0|non-instanced|27254210|77|25
Infinity|0|non-instanced|27612818|78|25
Infinity|0|non-instanced|27612818|78|25
Infinity|0|non-instanced|27971426|79|25
Infinity|0|non-instanced|27971426|79|25
Infinity|0|non-instanced|28330034|80|25
Infinity|0|non-instanced|28330034|80|25
Infinity|0|non-instanced|28688642|81|25
Infinity|0|non-instanced|28688642|81|25
Infinity|0|non-instanced|29047250|82|25
Infinity|0|non-instanced|29047250|82|25
Infinity|0|non-instanced|29405858|83|25
Infinity|0|non-instanced|29405858|83|25
Infinity|0|non-instanced|29764466|84|25
Infinity|0|non-instanced|29764466|84|25
Infinity|0|non-instanced|30123074|85|25
Infinity|0|non-instanced|30123074|85|25
Infinity|0|non-instanced|30481682|86|25
Infinity|0|non-instanced|30481682|86|25
Infinity|0|non-instanced|30840290|87|25
Infinity|0|non-instanced|30840290|87|25
Infinity|0|non-instanced|31198898|88|25
Infinity|0|non-instanced|31198898|88|25
Infinity|0|non-instanced|31557506|89|25
Infinity|0|non-instanced|31557506|89|25
Infinity|0|non-instanced|31916114|90|25
Infinity|0|non-instanced|31916114|90|25
Infinity|0|non-instanced|32274722|91|25
Infinity|0|non-instanced|32274722|91|25
Infinity|0|non-instanced|32633330|92|25
Infinity|0|non-instanced|32633330|92|25
Infinity|0|non-instanced|32991938|93|25
Infinity|0|non-instanced|32991938|93|25
Infinity|0|non-instanced|33350546|94|25
Infinity|0|non-instanced|33350546|94|25
Infinity|0|non-instanced|33709154|95|25
Infinity|0|non-instanced|33709154|95|25
Infinity|0|non-instanced|34067762|96|25
Infinity|0|non-instanced|34067762|96|25
Infinity|0|non-instanced|34426370|97|25
Infinity|0|non-instanced|34426370|97|25
Infinity|0|non-instanced|34784978|98|25
Infinity|0|non-instanced|34784978|98|25
Infinity|0|non-instanced|35143586|99|25
Infinity|0|non-instanced|35143586|99|25
Infinity|0|non-instanced|35502194|100|25
Infinity|0|non-instanced|35502194|100|25
Infinity|0|non-instanced|35860802|101|25
Infinity|0|non-instanced|35860802|101|25
Infinity|0|non-instanced|35860802|101|25
Infinity|0|non-instanced|35860802|101|25
Infinity|0|non-instanced|35860806|105|25
Infinity|0|non-instanced|35860806|105|25
Infinity|0|non-instanced|44826006|130|25
Infinity|0|non-instanced|44826006|130|25
Infinity|0|non-instanced|44827686|131|25
Infinity|0|non-instanced|44827686|131|25
Infinity|0|non-instanced|44827687|132|25
Infinity|0|non-instanced|44827687|132|25
Infinity|0|non-instanced|44827686|132|25
Infinity|0|non-instanced|44827686|132|25
Infinity|0|non-instanced|44827942|137|25
Infinity|0|non-instanced|44827942|137|25
Infinity|0|non-instanced|44827704|133|25
Infinity|0|non-instanced|44827704|133|25
Infinity|0|non-instanced|44827778|134|25
Infinity|0|non-instanced|44827778|134|25
Infinity|0|non-instanced|44827814|135|25
Infinity|0|non-instanced|44827814|135|25
Infinity|0|non-instanced|44827852|136|25
Infinity|0|non-instanced|44827852|136|25
Infinity|0|non-instanced|44827942|137|25
Infinity|0|non-instanced|44827942|137|25
Infinity|0|non-instanced|44827942|137|25
Infinity|0|non-instanced|44827852|136|25
Infinity|0|non-instanced|44827852|136|25
Infinity|0|non-instanced|44827852|136|25
Infinity|0|non-instanced|44827814|135|25
Infinity|0|non-instanced|44827814|135|25
Infinity|0|non-instanced|44827778|134|25
Infinity|0|non-instanced|44827778|134|25
Infinity|0|non-instanced|44827704|133|25
Infinity|0|non-instanced|44827704|133|25
Infinity|0|non-instanced|44827942|137|25
Infinity|0|non-instanced|44827942|137|25
Infinity|0|non-instanced|44827686|132|25
Infinity|0|non-instanced|44827686|132|25
Infinity|0|non-instanced|44827687|132|25
Infinity|0|non-instanced|44827687|132|25
Infinity|0|non-instanced|44827686|131|25
Infinity|0|non-instanced|44827686|131|25
Infinity|0|non-instanced|44826006|130|25
Infinity|0|non-instanced|44826006|130|25
Infinity|0|non-instanced|44826006|130|25
Infinity|0|non-instanced|35860806|105|25
Infinity|0|non-instanced|35860806|105|25
Infinity|0|non-instanced|35860806|105|25
Infinity|0|non-instanced|35860802|101|25
Infinity|0|non-instanced|35860802|101|25
Infinity|0|non-instanced|35860802|101|25
Infinity|0|non-instanced|35860806|105|25
Infinity|0|non-instanced|35860806|105|25
Infinity|0|non-instanced|35860806|105|25
Infinity|0|non-instanced|35860806|105|25
Infinity|0|non-instanced|35860806|105|25
Infinity|0|non-instanced|35860803|102|25
Infinity|0|non-instanced|35860803|102|25
Infinity|0|non-instanced|35860803|102|25
Infinity|0|non-instanced|35860804|103|25
Infinity|0|non-instanced|35860804|103|25
Infinity|0|non-instanced|35860804|103|25
Infinity|0|non-instanced|35860805|104|25
Infinity|0|non-instanced|35860805|104|25
Infinity|0|non-instanced|35860805|104|25
Infinity|0|non-instanced|35860806|105|25
Infinity|0|non-instanced|35860806|105|25
Infinity|0|non-instanced|35860806|105|25
Infinity|0|non-instanced|44826006|130|25
Infinity|0|non-instanced|44826006|130|25
Infinity|0|non-instanced|44826006|130|25
Infinity|0|non-instanced|44826006|130|25
Infinity|0|non-instanced|44826006|130|25
Infinity|0|non-instanced|44826006|130|25
Infinity|0|non-instanced|44826006|130|25
Infinity|0|non-instanced|44826006|130|25
Infinity|0|non-instanced|44826006|130|25
Infinity|0|non-instanced|36219414|106|25
Infinity|0|non-instanced|36219414|106|25
Infinity|0|non-instanced|36219414|106|25
Infinity|0|non-instanced|36578022|107|25
Infinity|0|non-instanced|36578022|107|25
Infinity|0|non-instanced|36936630|108|25
Infinity|0|non-instanced|36936630|108|25
Infinity|0|non-instanced|37295238|109|25
Infinity|0|non-instanced|37295238|109|25
Infinity|0|non-instanced|37653846|110|25
Infinity|0|non-instanced|37653846|110|25
Infinity|0|non-instanced|38012454|111|25
Infinity|0|non-instanced|38012454|111|25
Infinity|0|non-instanced|38371062|112|25
Infinity|0|non-instanced|38371062|112|25
Infinity|0|non-instanced|38729670|113|25
Infinity|0|non-instanced|38729670|113|25
Infinity|0|non-instanced|39088278|114|25
Infinity|0|non-instanced|39088278|114|25
Infinity|0|non-instanced|39446886|115|25
Infinity|0|non-instanced|39446886|115|25
Infinity|0|non-instanced|39805494|116|25
Infinity|0|non-instanced|39805494|116|25
Infinity|0|non-instanced|40164102|117|25
Infinity|0|non-instanced|40164102|117|25
Infinity|0|non-instanced|40522710|118|25
Infinity|0|non-instanced|40522710|118|25
Infinity|0|non-instanced|40881318|119|25
Infinity|0|non-instanced|40881318|119|25
Infinity|0|non-instanced|41239926|120|25
Infinity|0|non-instanced|41239926|120|25
Infinity|0|non-instanced|41239926|120|25
Infinity|0|non-instanced|41598534|121|25
Infinity|0|non-instanced|41598534|121|25
Infinity|0|non-instanced|41598534|121|25
Infinity|0|non-instanced|41239926|120|25
Infinity|0|non-instanced|41239926|120|25
Infinity|0|non-instanced|41239926|120|25
Infinity|0|non-instanced|41598534|121|25
Infinity|0|non-instanced|41598534|121|25
Infinity|0|non-instanced|41957142|122|25
Infinity|0|non-instanced|41957142|122|25
Infinity|0|non-instanced|42315750|123|25
Infinity|0|non-instanced|42315750|123|25
Infinity|0|non-instanced|42674358|124|25
Infinity|0|non-instanced|42674358|124|25
Infinity|0|non-instanced|43032966|125|25
Infinity|0|non-instanced|43032966|125|25
Infinity|0|non-instanced|43391574|126|25
Infinity|0|non-instanced|43391574|126|25
Infinity|0|non-instanced|43750182|127|25
Infinity|0|non-instanced|43750182|127|25
Infinity|0|non-instanced|44108790|128|25
Infinity|0|non-instanced|44108790|128|25
Infinity|0|non-instanced|44467398|129|25
Infinity|0|non-instanced|44467398|129|25
Infinity|0|non-instanced|44826006|130|25
Infinity|0|non-instanced|44826006|130|25
Infinity|0|non-instanced|44827686|131|25
Infinity|0|non-instanced|44827686|131|25
Infinity|0|non-instanced|44827687|132|25
Infinity|0|non-instanced|44827687|132|25
Infinity|0|non-instanced|44827686|132|25
Infinity|0|non-instanced|44827686|132|25
Infinity|0|non-instanced|44827942|137|25
Infinity|0|non-instanced|44827942|137|25
Infinity|0|non-instanced|44827704|133|25
Infinity|0|non-instanced|44827704|133|25
Infinity|0|non-instanced|44827778|134|25
Infinity|0|non-instanced|44827778|134|25
Infinity|0|non-instanced|44827814|135|25
Infinity|0|non-instanced|44827814|135|25
Infinity|0|non-instanced|44827852|136|25
Infinity|0|non-instanced|44827852|136|25
Infinity|0|non-instanced|44827852|136|25
Infinity|0|non-instanced|44827814|135|25
Infinity|0|non-instanced|44827814|135|25
Infinity|0|non-instanced|44827778|134|25
Infinity|0|non-instanced|44827778|134|25
Infinity|0|non-instanced|44827704|133|25
Infinity|0|non-instanced|44827704|133|25
Infinity|0|non-instanced|44827942|137|25
Infinity|0|non-instanced|44827942|137|25
Infinity|0|non-instanced|44827686|132|25
Infinity|0|non-instanced|44827686|132|25
Infinity|0|non-instanced|44827687|132|25
Infinity|0|non-instanced|44827687|132|25
Infinity|0|non-instanced|44827686|131|25
Infinity|0|non-instanced|44827686|131|25
Infinity|0|non-instanced|44826006|130|25
Infinity|0|non-instanced|44826006|130|25
Infinity|0|non-instanced|44827686|131|25
Infinity|0|non-instanced|44827686|131|25
Infinity|0|non-instanced|44827686|131|25
Infinity|0|non-instanced|44827686|131|25
Infinity|0|non-instanced|44827686|131|25
Infinity|0|non-instanced|44827686|131|25
Infinity|0|non-instanced|44827686|131|25
Infinity|0|non-instanced|44827686|131|25
Infinity|0|non-instanced|44827686|131|25
Infinity|0|non-instanced|44827686|131|25
Infinity|0|non-instanced|44827686|131|25
Infinity|0|non-instanced|44827687|132|25
Infinity|0|non-instanced|44827687|132|25
Infinity|0|non-instanced|44827687|132|25
Infinity|0|non-instanced|44827687|132|25
Infinity|0|non-instanced|44827687|132|25
Infinity|0|non-instanced|44827687|132|25
Infinity|0|non-instanced|44827687|132|25
Infinity|0|non-instanced|44827687|132|25
Infinity|0|non-instanced|44827687|132|25
Infinity|0|non-instanced|44827686|132|25
Infinity|0|non-instanced|44827686|132|25
Infinity|0|non-instanced|44827686|132|25
Infinity|0|non-instanced|44827686|132|25
Infinity|0|non-instanced|44827686|132|25
Infinity|0|non-instanced|44827942|137|25
Infinity|0|non-instanced|44827942|137|25
Infinity|0|non-instanced|44827942|137|25
Infinity|0|non-instanced|44827942|137|25
Infinity|0|non-instanced|44827942|137|25
Infinity|0|non-instanced|44827704|133|25
Infinity|0|non-instanced|44827704|133|25
Infinity|0|non-instanced|44827704|133|25
Infinity|0|non-instanced|44827704|133|25
Infinity|0|non-instanced|44827704|133|25
Infinity|0|non-instanced|44827704|133|25
Infinity|0|non-instanced|44827704|133|25
Infinity|0|non-instanced|44827942|137|25
Infinity|0|non-instanced|44827942|137|25
Infinity|0|non-instanced|44827686|132|25
Infinity|0|non-instanced|44827686|132|25
Infinity|0|non-instanced|44827687|132|25
Infinity|0|non-instanced|44827687|132|25
Infinity|0|non-instanced|44827686|131|25
Infinity|0|non-instanced|44827686|131|25
Infinity|0|non-instanced|44826006|130|25
Infinity|0|non-instanced|44826006|130|25
Infinity|0|non-instanced|44467398|129|25
Infinity|0|non-instanced|44108790|128|25
Infinity|0|non-instanced|44108790|128|25
Infinity|0|non-instanced|43750182|127|25
Infinity|0|non-instanced|43750182|127|25
Infinity|0|non-instanced|43391574|126|25
Infinity|0|non-instanced|43391574|126|25
Infinity|0|non-instanced|43032966|125|25
Infinity|0|non-instanced|43032966|125|25
Infinity|0|non-instanced|42674358|124|25
Infinity|0|non-instanced|42674358|124|25
Infinity|0|non-instanced|42315750|123|25
Infinity|0|non-instanced|42315750|123|25
Infinity|0|non-instanced|41957142|122|25
Infinity|0|non-instanced|41957142|122|25
Infinity|0|non-instanced|41598534|121|25
Infinity|0|non-instanced|41598534|121|25
Infinity|0|non-instanced|41239926|120|25
Infinity|0|non-instanced|41239926|120|25
Infinity|0|non-instanced|40881318|119|25
Infinity|0|non-instanced|40881318|119|25
Infinity|0|non-instanced|40522710|118|25
Infinity|0|non-instanced|40522710|118|25
Infinity|0|non-instanced|40164102|117|25
Infinity|0|non-instanced|40164102|117|25
Infinity|0|non-instanced|39805494|116|25
Infinity|0|non-instanced|39805494|116|25
Infinity|0|non-instanced|39446886|115|25
Infinity|0|non-instanced|39446886|115|25
Infinity|0|non-instanced|39088278|114|25
Infinity|0|non-instanced|39088278|114|25
Infinity|0|non-instanced|38729670|113|25
Infinity|0|non-instanced|38729670|113|25
Infinity|0|non-instanced|38371062|112|25
Infinity|0|non-instanced|38371062|112|25
Infinity|0|non-instanced|38012454|111|25
Infinity|0|non-instanced|38012454|111|25
Infinity|0|non-instanced|37653846|110|25
Infinity|0|non-instanced|37653846|110|25
Infinity|0|non-instanced|37295238|109|25
Infinity|0|non-instanced|37295238|109|25
Infinity|0|non-instanced|36936630|108|25
Infinity|0|non-instanced|36936630|108|25
Infinity|0|non-instanced|36578022|107|25
Infinity|0|non-instanced|36578022|107|25
Infinity|0|non-instanced|36219414|106|25
Infinity|0|non-instanced|36219414|106|25
Infinity|0|non-instanced|44826006|130|25
Infinity|0|non-instanced|44826006|130|25
Infinity|0|non-instanced|44826006|130|25
Infinity|0|non-instanced|35860806|105|25
Infinity|0|non-instanced|35860806|105|25
Infinity|0|non-instanced|35860805|104|25
Infinity|0|non-instanced|35860805|104|25
Infinity|0|non-instanced|35860804|103|25
Infinity|0|non-instanced|35860804|103|25
Infinity|0|non-instanced|35860803|102|25
Infinity|0|non-instanced|35860803|102|25
Infinity|0|non-instanced|35860806|105|25
Infinity|0|non-instanced|35860806|105|25
Infinity|0|non-instanced|35860802|101|25
Infinity|0|non-instanced|35860802|101|25
Infinity|0|non-instanced|35860802|101|25
Infinity|0|non-instanced|35860802|101|25
Infinity|0|non-instanced|35502194|100|25
Infinity|0|non-instanced|35502194|100|25
Infinity|0|non-instanced|35143586|99|25
Infinity|0|non-instanced|35143586|99|25
Infinity|0|non-instanced|34784978|98|25
Infinity|0|non-instanced|34426370|97|25
Infinity|0|non-instanced|34426370|97|25
Infinity|0|non-instanced|34067762|96|25
Infinity|0|non-instanced|34067762|96|25
Infinity|0|non-instanced|33709154|95|25
Infinity|0|non-instanced|33709154|95|25
Infinity|0|non-instanced|33350546|94|25
Infinity|0|non-instanced|33350546|94|25
Infinity|0|non-instanced|32991938|93|25
Infinity|0|non-instanced|32991938|93|25
Infinity|0|non-instanced|32633330|92|25
Infinity|0|non-instanced|32633330|92|25
Infinity|0|non-instanced|32274722|91|25
Infinity|0|non-instanced|32274722|91|25
Infinity|0|non-instanced|31916114|90|25
Infinity|0|non-instanced|31916114|90|25
Infinity|0|non-instanced|31557506|89|25
Infinity|0|non-instanced|31557506|89|25
Infinity|0|non-instanced|31198898|88|25
Infinity|0|non-instanced|31198898|88|25
Infinity|0|non-instanced|30840290|87|25
Infinity|0|non-instanced|30840290|87|25
Infinity|0|non-instanced|30481682|86|25
Infinity|0|non-instanced|30481682|86|25
Infinity|0|non-instanced|30123074|85|25
Infinity|0|non-instanced|30123074|85|25
Infinity|0|non-instanced|30123074|85|25
Infinity|0|non-instanced|29764466|84|25
Infinity|0|non-instanced|29764466|84|25
Infinity|0|non-instanced|29405858|83|25
Infinity|0|non-instanced|29047250|82|25
Infinity|0|non-instanced|29047250|82|25
Infinity|0|non-instanced|28688642|81|25
Infinity|0|non-instanced|28688642|81|25
Infinity|0|non-instanced|28330034|80|25
Infinity|0|non-instanced|28330034|80|25
Infinity|0|non-instanced|27971426|79|25
Infinity|0|non-instanced|27971426|79|25
Infinity|0|non-instanced|27971426|79|25
Infinity|0|non-instanced|27612818|78|25
Infinity|0|non-instanced|27254210|77|25
Infinity|0|non-instanced|27254210|77|25
Infinity|0|non-instanced|35860802|101|25
Infinity|0|non-instanced|35860802|101|25
Infinity|0|non-instanced|35860802|101|25
Infinity|0|non-instanced|26895602|76|25
Infinity|0|non-instanced|26895602|76|25
Infinity|0|non-instanced|26536994|75|25
Infinity|0|non-instanced|26536994|75|25
Infinity|0|non-instanced|26178386|74|25
Infinity|0|non-instanced|26178386|74|25
Infinity|0|non-instanced|25819778|73|25
Infinity|0|non-instanced|25819778|73|25
Infinity|0|non-instanced|25461170|72|25
Infinity|0|non-instanced|25461170|72|25
Infinity|0|non-instanced|25102562|71|25
Infinity|0|non-instanced|25102562|71|25
Infinity|0|non-instanced|24743954|70|25
Infinity|0|non-instanced|24743954|70|25
Infinity|0|non-instanced|24385346|69|25
Infinity|0|non-instanced|24385346|69|25
Infinity|0|non-instanced|24026738|68|25
Infinity|0|non-instanced|24026738|68|25
Infinity|0|non-instanced|23668130|67|25
Infinity|0|non-instanced|23668130|67|25
Infinity|0|non-instanced|23309522|66|25
Infinity|0|non-instanced|23309522|66|25
Infinity|0|non-instanced|22950914|65|25
Infinity|0|non-instanced|22950914|65|25
Infinity|0|non-instanced|22592306|64|25
Infinity|0|non-instanced|22592306|64|25
Infinity|0|non-instanced|22233698|63|25
Infinity|0|non-instanced|22233698|63|25
Infinity|0|non-instanced|21875090|62|25
Infinity|0|non-instanced|21875090|62|25
Infinity|0|non-instanced|21516482|61|25
Infinity|0|non-instanced|21516482|61|25
Infinity|0|non-instanced|21157874|60|25
Infinity|0|non-instanced|21157874|60|25
Infinity|0|non-instanced|20799266|59|25
Infinity|0|non-instanced|20799266|59|25
Infinity|0|non-instanced|20440658|58|25
Infinity|0|non-instanced|20440658|58|25
Infinity|0|non-instanced|20082050|57|25
Infinity|0|non-instanced|20082050|57|25
Infinity|0|non-instanced|19723442|56|25
Infinity|0|non-instanced|19723442|56|25
Infinity|0|non-instanced|19364834|55|25
Infinity|0|non-instanced|19364834|55|25
Infinity|0|non-instanced|19006226|54|25
Infinity|0|non-instanced|19006226|54|25
Infinity|0|non-instanced|18647618|53|25
Infinity|0|non-instanced|18647618|53|25
Infinity|0|non-instanced|18289010|52|25
Infinity|0|non-instanced|18289010|52|25
Infinity|0|non-instanced|17930402|51|25
Infinity|0|non-instanced|17930402|51|25
Infinity|0|non-instanced|17571794|50|25
Infinity|0|non-instanced|17571794|50|25
Infinity|0|non-instanced|17213186|49|25
Infinity|0|non-instanced|17213186|49|25
Infinity|0|non-instanced|16854578|48|25
Infinity|0|non-instanced|16854578|48|25
Infinity|0|non-instanced|16495970|47|25
Infinity|0|non-instanced|16495970|47|25
Infinity|0|non-instanced|16137362|46|25
Infinity|0|non-instanced|16137362|46|25
Infinity|0|non-instanced|15778754|45|25
Infinity|0|non-instanced|15778754|45|25
Infinity|0|non-instanced|15420146|44|25
Infinity|0|non-instanced|15420146|44|25
Infinity|0|non-instanced|15061538|43|25
Infinity|0|non-instanced|15061538|43|25
Infinity|0|non-instanced|14702930|42|25
Infinity|0|non-instanced|14702930|42|25
Infinity|0|non-instanced|14344322|41|25
Infinity|0|non-instanced|14344322|41|25
Infinity|0|non-instanced|13985714|40|25
Infinity|0|non-instanced|13985714|40|25
Infinity|0|non-instanced|13627106|39|25
Infinity|0|non-instanced|13627106|39|25
Infinity|0|non-instanced|13268498|38|25
Infinity|0|non-instanced|13268498|38|25
Infinity|0|non-instanced|12909890|37|25
Infinity|0|non-instanced|12909890|37|25
Infinity|0|non-instanced|12551282|36|25
Infinity|0|non-instanced|12551282|36|25
Infinity|0|non-instanced|12192674|35|25
Infinity|0|non-instanced|12192674|35|25
Infinity|0|non-instanced|11834066|34|25
Infinity|0|non-instanced|11834066|34|25
Infinity|0|non-instanced|11475458|33|25
Infinity|0|non-instanced|11475458|33|25
Infinity|0|non-instanced|11116850|32|25
Infinity|0|non-instanced|11116850|32|25
Infinity|0|non-instanced|10758242|31|25
Infinity|0|non-instanced|10758242|31|25
Infinity|0|non-instanced|10399634|30|25
Infinity|0|non-instanced|10399634|30|25
Infinity|0|non-instanced|10041026|29|25
Infinity|0|non-instanced|10041026|29|25
Infinity|0|non-instanced|9682418|28|25
Infinity|0|non-instanced|9682418|28|25
Infinity|0|non-instanced|9323810|27|25
Infinity|0|non-instanced|9323810|27|25
Infinity|0|non-instanced|8965202|26|25
Infinity|0|non-instanced|8965202|26|25
Infinity|0|non-instanced|8606594|25|25
Infinity|0|non-instanced|8606594|25|25
Infinity|0|non-instanced|8247986|24|25
Infinity|0|non-instanced|8247986|24|25
Infinity|0|non-instanced|7889378|23|25
Infinity|0|non-instanced|7889378|23|25
Infinity|0|non-instanced|7530770|22|25
Infinity|0|non-instanced|7530770|22|25
Infinity|0|non-instanced|7172162|21|25
Infinity|0|non-instanced|7172162|21|25
Infinity|0|non-instanced|6813554|20|25
Infinity|0|non-instanced|6813554|20|25
Infinity|0|non-instanced|6454946|19|25
Infinity|0|non-instanced|6454946|19|25
Infinity|0|non-instanced|6096338|18|25
Infinity|0|non-instanced|6096338|18|25
Infinity|0|non-instanced|5737730|17|25
Infinity|0|non-instanced|5737730|17|25
Infinity|0|non-instanced|5379122|16|25
Infinity|0|non-instanced|5379122|16|25
Infinity|0|non-instanced|5020514|15|25
Infinity|0|non-instanced|5020514|15|25
Infinity|0|non-instanced|4661906|14|25
Infinity|0|non-instanced|4661906|14|25
Infinity|0|non-instanced|4303298|13|25
Infinity|0|non-instanced|4303298|13|25
Infinity|0|non-instanced|3944690|12|25
Infinity|0|non-instanced|3944690|12|25
Infinity|0|non-instanced|3586082|11|25
Infinity|0|non-instanced|3586082|11|25
Infinity|0|non-instanced|3227474|10|25
Infinity|0|non-instanced|3227474|10|25
Infinity|0|non-instanced|2868866|9|25
Infinity|0|non-instanced|2868866|9|25
Infinity|0|non-instanced|2510258|8|25
Infinity|0|non-instanced|2510258|8|25
Infinity|0|non-instanced|2151650|7|25
Infinity|0|non-instanced|2151650|7|25
Infinity|0|non-instanced|1793042|6|25
Infinity|0|non-instanced|1793042|6|25
Infinity|0|non-instanced|1434434|5|25
Infinity|0|non-instanced|1434434|5|25
Infinity|0|non-instanced|1075826|4|25
Infinity|0|non-instanced|1075826|4|25
Infinity|0|non-instanced|717218|3|25
Infinity|0|non-instanced|717218|3|25
Infinity|0|non-instanced|358610|2|25
Infinity|0|non-instanced|358610|2|25
Infinity|0|non-instanced|26895602|76|25
Infinity|0|non-instanced|26895602|76|25
Infinity|0|non-instanced|26895602|76|25
Infinity|0|non-instanced|26895602|76|25
Infinity|0|non-instanced|44827942|137|25
Infinity|0|non-instanced|44827942|137|25
Infinity|0|non-instanced|44827942|137|25
Infinity|0|non-instanced|44827942|137|25
Infinity|0|non-instanced|44827942|137|25
Infinity|0|non-instanced|26895602|76|25
Infinity|0|non-instanced|26895602|76|25
Infinity|0|non-instanced|26895602|76|25
Infinity|0|non-instanced|26895602|76|25
Infinity|0|non-instanced|26895602|76|25
Infinity|0|non-instanced|26895602|76|25
Infinity|0|non-instanced|26895602|76|25
Infinity|0|non-instanced|358610|2|25
Infinity|0|non-instanced|358610|2|25
Infinity|0|non-instanced|358610|2|25
Infinity|0|non-instanced|717218|3|25
Infinity|0|non-instanced|717218|3|25
Infinity|0|non-instanced|717218|3|25
Infinity|0|non-instanced|717218|3|25
Infinity|0|non-instanced|717218|3|25
Infinity|0|non-instanced|717218|3|25
Infinity|0|non-instanced|717218|3|25
Infinity|0|non-instanced|717218|3|25
Infinity|0|non-instanced|717218|3|25
Infinity|0|non-instanced|717218|3|25
Infinity|0|non-instanced|717218|3|25
Infinity|0|non-instanced|717218|3|25
Infinity|0|non-instanced|717218|3|25
Infinity|0|non-instanced|717218|3|25
Infinity|0|non-instanced|717218|3|25
Infinity|0|non-instanced|717218|3|25
Infinity|0|non-instanced|717218|3|25
Infinity|0|non-instanced|717218|3|25
Infinity|0|non-instanced|717218|3|25
Infinity|0|non-instanced|717218|3|25
Infinity|0|non-instanced|3|2|25
Infinity|0|non-instanced|717218|3|25
50.00002|0.01999999|non-instanced|1686|7|1
50.00002|0.01999999|non-instanced|1796668|25|1
25.06888|0.0398901|non-instanced|1796914|29|1
41.05933|0.024355|non-instanced|1794974|17|1
10.33231|0.0967838|non-instanced|1794974|17|1
228.9902|0.004366999|non-instanced|1794974|17|1
82.73969|0.0120861|non-instanced|1794974|17|1
62.53595|0.0159908|non-instanced|1794974|17|1
63.8892|0.0156521|non-instanced|1794974|17|1
62.16856|0.0160853|non-instanced|1794974|17|1
63.04219|0.01586239|non-instanced|1794974|17|1
62.35033|0.01603841|non-instanced|1794974|17|1
63.6088|0.0157211|non-instanced|1794974|17|1
61.31131|0.0163102|non-instanced|1794974|17|1
63.89981|0.0156495|non-instanced|1794974|17|1
62.73684|0.0159396|non-instanced|1794974|17|1
62.9497|0.0158857|non-instanced|1794974|17|1
43.90894|0.0227744|non-instanced|1794976|18|1
64.77944|0.015437|non-instanced|1794974|17|1
201.967|0.004951304|non-instanced|1794974|17|1
244.5051|0.004089895|non-instanced|1794974|17|1
127.856|0.007821301|non-instanced|1794974|17|1
119.976|0.008334999|non-instanced|1794974|17|1
118.2592|0.008456002|non-instanced|1794974|17|1
69.90561|0.014305|non-instanced|1794974|17|1
70.63745|0.0141568|non-instanced|1794974|17|1
119.5857|0.008362202|non-instanced|1794974|17|1
117.0056|0.008546598|non-instanced|1794974|17|1
120.5197|0.0082974|non-instanced|1794974|17|1
115.4308|0.008663202|non-instanced|1794974|17|1
117.1564|0.008535601|non-instanced|1794974|17|1
118.468|0.0084411|non-instanced|1436366|16|1
116.5624|0.008579096|non-instanced|1794976|18|1
118.0958|0.008467701|non-instanced|1794974|17|1
118.6732|0.008426502|non-instanced|1794974|17|1
118.9061|0.008409998|non-instanced|1794974|17|1
114.6907|0.008719104|non-instanced|1794974|17|1
121.662|0.008219494|non-instanced|1794974|17|1
120.4616|0.008301403|non-instanced|1794974|17|1
118.7169|0.008423398|non-instanced|1794974|17|1
119.2606|0.008384999|non-instanced|1794974|17|1
118.6873|0.008425503|non-instanced|1794974|17|1
119.1895|0.008390001|non-instanced|1794974|17|1
118.7084|0.008424001|non-instanced|1794974|17|1
118.6592|0.008427494|non-instanced|1794974|17|1
118.2354|0.008457703|non-instanced|1794974|17|1
115.6577|0.008646202|non-instanced|1794974|17|1
121.0757|0.008259297|non-instanced|1794976|18|1
118.5944|0.008432101|non-instanced|1794974|17|1
118.9443|0.008407298|non-instanced|1794974|17|1
118.3432|0.00845|non-instanced|1794974|17|1
119.2392|0.008386501|non-instanced|1794974|17|1
118.6563|0.0084277|non-instanced|1794974|17|1
119.6444|0.008358099|non-instanced|1794974|17|1
119.6415|0.008358305|non-instanced|1794974|17|1
119.2564|0.008385296|non-instanced|1794974|17|1
118.7705|0.0084196|non-instanced|1794974|17|1
118.5312|0.0084366|non-instanced|1794974|17|1
119.1327|0.008393998|non-instanced|1794974|17|1
118.6324|0.008429401|non-instanced|1794974|17|1
119.3602|0.008378005|non-instanced|1794974|17|1
118.0109|0.008473795|non-instanced|1794974|17|1
117.6955|0.0084965|non-instanced|1794976|18|1
119.3858|0.008376204|non-instanced|1794974|17|1
118.6423|0.008428699|non-instanced|1794974|17|1
118.9019|0.008410296|non-instanced|1794974|17|1
119.4187|0.008373901|non-instanced|1794974|17|1
118.5523|0.008435098|non-instanced|1794974|17|1
118.834|0.0084151|non-instanced|1794974|17|1
86.00966|0.0116266|instanced|1794974|17|1
91.87291|0.0108846|instanced|1794970|17|1
151.7496|0.006589803|instanced|1794970|17|1
156.9687|0.006370699|instanced|1794970|17|1
122.8653|0.008138996|instanced|1794970|17|1
138.1444|0.007238804|instanced|1794970|17|1
119.3204|0.008380797|instanced|1794970|17|1
119.3303|0.008380102|instanced|1794970|17|1
117.4991|0.0085107|instanced|1794972|18|1
119.6229|0.008359602|instanced|1794970|17|1
116.5325|0.008581299|instanced|1794970|17|1
121.9334|0.008201198|instanced|1794970|17|1
88.05993|0.0113559|instanced|1794970|17|1
90.71199|0.0110239|instanced|1794970|17|1
113.6054|0.008802395|instanced|1794970|17|1
119.1171|0.008395104|instanced|1794970|17|1
118.5902|0.008432398|instanced|1794970|17|1
119.1186|0.008394998|instanced|1794970|17|1
118.7648|0.008420005|instanced|1794970|17|1
119.2748|0.008384|instanced|1794970|17|1
118.0123|0.008473696|instanced|1794970|17|1
119.2093|0.008388606|instanced|1436362|16|1
116.8539|0.008557696|instanced|1794970|17|1
118.8962|0.0084107|instanced|1794972|18|1
118.8269|0.008415604|instanced|1794970|17|1
118.7917|0.008418098|instanced|1794970|17|1
119.2065|0.008388804|instanced|1794970|17|1
119.0335|0.008400999|instanced|1794970|17|1
119.7519|0.008350595|instanced|1794970|17|1
119.6028|0.008361005|instanced|1794970|17|1
118.8877|0.008411296|instanced|1794970|17|1
118.227|0.008458305|instanced|1794970|17|1
120.5531|0.008295096|instanced|1794970|17|1
113.6596|0.0087982|instanced|1794970|17|1
121.4698|0.008232498|instanced|1794970|17|1
104.8536|0.009537104|instanced|1794970|17|1
134.5098|0.007434404|instanced|1794970|17|1
119.6201|0.0083598|instanced|1794970|17|1
114.8898|0.008703996|instanced|1794972|18|1
117.6401|0.008500503|instanced|1794970|17|1
117.4537|0.008513995|instanced|1794970|17|1
116.7611|0.008564498|instanced|1794970|17|1
116.3426|0.008595302|instanced|1794970|17|1
68.95551|0.0145021|instanced|1794970|17|1
231.9542|0.004311196|instanced|1794970|17|1
149.2425|0.006700503|instanced|1794970|17|1
117.4564|0.008513797|instanced|1794970|17|1
117.7884|0.008489803|instanced|1794970|17|1
117.1386|0.008536898|instanced|1794970|17|1
116.832|0.008559297|instanced|1794970|17|1
116.9098|0.0085536|instanced|1794970|17|1
117.2511|0.008528706|instanced|1794970|17|1
116.3684|0.008593395|instanced|1794970|17|1
115.0841|0.0086893|instanced|1794972|18|1
117.9134|0.008480803|instanced|1794970|17|1
117.331|0.008522895|instanced|1794970|17|1
117.887|0.008482703|instanced|1794970|17|1
115.5869|0.008651502|instanced|1794970|17|1
119.9689|0.008335494|instanced|1794970|17|1
115.6965|0.008643304|instanced|1794970|17|1
116.9399|0.008551403|instanced|1794970|17|1
121.3225|0.008242495|instanced|1794970|17|1
117.1523|0.008535898|instanced|1794970|17|1
118.0735|0.008469303|instanced|1794970|17|1
114.1227|0.0087625|instanced|1794970|17|1
116.8948|0.008554698|instanced|1794970|17|1
115.5735|0.008652502|instanced|1794970|17|1
117.4908|0.008511302|instanced|1794970|17|1
100.9561|0.0099053|instanced|1794972|18|1
136.1359|0.0073456|instanced|1794970|17|1
115.4055|0.008665101|instanced|1794970|17|1
119.0137|0.008402395|instanced|1794970|17|1
69.7642|0.014334|instanced|1794970|17|1
86.54408|0.0115548|instanced|1794970|17|1
99.32657|0.0100678|instanced|1794970|17|1
118.9315|0.008408199|instanced|1794970|17|1
115.8064|0.008635098|instanced|1794970|17|1
118.4932|0.0084393|instanced|1794970|17|1
117.4508|0.0085142|instanced|1794970|17|1
116.4456|0.008587698|instanced|1794970|17|1
116.8074|0.008561104|instanced|1794970|17|1
117.1043|0.008539399|instanced|1794970|17|1
118.8016|0.008417397|instanced|1794970|17|1
114.7842|0.008712004|instanced|1794972|18|1
120.5342|0.0082964|instanced|1794970|17|1
115.2924|0.008673597|instanced|1794970|17|1
117.7551|0.008492198|instanced|1794970|17|1
116.5487|0.008580102|instanced|1794970|17|1
117.1467|0.008536302|instanced|1794970|17|1
116.4483|0.0085875|instanced|1794970|17|1
116.1387|0.008610396|instanced|1794970|17|1
98.79662|0.0101218|instanced|1436362|16|1
143.6802|0.006959899|instanced|1436362|16|1
120.7438|0.008282001|instanced|1794970|17|1
119.6873|0.008355103|instanced|1794970|17|1
120.2299|0.008317397|instanced|1794970|17|1
119.1029|0.008396103|instanced|1794970|17|1
120.3123|0.008311699|instanced|1794970|17|1
117.7953|0.0084893|instanced|1794972|18|1
120.0467|0.008330095|instanced|1794970|17|1
119.5214|0.008366702|instanced|1794970|17|1
120.0394|0.008330598|instanced|1794970|17|1
119.1625|0.008391901|instanced|1794970|17|1
113.8161|0.008786104|instanced|1794970|17|1
119.252|0.008385601|instanced|1794970|17|1
119.9689|0.008335494|instanced|1794970|17|1
118.7055|0.008424207|instanced|1794970|17|1
118.3895|0.008446698|instanced|1794970|17|1
120.6534|0.008288202|instanced|1794970|17|1
115.4468|0.008661997|instanced|1794970|17|1
121.7241|0.008215299|instanced|1794970|17|1
116.7529|0.008565101|instanced|1794970|17|1
117.8758|0.008483503|instanced|1794970|17|1
108.6531|0.0092036|instanced|1794972|18|1
118.6338|0.008429301|instanced|1794970|17|1
119.0633|0.008398894|instanced|1794970|17|1
118.8735|0.008412302|instanced|1794970|17|1
119.208|0.008388697|instanced|1794970|17|1
119.5086|0.008367602|instanced|1794970|17|1
109.4463|0.009136898|instanced|1794970|17|1
121.5953|0.008224001|instanced|1794970|17|1
118.3992|0.008446003|instanced|1794970|17|1
116.4592|0.008586699|instanced|1794970|17|1
119.6645|0.008356696|instanced|1794970|17|1
118.381|0.0084473|instanced|1794970|17|1
114.6855|0.008719501|instanced|1794970|17|1
116.97|0.008549199|instanced|1794970|17|1
118.2676|0.008455399|instanced|1794970|17|1
117.0823|0.008541001|instanced|1794972|18|1
119.8825|0.008341503|instanced|1794970|17|1
78.03173|0.0128153|instanced|1436362|16|1
116.1022|0.008613102|instanced|1794970|17|1
114.0888|0.008765101|instanced|1794970|17|1
118.447|0.008442595|instanced|1794970|17|1
118.1321|0.008465101|instanced|1794970|17|1
117.6138|0.008502402|instanced|1794970|17|1
121.2724|0.008245897|instanced|1794970|17|1
116.171|0.008608|instanced|1794970|17|1
119.4215|0.008373703|instanced|1794970|16|1
119.1683|0.008391497|instanced|1794970|17|1
118.6549|0.008427799|instanced|1794970|17|1
116.6426|0.008573201|instanced|1794970|17|1
118.5002|0.008438804|instanced|1794970|17|1
114.244|0.008753195|instanced|1794972|18|1
116.1818|0.008607199|instanced|1794970|17|1
119.9615|0.008336005|instanced|1794970|17|1
116.5175|0.008582398|instanced|1794970|17|1
117.4854|0.008511699|instanced|1794970|17|1
117.6734|0.008498101|instanced|1794970|17|1
117.894|0.008482199|instanced|1794970|17|1
116.2656|0.008601|instanced|1794970|17|1
116.7842|0.008562805|instanced|1794970|17|1
119.2166|0.008388096|instanced|1794970|17|1
119.5029|0.008367999|instanced|1794970|17|1
119.6573|0.0083572|instanced|1794970|17|1
120.7598|0.008280903|instanced|1794970|17|1
120.2834|0.008313698|instanced|1794970|17|1
118.8227|0.008415901|instanced|1794970|17|1
117.8161|0.008487805|instanced|1794972|18|1
117.7052|0.008495798|instanced|1794970|17|1
118.2495|0.008456697|instanced|1794970|17|1
117.3255|0.008523299|instanced|1794970|17|1
119.2776|0.008383801|instanced|1794970|17|1
116.0012|0.008620599|instanced|1794970|17|1
119.4315|0.008373002|instanced|1794970|17|1
117.0864|0.008540703|instanced|1794970|17|1
118.2564|0.0084562|instanced|1794970|16|1
121.0961|0.008257901|instanced|1436362|16|1
119.1327|0.008393998|instanced|1794970|17|1
116.1683|0.008608199|instanced|1436362|16|1
119.3218|0.008380697|instanced|1794970|17|1
121.6781|0.008218403|instanced|1794970|17|1
119.8194|0.008345897|instanced|1794970|17|1
117.5157|0.008509503|instanced|1794972|18|1
117.9301|0.008479599|instanced|1794970|16|1
117.8801|0.008483198|instanced|1794970|17|1
117.4854|0.008511699|instanced|1794970|17|1
116.8006|0.0085616|instanced|1794970|17|1
117.6747|0.008498002|instanced|1794970|17|1
119.1554|0.008392404|instanced|1794970|17|1
116.832|0.008559297|instanced|1794970|17|1
117.1934|0.008532901|instanced|1794970|17|1
117.0796|0.008541199|instanced|1794970|17|1
117.8287|0.008486898|instanced|1794970|17|1
119.726|0.008352403|instanced|1794970|17|1
116.2115|0.008605002|instanced|1794970|17|1
117.6873|0.008497095|instanced|1794970|16|1
114.7855|0.008711905|instanced|1794970|17|1
102.6304|0.009743701|instanced|1794972|18|1
75.76966|0.0131979|instanced|1794970|17|1
117.8286|0.008486905|instanced|1794970|17|1
113.1414|0.008838499|instanced|1794970|17|1
125.7514|0.007952197|instanced|1794970|17|1
57.96294|0.0172524|instanced|1794970|17|1
117.4316|0.008515596|instanced|1794970|17|1
119.2989|0.008382306|instanced|1794970|17|1
68.33356|0.0146341|instanced|1794970|17|1
118.8834|0.0084116|instanced|1794970|17|1
116.5814|0.0085777|instanced|1794970|17|1
119.2336|0.008386898|instanced|1794970|17|1
118.4862|0.008439803|instanced|1794970|17|1
118.9924|0.008403897|instanced|1794970|17|1
118.0679|0.0084697|instanced|1794970|17|1
112.5352|0.008886104|instanced|1794972|18|1
124.2637|0.008047399|instanced|1794970|17|1
116.0174|0.008619395|instanced|1794970|17|1
116.727|0.008567|instanced|1794970|17|1
118.2466|0.008456902|instanced|1436362|16|1
119.3061|0.008381803|instanced|1794970|17|1
87.98713|0.0113653|instanced|1794970|17|1
98.83765|0.0101176|instanced|1794970|17|1
121.9393|0.008200801|instanced|1794970|17|1
113.2208|0.008832299|instanced|1794970|16|1
124.9047|0.008006101|instanced|1794970|17|1
117.2168|0.008531201|instanced|1794970|17|1
118.1866|0.008461196|instanced|1794970|17|1
118.7973|0.008417701|instanced|1794970|17|1
115.1357|0.008685403|instanced|1794970|17|1
119.6187|0.0083599|instanced|1794972|18|1
117.2017|0.008532299|instanced|1794970|17|1
118.8976|0.008410601|instanced|1794970|17|1
119.4886|0.008368998|instanced|1794970|17|1
116.6889|0.008569798|instanced|1794970|17|1
119.5343|0.008365802|instanced|1794970|17|1
120.3182|0.008311295|instanced|1794970|17|1
119.0476|0.0084|instanced|1794970|17|1
117.7884|0.008489803|instanced|1794970|17|1
117.4163|0.008516702|instanced|1794970|16|1
119.9501|0.008336798|instanced|1794970|16|1
120.0956|0.008326701|instanced|1794970|17|1
120.0279|0.008331398|instanced|1794970|17|1
119.3503|0.008378699|instanced|1794970|17|1
120.1114|0.008325602|instanced|1794970|17|1
117.5254|0.008508801|instanced|1794972|18|1
119.6516|0.008357597|instanced|1794970|17|1
119.6286|0.008359205|instanced|1794970|17|1
101.0132|0.009899695|instanced|1794970|17|1
101.423|0.009859701|instanced|1794970|17|1
100.9917|0.0099018|instanced|1794970|17|1
118.9626|0.008406002|instanced|1794970|17|1
120.1909|0.008320096|instanced|1794970|17|1
119.0335|0.008400999|instanced|1794970|17|1
118.3669|0.008448306|instanced|1794970|17|1
120.2791|0.008313995|instanced|1794970|17|1
95.72033|0.0104471|instanced|1794970|17|1
95.16289|0.0105083|instanced|1794970|17|1
114.4951|0.008733999|instanced|1794970|17|1
118.1865|0.008461203|instanced|1794970|17|1
119.1512|0.008392701|instanced|1794972|18|1
119.6488|0.008357795|instanced|1794970|17|1
118.297|0.008453302|instanced|1794970|17|1
119.3417|0.008379301|instanced|1794970|17|1
115.8548|0.008631498|instanced|1794970|17|1
120.7146|0.008284|instanced|1794970|17|1
116.0645|0.008615902|instanced|1794970|17|1
116.4727|0.0085857|instanced|1794970|17|1
120.5807|0.008293197|instanced|1794970|17|1
119.3502|0.008378706|instanced|1794970|17|1
116.8457|0.008558298|instanced|1794970|17|1
119.049|0.008399901|instanced|1794970|17|1
118.2397|0.008457398|instanced|1794970|17|1
117.5807|0.008504798|instanced|1794970|17|1
119.7619|0.008349901|instanced|1794970|17|1
116.7297|0.008566801|instanced|1794972|18|1
118.1251|0.008465604|instanced|1794970|17|1
118.3152|0.008451998|instanced|1794970|17|1
119.5471|0.008364902|instanced|1794970|17|1
120.0135|0.008332398|instanced|1794970|17|1
119.2578|0.008385197|instanced|1794970|17|1
119.3787|0.008376701|instanced|1794970|16|1
119.2449|0.008386104|instanced|1794970|17|1
27.24395|0.0367054|instanced|1794970|17|1
16.62068|0.060166|instanced|1794970|17|1
98.22318|0.0101809|instanced|1794970|17|1
105.5955|0.009470103|instanced|1794970|17|1
232.5746|0.004299695|instanced|1794970|17|1
123.9234|0.008069501|instanced|1794970|17|1
120.7146|0.008284|instanced|1794970|17|1
117.5102|0.008509899|instanced|1794972|18|1
119.7734|0.0083491|instanced|1794970|17|1
118.4988|0.008438903|instanced|1794970|17|1
118.1517|0.008463698|instanced|1794970|17|1
120.8663|0.008273604|instanced|1794970|17|1
120.3587|0.008308496|instanced|1794970|17|1
120.3543|0.008308801|instanced|1794970|17|1
120.2617|0.0083152|instanced|1794970|17|1
119.3603|0.008377997|instanced|1794970|17|1
120.4587|0.008301602|instanced|1794970|17|1
119.3673|0.008377502|instanced|1794970|17|1
119.0817|0.008397598|instanced|1794970|17|1
119.9271|0.0083384|instanced|1794970|17|1
117.8439|0.0084858|instanced|1794970|17|1
120.4659|0.008301105|instanced|1794970|17|1
116.4361|0.0085884|instanced|1794972|18|1
118.0819|0.008468701|instanced|1794970|17|1
80.00639|0.012499|instanced|1794970|17|1
113.0966|0.008842|instanced|1794970|17|1
119.2748|0.008384|instanced|1794970|17|1
116.2629|0.008601198|instanced|1794970|17|1
117.9761|0.008476296|instanced|1794970|17|1
115.2512|0.0086767|instanced|1794970|17|1
121.5022|0.008230301|instanced|1794970|17|1
117.4439|0.008514704|instanced|1794970|17|1
116.8662|0.008556795|instanced|1794970|17|1
116.9481|0.0085508|instanced|1794970|17|1
117.7108|0.008495401|instanced|1794970|17|1
119.2662|0.008384602|instanced|1794970|17|1
111.8005|0.008944501|instanced|1794970|17|1
42.89784|0.0233112|instanced|1794972|18|1
186.4905|0.005362202|instanced|1794970|17|1
169.2105|0.0059098|instanced|1794970|17|1
174.301|0.005737202|instanced|1794970|17|1
123.0103|0.0081294|instanced|1794970|17|1
117.9107|0.008480995|instanced|1794970|17|1
120.1677|0.008321705|instanced|1794970|17|1
120.4472|0.008302395|instanced|1794970|17|1
119.9486|0.008336904|instanced|1794970|17|1
119.5501|0.008364697|instanced|1794970|17|1
120.3732|0.008307497|instanced|1794970|17|1
119.2549|0.008385402|instanced|1794970|17|1
119.9616|0.008335997|instanced|1794970|17|1
119.7834|0.008348405|instanced|1794970|17|1
118.7974|0.008417694|instanced|1794970|17|1
116.5039|0.008583404|instanced|1794972|18|1
116.8785|0.008555896|instanced|1794970|17|1
98.06033|0.0101978|instanced|1794970|17|1
102.9792|0.0097107|instanced|1794970|17|1
62.29985|0.0160514|instanced|1794970|17|1
57.85833|0.0172836|instanced|1794970|17|1
69.73793|0.0143394|instanced|1794970|17|1
55.53487|0.0180067|instanced|1794970|17|1
79.10518|0.0126414|instanced|1794970|17|1
55.13043|0.0181388|instanced|1794970|17|1
81.86793|0.0122148|instanced|1794970|17|1
54.98736|0.018186|instanced|1794970|17|1
70.36849|0.01421091|instanced|1794970|17|1
57.26394|0.017463|instanced|1794970|17|1
51.07068|0.01958071|instanced|1794970|17|1
74.82344|0.0133648|instanced|1794972|18|1
89.91026|0.0111222|instanced|1794970|17|1
106.9667|0.009348704|instanced|1794970|17|1
82.96692|0.012053|instanced|1794970|17|1
53.24501|0.0187811|instanced|1794970|17|1
68.04433|0.0146963|instanced|1794970|17|1
50.71432|0.0197183|instanced|1794970|17|1
78.14819|0.0127962|instanced|1794970|17|1
56.11988|0.017819|instanced|1794970|17|1
99.53912|0.0100463|instanced|1794970|17|1
120.9014|0.008271202|instanced|1794970|17|1
119.5772|0.008362798|instanced|1794970|17|1
118.2424|0.0084572|instanced|1794970|17|1
119.7333|0.008351899|instanced|1794970|17|1
118.2746|0.008454904|instanced|1794970|17|1
118.29|0.008453798|instanced|1794972|18|1
119.0618|0.008399|instanced|1794970|17|1
119.8079|0.008346698|instanced|1794970|17|1
120.1764|0.008321103|instanced|1794970|17|1
120.1043|0.008326098|instanced|1794970|17|1
119.7633|0.008349801|instanced|1794970|17|1
119.47|0.008370302|instanced|1794970|17|1
120.1591|0.0083223|instanced|1794970|17|1
119.7705|0.008349298|instanced|1794970|17|1
115.5028|0.008657802|instanced|1794970|17|1
75.93363|0.01316939|instanced|1794970|17|1
57.56224|0.0173725|instanced|1794970|17|1
56.85016|0.0175901|instanced|1794970|17|1
80.26774|0.0124583|instanced|1794970|17|1
54.67559|0.0182897|instanced|1794970|17|1
67.7291|0.0147647|instanced|1794970|17|1
69.01645|0.0144893|instanced|1794970|17|1
64.74589|0.015445|instanced|1794970|17|1
69.98195|0.0142894|instanced|1794970|17|1
87.86572|0.011381|instanced|1794970|17|1
63.04295|0.0158622|instanced|1794970|17|1
70.56169|0.014172|instanced|1794970|17|1
119.1256|0.008394501|instanced|1794970|17|1
117.1687|0.008534701|instanced|1794970|17|1
119.1697|0.008391397|instanced|1794970|17|1
116.3074|0.008597903|instanced|1794970|17|1
117.8551|0.008484999|instanced|1794970|17|1
120.175|0.008321201|instanced|1794970|17|1
120.4805|0.0083001|instanced|1794970|17|1
119.6158|0.008360098|instanced|1794970|17|1
117.701|0.008496103|instanced|1794972|18|1
119.8351|0.008344798|instanced|1794970|17|1
120.3486|0.008309198|instanced|1794970|17|1
118.8636|0.008413003|instanced|1794970|17|1
119.9904|0.008334|instanced|1794970|17|1
79.67745|0.0125506|instanced|1794970|17|1
112.9102|0.008856597|instanced|1794970|17|1
117.2841|0.008526304|instanced|1794970|17|1
112.7994|0.008865299|instanced|1794970|17|1
118.834|0.0084151|instanced|1794970|17|1
120.7832|0.008279294|instanced|1794970|17|1
116.1966|0.008606101|instanced|1794970|17|1
121.0888|0.008258404|instanced|1794970|17|1
119.1313|0.008394097|instanced|1794970|17|1
119.3374|0.008379599|instanced|1794970|17|1
118.1796|0.008461699|instanced|1794972|18|1
118.7197|0.0084232|instanced|1794970|17|1
82.86787|0.0120674|instanced|1794970|17|1
207.284|0.004824298|instanced|1794970|17|1
118.991|0.008403997|instanced|1794970|17|1
119.7289|0.008352204|instanced|1794970|17|1
119.5658|0.008363598|instanced|1794970|17|1
118.0637|0.008470004|instanced|1794970|17|1
118.1014|0.008467297|instanced|1794970|17|1
116.4931|0.008584198|instanced|1794970|17|1
117.4274|0.008515901|instanced|1794970|17|1
117.6263|0.008501503|instanced|1794970|17|1
120.123|0.008324802|instanced|1794970|17|1
75.32221|0.0132763|instanced|1794970|17|1
80.23557|0.0124633|instanced|1794970|17|1
73.39236|0.0136254|instanced|1794972|18|1
88.4165|0.01131011|instanced|1794970|17|1
63.07239|0.0158548|instanced|1794970|17|1
71.78596|0.0139303|instanced|1794970|17|1
70.62646|0.014159|instanced|1794970|17|1
88.40405|0.0113117|instanced|1794970|17|1
63.76046|0.0156837|instanced|1794970|17|1
69.8368|0.0143191|instanced|1794970|17|1
76.09422|0.0131416|instanced|1794970|17|1
71.93211|0.013902|instanced|1794970|17|1
119.1583|0.008392198|instanced|1794970|17|1
80.71218|0.0123897|instanced|1794970|17|1
99.24769|0.0100758|instanced|1794970|17|1
80.43372|0.0124326|instanced|1794970|17|1
68.10088|0.0146841|instanced|1794970|17|1
115.0086|0.008695005|instanced|1794972|18|1
69.84704|0.014317|instanced|1794970|17|1
69.93645|0.0142987|instanced|1794970|17|1
70.88074|0.01410821|instanced|1794970|17|1
116.858|0.008557398|instanced|1794970|17|1
72.46429|0.0137999|instanced|1794970|17|1
119.1555|0.008392396|instanced|1794970|17|1
120.0004|0.008333305|instanced|1794970|17|1
70.95372|0.01409369|instanced|1794970|17|1
118.8142|0.008416504|instanced|1794970|17|1
119.3374|0.008379599|instanced|1794970|17|1
119.3033|0.008382001|instanced|1794970|17|1
119.4072|0.008374702|instanced|1794970|17|1
120.6972|0.008285197|instanced|1794970|17|1
119.0547|0.008399497|instanced|1794970|17|1
118.1306|0.008465207|instanced|1794972|18|1
120.0019|0.008333199|instanced|1794970|17|1
118.991|0.008403997|instanced|1794970|17|1
120.4007|0.008305598|instanced|1794970|17|1
120.7554|0.0082812|instanced|1794970|17|1
118.9867|0.008404301|instanced|1794970|17|1
120.3833|0.008306803|instanced|1794970|17|1
119.1753|0.008391|instanced|1794970|17|1
121.4771|0.008232001|instanced|1794970|17|1
119.4543|0.008371401|instanced|1794970|17|1
101.2792|0.009873697|instanced|1794970|17|1
147.4622|0.006781399|instanced|1794970|17|1
116.428|0.008589002|instanced|1794970|17|1
116.1481|0.008609701|instanced|1794970|17|1
120.2921|0.008313095|instanced|1794970|17|1
115.1689|0.008682901|instanced|1794972|18|1
116.9672|0.008549404|instanced|1794970|17|1
117.2705|0.008527296|instanced|1794970|17|1
116.9987|0.008547102|instanced|1794970|17|1
117.3764|0.0085196|instanced|1794970|17|1
116.5623|0.008579103|instanced|1794970|17|1
117.0809|0.0085411|instanced|1794970|17|1
118.5509|0.008435197|instanced|1794970|17|1
117.6636|0.008498803|instanced|1794970|17|1
118.8707|0.0084125|instanced|1794970|17|1
115.8212|0.008633999|instanced|1436362|16|1
116.3021|0.0085983|instanced|1794970|17|1
118.0693|0.0084696|instanced|1794970|17|1
117.107|0.008539201|instanced|1794970|17|1
115.4628|0.008660799|instanced|1436362|17|1
118.827|0.008415597|instanced|1794972|18|1
118.181|0.0084616|instanced|1794970|17|1
117.5447|0.008507405|instanced|1794970|17|1
118.0373|0.008471896|instanced|1794970|17|1
117.1934|0.008532901|instanced|1794970|17|1
118.4441|0.0084428|instanced|1794970|17|1
117.1811|0.008533801|instanced|1794970|17|1
116.858|0.008557398|instanced|1794970|17|1
118.7479|0.008421202|instanced|1794970|17|1
117.1249|0.008537897|instanced|1794970|17|1
115.0761|0.008689902|instanced|1794970|17|1
118.2788|0.008454598|instanced|1794970|17|1
116.6507|0.008572598|instanced|1794970|17|1
116.6153|0.008575206|instanced|1794970|17|1
115.6819|0.008644395|instanced|1794970|17|1
117.258|0.008528203|instanced|1794972|18|1
115.3523|0.008669097|instanced|1794970|17|1
115.4761|0.008659801|instanced|1794970|17|1
117.0056|0.008546598|instanced|1794970|17|1
117.7911|0.008489605|instanced|1794970|17|1
117.7842|0.008490101|instanced|1794970|17|1
120.4747|0.008300496|instanced|1794970|17|1
79.69207|0.0125483|instanced|1794970|17|1
114.1526|0.008760205|instanced|1794970|17|1
114.0186|0.0087705|instanced|1794970|17|1
118.9711|0.0084054|instanced|1794970|17|1
113.9251|0.008777699|instanced|1794970|17|1
118.2956|0.008453402|instanced|1794970|17|1
115.5215|0.008656398|instanced|1436362|17|1
119.8064|0.008346797|instanced|1794970|17|1
114.3694|0.008743601|instanced|1794972|18|1
117.7273|0.008494204|instanced|1794970|17|1
117.1331|0.008537294|instanced|1794970|17|1
116.3914|0.008591702|instanced|1794970|17|1
115.0973|0.008688301|instanced|1794970|17|1
116.3535|0.008594501|instanced|1794970|17|1
119.0831|0.008397498|instanced|1794970|17|1
114.9267|0.008701198|instanced|1794970|17|1
116.4592|0.008586699|instanced|1794970|17|1
113.7255|0.008793105|instanced|1794970|17|1
81.97326|0.0121991|instanced|1794970|17|1
68.54152|0.0145897|instanced|1794970|17|1
87.77321|0.011393|instanced|1794970|17|1
63.57521|0.0157294|instanced|1794970|17|1
120.2024|0.008319302|instanced|1794970|17|1
118.9825|0.008404599|instanced|1794972|18|1
119.3218|0.008380697|instanced|1794970|17|1
119.716|0.008353104|instanced|1794970|17|1
119.9817|0.008334601|instanced|1794970|17|1
117.8078|0.0084884|instanced|1794970|17|1
121.8829|0.008204599|instanced|1794970|17|1
119.8955|0.008340596|instanced|1794970|17|1
120.2284|0.008317503|instanced|1794970|17|1
119.6616|0.008356902|instanced|1794970|17|1
89.64992|0.0111545|instanced|1794970|17|1
176.4386|0.005667694|instanced|1794970|17|1
121.4639|0.008232901|instanced|1794970|17|1
120.0192|0.008332001|instanced|1794970|17|1
119.7849|0.008348299|instanced|1794970|17|1
120.1331|0.0083241|instanced|1794970|17|1
115.4868|0.008659|instanced|1794972|18|1
117.4687|0.008512904|instanced|1794970|17|1
117.1125|0.008538797|instanced|1794970|17|1
116.5841|0.008577501|instanced|1794970|17|1
118.346|0.008449801|instanced|1794970|17|1
115.6992|0.008643098|instanced|1794970|17|1
113.7747|0.0087893|instanced|1794970|17|1
117.8009|0.008488903|instanced|1794970|17|1
118.0834|0.008468594|instanced|1794970|17|1
119.9759|0.008335005|instanced|1794970|17|1
114.4532|0.008737195|instanced|1794970|17|1
119.3673|0.008377502|instanced|1794970|17|1
116.0133|0.0086197|instanced|1794970|17|1
116.3765|0.0085928|instanced|1794970|17|1
116.6657|0.008571499|instanced|1794970|17|1
116.8088|0.008560997|instanced|1794972|18|1
116.9974|0.008547201|instanced|1794970|17|1
117.5751|0.008505201|instanced|1794970|17|1
119.5929|0.008361699|instanced|1794970|17|1
78.50463|0.0127381|instanced|1794970|17|1
116.2156|0.008604698|instanced|1794970|17|1
118.6479|0.008428303|instanced|1794970|17|1
114.6947|0.0087188|instanced|1794970|17|1
117.5903|0.008504103|instanced|1794970|17|1
116.9865|0.008547994|instanced|1794970|17|1
116.546|0.0085803|instanced|1794970|17|1
116.3846|0.008592205|instanced|1794970|17|1
116.5475|0.008580194|instanced|1794970|17|1
115.5441|0.008654705|instanced|1794970|17|1
118.534|0.008436395|instanced|1794970|17|1
116.892|0.008554904|instanced|1794972|18|1
119.1611|0.008392|instanced|1794970|17|1
117.6761|0.008497902|instanced|1794970|17|1
116.9044|0.008553997|instanced|1794970|17|1
116.3535|0.008594501|instanced|1794970|17|1
117.2044|0.0085321|instanced|1436362|16|1
115.3429|0.008669799|instanced|1794970|17|1
116.4727|0.0085857|instanced|1794970|17|1
119.7504|0.008350701|instanced|1794970|17|1
78.88056|0.01267739|instanced|1794970|17|1
113.3683|0.008820805|instanced|1794970|17|1
117.0056|0.008546598|instanced|1794970|17|1
117.3709|0.008519997|instanced|1794970|17|1
113.4828|0.008811905|instanced|1794970|17|1
71.39135|0.0140073|instanced|1794970|17|1
115.9689|0.008623002|instanced|1794972|18|1
115.4255|0.008663598|instanced|1794970|17|1
117.1743|0.008534297|instanced|1794970|17|1
116.3967|0.008591305|instanced|1794970|17|1
114.8634|0.008705995|instanced|1794970|17|1
115.2725|0.008675099|instanced|1794970|17|1
118.9004|0.008410403|instanced|1794970|17|1
116.9194|0.008552899|instanced|1794970|17|1
116.0982|0.0086134|instanced|1794970|17|1
118.8185|0.008416199|instanced|1794970|17|1
116.5012|0.008583602|instanced|1794970|17|1
116.7174|0.008567701|instanced|1794970|17|1
116.4945|0.008584099|instanced|1794970|17|1
115.9367|0.008625397|instanced|1794970|17|1
117.719|0.008494806|instanced|1794970|17|1
115.6471|0.008646996|instanced|1794972|18|1
114.1331|0.008761699|instanced|1794970|17|1
71.83339|0.0139211|instanced|1794970|17|1
119.3061|0.008381803|instanced|1794970|17|1
115.6791|0.0086446|instanced|1794970|17|1
117.8814|0.0084831|instanced|1794970|17|1
116.8908|0.008554996|instanced|1794970|17|1
113.4494|0.008814505|instanced|1794970|17|1
116.8662|0.008556795|instanced|1794970|17|1
118.7197|0.0084232|instanced|1794970|17|1
117.2965|0.008525404|instanced|1794970|17|1
118.4539|0.008442099|instanced|1794970|17|1
3|0.3333333|instanced|1794970|17|1
122.2883|0.008177395|instanced|1794970|17|1
183.712|0.005443303|instanced|1794970|17|1
199.243|0.005018998|instanced|1794970|17|1
160.2564|0.006240001|instanced|1794970|17|1
225.0631|0.004443198|instanced|1794970|17|1
172.3424|0.005802402|instanced|1794970|17|1
120.524|0.008297102|instanced|1794970|17|1
120.4007|0.008305598|instanced|1794970|17|1
118.6451|0.008428501|instanced|1794970|17|1
119.8925|0.008340802|instanced|1794970|17|1
120.4747|0.008300496|instanced|1794970|17|1
118.4862|0.008439803|instanced|1794970|17|1
121.0742|0.008259396|instanced|1794970|17|1
119.2478|0.008385899|instanced|1794970|17|1
108.6874|0.009200701|instanced|1794970|17|1
133.2978|0.007501998|instanced|1794970|17|1
119.2719|0.008384204|instanced|1794970|17|1
118.1921|0.008460799|instanced|1794972|18|1
119.58|0.0083626|instanced|1794970|17|1
119.4572|0.008371202|instanced|1794970|17|1
117.3338|0.008522697|instanced|1794970|17|1
119.3972|0.008375403|instanced|1794970|17|1
114.9941|0.008696095|instanced|1794970|17|1
121.9601|0.008199405|instanced|1794970|17|1
115.055|0.008691496|instanced|1794970|17|1
119.5172|0.008367|instanced|1794970|17|1
119.749|0.008350801|instanced|1794970|17|1
115.8427|0.008632398|instanced|1794970|17|1
120.0826|0.008327601|instanced|1794970|17|1
117.6484|0.008499901|instanced|1794970|17|1
115.5656|0.008653097|instanced|1794970|17|1
117.7024|0.008496003|instanced|1794970|17|1
119.8437|0.008344203|instanced|1794972|18|1
70.16657|0.0142518|instanced|1794970|17|1
116.1374|0.008610494|instanced|1794970|17|1
118.7507|0.008421004|instanced|1794970|17|1
118.8481|0.008414102|instanced|1794970|17|1
119.5243|0.008366496|instanced|1794970|17|1
114.9505|0.008699398|instanced|1794970|17|1
121.3503|0.008240604|instanced|1794970|17|1
119.6845|0.008355301|instanced|1794970|17|1
119.255|0.008385396|instanced|1794970|17|1
117.28|0.008526602|instanced|1794970|17|1
119.2079|0.008388705|instanced|1794970|17|1
116.8729|0.0085563|instanced|1794970|17|1
117.0316|0.008544699|instanced|1794970|17|1
116.6004|0.008576297|instanced|1794970|17|1
116.4402|0.008588103|instanced|1794972|18|1
119.6802|0.008355598|instanced|1794970|17|1
118.4708|0.008440902|instanced|1794970|17|1
120.2718|0.008314499|instanced|1794970|17|1
120.1619|0.008322102|instanced|1794970|17|1
120.279|0.008314002|instanced|1794970|17|1
120.2241|0.0083178|instanced|1794970|17|1
119.4415|0.0083723|instanced|1794970|17|1
119.2108|0.008388499|instanced|1794970|17|1
117.382|0.008519197|instanced|1794970|17|1
119.7045|0.008353905|instanced|1794970|17|1
114.2257|0.008754599|instanced|1794970|17|1
119.7949|0.008347598|instanced|1794970|17|1
118.0791|0.008468899|instanced|1794970|17|1
119.0023|0.008403203|instanced|1794970|17|1
76.48652|0.0130742|instanced|1794972|18|1
117.3543|0.008521202|instanced|1794970|17|1
118.9471|0.0084071|instanced|1794970|17|1
118.4273|0.008443998|instanced|1794970|17|1
120.3398|0.0083098|instanced|1794970|17|1
115.71|0.008642297|instanced|1794970|17|1
121.6885|0.008217702|instanced|1794970|17|1
119.4301|0.008373101|instanced|1794970|17|1
118.9273|0.008408496|instanced|1794970|17|1
119.2122|0.0083884|instanced|1794970|17|1
119.7174|0.008353004|instanced|1794970|17|1
119.6716|0.008356201|instanced|1794970|17|1
117.8732|0.008483695|instanced|1794970|17|1
120.022|0.008331803|instanced|1794970|17|1
114.4361|0.008738499|instanced|1794970|17|1
119.7347|0.0083518|instanced|1794972|18|1
116.1589|0.0086089|instanced|1794970|17|1
121.5259|0.008228699|instanced|1794970|17|1
118.2718|0.008455102|instanced|1794970|17|1
119.5557|0.0083643|instanced|1794970|17|1
116.9221|0.0085527|instanced|1794970|17|1
119.9473|0.008336997|instanced|1794970|17|1
119.6429|0.008358206|instanced|1794970|17|1
119.9559|0.008336394|instanced|1794970|17|1
119.8681|0.008342503|instanced|1794970|17|1
120.1187|0.008325099|instanced|1794970|17|1
120.1187|0.008325099|instanced|1794970|17|1
119.2648|0.008384701|instanced|1794970|17|1
119.52|0.008366801|instanced|1794970|17|1
118.3208|0.008451601|instanced|1794970|17|1
119.5057|0.0083678|instanced|1794972|18|1
114.6736|0.008720401|instanced|1794970|17|1
118.5566|0.008434793|instanced|1794970|17|1
114.2191|0.008755102|instanced|1794970|17|1
118.3572|0.008449001|instanced|1794970|17|1
119.9372|0.008337699|instanced|1794970|17|1
120.3572|0.008308602|instanced|1794970|17|1
119.3717|0.008377196|instanced|1794970|17|1
119.7331|0.008351906|instanced|1794970|17|1
118.9839|0.0084045|instanced|1794970|17|4
120.0971|0.008326595|instanced|1794970|17|4
114.7868|0.008711806|instanced|7174090|17|4
118.6114|0.008430895|instanced|7174090|17|4
120.1302|0.008324298|instanced|7174090|17|4
115.5321|0.008655605|instanced|7174090|17|4
120.5996|0.0082919|instanced|7174092|18|4
118.7945|0.0084179|instanced|7174090|17|4
119.2024|0.008389095|instanced|7174090|17|4
119.2961|0.008382504|instanced|7174090|17|4
118.9811|0.008404698|instanced|7174090|17|4
116.8415|0.008558603|instanced|7174090|17|4
119.696|0.0083545|instanced|7174090|17|4
119.57|0.008363301|instanced|7174090|17|4
118.0234|0.008472895|instanced|7174090|17|4
114.9663|0.0086982|instanced|7174090|17|4
118.2508|0.008456605|instanced|7174090|17|4
116.5393|0.008580796|instanced|7174090|17|4
118.1195|0.008466001|instanced|7174090|17|4
120.4485|0.008302303|instanced|7174090|17|4
78.7985|0.0126906|instanced|7174090|17|4
111.9645|0.008931398|instanced|7174092|18|4
115.2578|0.008676205|instanced|7174090|17|4
115.8802|0.008629599|instanced|7174090|17|9
116.0982|0.0086134|instanced|7174090|17|9
112.4999|0.008888896|instanced|16139290|17|9
114.8725|0.0087053|instanced|16139290|17|9
116.1764|0.008607604|instanced|16139290|17|9
117.5171|0.008509397|instanced|16139290|17|9
117.122|0.008538103|instanced|16139290|17|9
115.2073|0.008680003|instanced|16139289|17|9
116.0538|0.008616695|instanced|16139290|17|9
117.6816|0.008497505|instanced|16139290|17|9
116.0012|0.008620599|instanced|16139290|17|9
118.7324|0.0084223|instanced|16139290|17|9
110.9263|0.009014994|instanced|16139290|17|9
117.894|0.008482199|instanced|16139292|18|9
115.4494|0.008661806|instanced|16139290|17|9
116.2589|0.008601495|instanced|16139290|17|9
117.4784|0.008512203|instanced|16139290|17|9
111.392|0.008977303|instanced|16139290|17|9
114.7829|0.008712096|instanced|16139290|17|9
117.0384|0.008544204|instanced|16139290|17|9
116.3847|0.008592198|instanced|16139290|17|9
116.8593|0.008557299|instanced|16139290|17|9
119.3802|0.008376601|instanced|16139290|17|9
116.8948|0.008554698|instanced|16139290|17|9
117.0933|0.0085402|instanced|16139290|17|16
114.3052|0.008748505|instanced|16139290|17|16
98.16053|0.01018739|instanced|28690572|17|16
104.0918|0.009606902|instanced|28690572|17|16
101.351|0.009866702|instanced|28690574|18|16
110.8807|0.009018701|instanced|28690572|17|16
119.0703|0.008398399|instanced|28690572|17|16
115.801|0.008635501|instanced|28690572|17|16
113.7423|0.008791802|instanced|28690572|17|16
114.5463|0.008730095|instanced|28690572|17|16
110.8991|0.009017205|instanced|28690572|17|16
115.9878|0.008621599|instanced|28690572|17|16
118.0066|0.0084741|instanced|28690572|17|16
117.0522|0.008543197|instanced|28690572|17|16
116.117|0.008612004|instanced|28690572|17|16
114.3864|0.008742297|instanced|28690572|17|16
109.8285|0.009105102|instanced|28690572|17|16
115.161|0.008683496|instanced|28690572|17|16
117.5157|0.008509503|instanced|28690572|17|16
109.0846|0.009167198|instanced|28690574|18|16
101.689|0.0098339|instanced|28690572|17|16
118.297|0.008453302|instanced|28690572|17|16
114.0096|0.008771195|instanced|28690572|17|16
114.9993|0.008695706|instanced|28690572|17|16
117.5047|0.008510296|instanced|28690572|17|16
110.9742|0.009011104|instanced|28690572|17|25
114.9425|0.0087|instanced|28690572|17|25
78.51266|0.0127368|instanced|44827932|17|25
80.9081|0.0123597|instanced|44827932|17|25
78.47939|0.0127422|instanced|44827932|17|25
59.35247|0.0168485|instanced|44827932|17|25
76.25144|0.01311451|instanced|44827932|17|25
83.26675|0.01200959|instanced|44827932|17|25
82.48035|0.0121241|instanced|44827932|17|25
75.66411|0.01321631|instanced|44827934|18|25
73.80132|0.01354989|instanced|44827932|17|25
78.73888|0.01270021|instanced|44827932|17|25
83.0551|0.0120402|instanced|44827932|17|25
73.62524|0.0135823|instanced|44827932|17|25
82.38386|0.0121383|instanced|44827932|17|25
82.30318|0.0121502|instanced|44827932|17|25
82.54094|0.0121152|instanced|44827932|17|25
81.58338|0.0122574|instanced|44827932|17|25
83.35696|0.0119966|instanced|44827932|17|25
82.35126|0.01214311|instanced|44827932|17|25
82.93868|0.0120571|instanced|44827932|17|25
76.67419|0.0130422|instanced|44827932|17|25
82.71642|0.0120895|instanced|44827932|17|25
82.81297|0.0120754|instanced|44827932|17|25
73.55432|0.01359539|instanced|44827934|18|25
77.90831|0.0128356|instanced|44827932|17|25
79.47293|0.0125829|instanced|44827932|17|25
83.51146|0.0119744|instanced|44827932|17|25
82.36828|0.0121406|instanced|44827932|17|25
82.24835|0.0121583|instanced|44827932|17|25
84.35898|0.0118541|instanced|44827932|17|25
76.73598|0.0130317|instanced|44827932|17|36
82.26188|0.0121563|instanced|44827932|17|36
59.10968|0.0169177|instanced|64551372|17|36
61.97361|0.0161359|instanced|64551372|17|36
61.67546|0.0162139|instanced|64551372|17|36
60.83836|0.016437|instanced|64551372|17|36
61.21336|0.0163363|instanced|64551372|17|36
60.82948|0.0164394|instanced|64551372|17|36
56.34914|0.0177465|instanced|64551374|18|36
56.55212|0.0176828|instanced|64551372|17|36
58.72644|0.0170281|instanced|64551372|17|36
55.8388|0.01790869|instanced|64551372|17|36
47.41516|0.0210903|instanced|64551372|17|36
57.11936|0.0175072|instanced|64551372|17|36
57.63256|0.0173513|instanced|64551372|17|36
57.48515|0.0173958|instanced|64551372|17|36
60.66893|0.0164829|instanced|64551372|17|36
60.75372|0.0164599|instanced|64551372|17|36
60.09362|0.0166407|instanced|64551372|17|36
57.16964|0.0174918|instanced|64551372|17|49
57.16573|0.017493|instanced|64551372|17|49
43.25223|0.02312019|instanced|87860892|17|49
44.55831|0.0224425|instanced|87860892|17|49
44.08511|0.0226834|instanced|87860894|18|49
43.17976|0.023159|instanced|87860892|17|49
45.39841|0.0220272|instanced|87860892|17|49
45.89936|0.0217868|instanced|87860892|17|49
43.60814|0.0229315|instanced|87860892|17|49
43.80738|0.0228272|instanced|87860892|17|49
43.57526|0.0229488|instanced|87860892|17|49
44.09153|0.02268009|instanced|87860892|17|49
43.91859|0.0227694|instanced|87860892|17|49
43.72273|0.0228714|instanced|87860892|17|49
43.86446|0.0227975|instanced|87860892|17|49
43.83024|0.0228153|instanced|87860892|17|49
45.70383|0.02188|instanced|87860892|17|49
43.32155|0.0230832|instanced|87860892|17|49
38.38904|0.0260491|instanced|87860892|17|49
43.49472|0.0229913|instanced|87860894|18|49
43.78896|0.02283681|instanced|87860892|17|49
43.51118|0.0229826|instanced|87860892|17|49
43.83043|0.0228152|instanced|87860892|17|49
43.46088|0.0230092|instanced|87860892|17|49
43.78532|0.0228387|instanced|87860892|17|49
44.65762|0.0223926|instanced|87860892|17|64
43.80527|0.0228283|instanced|87860892|17|64
33.84118|0.0295498|instanced|114756492|17|64
34.3983|0.0290712|instanced|114756492|17|64
35.04689|0.0285332|instanced|114756492|17|64
34.50417|0.028982|instanced|114756492|17|64
34.41713|0.0290553|instanced|114756492|17|64
33.6381|0.0297282|instanced|114756492|17|64
34.09978|0.0293257|instanced|114756492|17|64
34.43692|0.0290386|instanced|114756494|18|64
34.04673|0.0293714|instanced|114756492|17|64
33.58703|0.0297734|instanced|114756492|17|64
33.63255|0.0297331|instanced|114756492|17|64
31.77942|0.0314669|instanced|114756492|17|64
34.62423|0.02888151|instanced|114756492|17|64
34.09584|0.0293291|instanced|114756492|17|64
33.66992|0.0297001|instanced|114756492|17|64
34.57097|0.028926|instanced|114756492|17|64
34.70113|0.0288175|instanced|114756492|17|64
35.53092|0.0281445|instanced|114756492|17|64
35.92625|0.0278348|instanced|114756492|17|64
34.96773|0.0285978|instanced|114756492|17|64
34.91169|0.0286437|instanced|114756492|17|64
34.83799|0.0287043|instanced|114756492|17|81
32.54107|0.0307304|instanced|114756494|18|81
26.86201|0.0372273|instanced|145238172|17|81
27.40612|0.0364882|instanced|145238172|17|81
27.61729|0.0362092|instanced|145238172|17|81
27.64218|0.0361766|instanced|145238172|17|81
26.86807|0.0372189|instanced|145238172|17|81
25.30153|0.0395233|instanced|145238172|16|81
27.39321|0.0365054|instanced|145238172|17|81
27.06529|0.0369477|instanced|145238172|17|81
27.48665|0.0363813|instanced|145238172|17|81
27.19445|0.0367722|instanced|145238172|17|81
26.96042|0.0370914|instanced|145238172|17|81
27.20141|0.0367628|instanced|145238172|17|81
26.92718|0.0371372|instanced|145238172|17|81
23.7931|0.042029|instanced|145238172|17|81
26.84874|0.0372457|instanced|145238174|18|81
26.65082|0.0375223|instanced|145238172|17|81
27.28617|0.03664861|instanced|145238172|17|81
27.79816|0.0359736|instanced|145238172|17|81
28.2636|0.0353812|instanced|145238172|17|81
25.63715|0.0390059|instanced|145238172|17|81
27.97994|0.03573989|instanced|145238172|17|100
28.06781|0.03562801|instanced|145238172|17|100
21.97093|0.0455147|instanced|179305938|17|100
22.45652|0.0445305|instanced|179305938|17|100
21.92146|0.04561741|instanced|143445138|16|100
21.88251|0.0456986|instanced|179305938|17|100
21.98454|0.0454865|instanced|179305938|17|100
21.51824|0.0464722|instanced|179305938|17|100
21.8906|0.0456817|instanced|179305938|17|100
21.80084|0.0458698|instanced|179305940|18|100
21.49165|0.0465297|instanced|179305938|17|100
20.77417|0.0481367|instanced|179305938|17|100
22.01164|0.0454305|instanced|179305938|17|100
22.19436|0.0450565|instanced|179305938|17|100
21.89142|0.04567999|instanced|179305938|17|100
21.80773|0.0458553|instanced|179305938|17|121
22.64452|0.0441608|instanced|179305938|17|121
19.17715|0.0521454|instanced|216959778|17|121
19.24813|0.0519531|instanced|216959778|17|121
18.37969|0.05440789|instanced|216959778|17|121
18.11876|0.05519141|instanced|216959778|17|121
18.64687|0.0536283|instanced|216959778|17|121
17.87205|0.0559533|instanced|216959778|17|121
18.7823|0.0532416|instanced|216959778|17|121
18.51993|0.0539959|instanced|216959780|17|121
18.52054|0.0539941|instanced|216959778|17|121
18.5463|0.0539191|instanced|216959778|17|121
18.72322|0.0534096|instanced|216959778|17|121
18.85846|0.05302659|instanced|216959778|17|121
17.81417|0.0561351|instanced|173568210|16|121
18.70547|0.0534603|instanced|216959778|17|121
18.58598|0.053804|instanced|216959778|17|121
18.36453|0.0544528|instanced|216959778|17|121
19.05397|0.0524825|instanced|216959778|17|121
18.96626|0.05272521|instanced|216959778|17|121
19.5565|0.0511339|instanced|216959778|17|121
19.31147|0.0517827|instanced|216959778|17|121
19.5117|0.0512513|instanced|216959778|17|121
19.54541|0.0511629|instanced|216959778|16|121
18.70169|0.0534711|instanced|216959780|18|121
19.2468|0.05195669|instanced|216959778|17|121
18.92223|0.0528479|instanced|216959778|17|121
17.4203|0.0574043|instanced|216959778|17|121
17.40241|0.0574633|instanced|216959778|17|121
18.30838|0.0546198|instanced|216959778|17|100
18.47783|0.0541189|instanced|216959778|17|100
22.10179|0.0452452|instanced|179305938|17|100
23.11374|0.0432643|instanced|179305938|17|100
21.78896|0.0458948|instanced|179305938|17|100
20.94013|0.0477552|instanced|179305938|17|100
22.45229|0.0445389|instanced|179305938|17|100
22.35736|0.044728|instanced|179305938|17|100
20.55689|0.0486455|instanced|179305938|17|100
21.63617|0.04621891|instanced|179305938|15|100
21.5288|0.0464494|instanced|179305940|18|100
21.64334|0.0462036|instanced|179305938|17|100
22.52861|0.044388|instanced|179305938|17|100
22.2162|0.04501219|instanced|179305938|17|100
22.25065|0.0449425|instanced|179305938|17|100
21.93998|0.0455789|instanced|179305938|17|100
22.37652|0.0446897|instanced|179305938|17|100
22.31172|0.04481949|instanced|179305938|17|100
22.72138|0.0440114|instanced|179305938|17|100
22.46277|0.04451811|instanced|179305938|17|100
20.75503|0.04818109|instanced|179305938|17|100
22.31331|0.0448163|instanced|179305938|17|100
22.23576|0.0449726|instanced|179305938|17|100
22.72944|0.0439958|instanced|179305938|17|100
22.648|0.044154|instanced|179305938|17|100
20.89489|0.0478586|instanced|179305940|18|100
21.95418|0.0455494|instanced|179305938|17|100
22.60909|0.04423|instanced|179305938|17|100
22.46005|0.0445235|instanced|179305938|17|100
22.61211|0.0442241|instanced|179305938|17|100
22.68773|0.04407669|instanced|179305938|17|100
22.52349|0.0443981|instanced|179305938|17|100
21.05307|0.047499|instanced|179305938|17|100
22.27385|0.0448957|instanced|179305938|17|100
22.63924|0.0441711|instanced|179305938|17|100
22.60464|0.0442387|instanced|179305938|17|100
22.87518|0.0437155|instanced|179305938|17|100
22.86268|0.0437394|instanced|179305938|17|100
22.49187|0.0444605|instanced|179305938|17|100
23.01263|0.0434544|instanced|179305938|17|100
3|0.3333333|instanced|179305938|17|100
118.2019|0.008460104|instanced|179305938|17|100
24.83448|0.0402666|instanced|179305938|17|100
23.05311|0.0433781|instanced|179305938|17|100
23.26236|0.0429879|instanced|179305938|17|100
23.09197|0.0433051|instanced|179305938|17|100
22.82459|0.0438124|instanced|179305938|17|100
23.36389|0.0428011|instanced|179305938|17|100
22.76473|0.0439276|instanced|179305938|17|100
22.67965|0.0440924|instanced|179305938|17|100
22.20022|0.0450446|instanced|179305938|17|100
22.42112|0.0446008|instanced|179305938|17|100
22.30241|0.0448382|instanced|179305938|17|100
22.07496|0.0453002|instanced|179305938|17|100
21.8726|0.0457193|instanced|179305938|17|100
21.56283|0.0463761|instanced|179305940|18|100
20.5092|0.0487586|instanced|179305938|17|100
22.49967|0.0444451|instanced|179305938|17|100
21.95939|0.0455386|instanced|179305938|17|100
22.34966|0.0447434|instanced|179305938|17|100
22.83308|0.0437961|instanced|179305938|17|100
22.26894|0.0449056|instanced|179305938|17|100
22.66602|0.0441189|instanced|179305938|17|100
22.45692|0.0445297|instanced|179305938|17|100
20.80226|0.0480717|instanced|179305938|17|100
20.73321|0.0482318|instanced|179305938|17|100
21.07726|0.0474445|instanced|143445138|17|100
20.94526|0.0477435|instanced|179305938|17|100
22.68258|0.0440867|instanced|143445138|16|100
22.57836|0.0442902|instanced|179305938|17|100
19.7248|0.0506976|instanced|179305940|18|100
22.46575|0.0445122|instanced|179305938|17|100
22.54984|0.0443462|instanced|179305938|16|100
23.14895|0.0431985|instanced|179305938|17|100
22.73761|0.04398|instanced|179305938|17|100
22.5435|0.04435869|instanced|179305938|17|100
22.34417|0.0447544|instanced|179305938|17|100
21.00646|0.0476044|instanced|179305938|17|100
21.47748|0.0465604|instanced|179305938|17|100
23.03049|0.0434207|instanced|179305938|17|100
22.24536|0.0449532|instanced|179305938|17|100
22.39346|0.0446559|instanced|179305938|17|100
22.42323|0.0445966|instanced|179305938|17|100
22.1305|0.0451865|instanced|179305938|16|100
21.97474|0.0455068|instanced|143445138|16|100
21.04909|0.047508|instanced|179305940|17|100
21.68003|0.0461254|instanced|179305938|17|100
22.19771|0.0450497|instanced|179305938|17|100
22.69035|0.0440716|instanced|179305938|17|100
23.17341|0.0431529|instanced|179305938|17|100
21.16998|0.0472367|instanced|179305938|17|100
22.60265|0.0442426|instanced|143445138|16|100
22.2463|0.0449513|instanced|179305938|17|100
22.86138|0.0437419|instanced|179305938|17|100
22.79925|0.0438611|instanced|179305938|17|100
19.72982|0.0506847|instanced|179305938|17|100
20.97324|0.0476798|instanced|179305938|17|100
21.11495|0.0473598|instanced|179305938|17|100
21.57753|0.0463445|instanced|179305938|17|100
20.95975|0.0477105|instanced|179305938|17|100
20.67444|0.0483689|instanced|179305940|18|100
19.96829|0.0500794|instanced|179305938|17|100
21.85544|0.0457552|instanced|179305938|17|100
22.50585|0.0444329|instanced|143445138|16|100
22.62045|0.0442078|instanced|179305938|17|100
22.90699|0.0436548|instanced|179305938|17|100
22.79083|0.0438773|instanced|179305938|17|100
23.01729|0.0434456|instanced|179305938|17|100
21.0587|0.0474863|instanced|179305938|17|100
22.04435|0.0453631|instanced|143445138|17|100
20.80157|0.0480733|instanced|179305938|17|100
20.81781|0.0480358|instanced|179305938|17|100
20.90371|0.0478384|instanced|179305938|17|100
22.43299|0.0445772|instanced|179305938|17|100
22.53257|0.0443802|instanced|179305938|17|100
21.79432|0.0458835|instanced|179305940|18|100
22.38905|0.0446647|instanced|143445138|16|100
Infinity|0|instanced|1944|12|100
Infinity|0|instanced|179305944|17|100
Infinity|0|instanced|179305944|17|100
Infinity|0|instanced|179305944|17|100
Infinity|0|instanced|179305944|17|100
Infinity|0|instanced|179305944|17|100
Infinity|0|instanced|179305944|17|100
Infinity|0|instanced|179305944|17|100
Infinity|0|instanced|179305944|17|100
Infinity|0|instanced|179305944|17|100
Infinity|0|instanced|179305944|17|100
Infinity|0|instanced|179305944|17|100
Infinity|0|instanced|143443206|9|100
Infinity|0|instanced|143443206|9|100
Infinity|0|instanced|143443206|9|100
Infinity|0|instanced|143443204|7|100
Infinity|0|instanced|143443204|7|100
Infinity|0|instanced|143443202|5|100
Infinity|0|instanced|143443202|5|100
Infinity|0|instanced|143443202|5|100
Infinity|0|instanced|143443202|5|100
Infinity|0|instanced|143443202|5|100
Infinity|0|instanced|107582402|4|100
Infinity|0|instanced|107582402|4|100
Infinity|0|instanced|71721602|3|100
Infinity|0|instanced|71721602|3|100
Infinity|0|instanced|71721602|3|100
Infinity|0|instanced|71721602|3|100
Infinity|0|instanced|35860802|2|100
Infinity|0|instanced|35860802|2|100
Infinity|0|instanced|35860802|2|100
Infinity|0|instanced|35860802|2|100
Infinity|0|instanced|35860802|2|100
Infinity|0|instanced|35860802|2|100
Infinity|0|instanced|35860802|2|100
Infinity|0|instanced|35860802|2|100
Infinity|0|instanced|35860802|2|100
Infinity|0|instanced|35860802|2|100
Infinity|0|instanced|35860802|2|100
Infinity|0|instanced|35860802|2|100
Infinity|0|instanced|35860802|2|100
Infinity|0|instanced|35860802|2|100
Infinity|0|instanced|35860802|2|100
Infinity|0|instanced|35860802|2|100
Infinity|0|instanced|35860802|2|100
Infinity|0|instanced|35860802|2|100
Infinity|0|instanced|35860802|2|100
Infinity|0|instanced|35860802|2|100
Infinity|0|instanced|35860802|2|100
Infinity|0|instanced|35860802|2|100
Infinity|0|instanced|35860802|2|100
Infinity|0|instanced|35860802|2|100
Infinity|0|instanced|35860802|2|100
Infinity|0|instanced|35860802|2|100
Infinity|0|instanced|35860802|2|100
Infinity|0|instanced|35860802|2|100
Infinity|0|instanced|35860802|2|100
Infinity|0|instanced|35860802|2|100
Infinity|0|instanced|35860802|2|100
Infinity|0|instanced|35860802|2|100
Infinity|0|instanced|35860802|2|100
Infinity|0|instanced|35860802|2|100
Infinity|0|instanced|35860802|2|100
Infinity|0|instanced|35860802|2|100
Infinity|0|instanced|35860802|2|100
Infinity|0|instanced|35860802|2|100
Infinity|0|instanced|35860802|2|100
Infinity|0|instanced|71721602|3|100
Infinity|0|instanced|107582402|4|100
Infinity|0|instanced|107582402|4|100
Infinity|0|instanced|143443202|5|100
Infinity|0|instanced|143443202|5|100
Infinity|0|instanced|143443202|5|100
Infinity|0|instanced|143443202|5|100
Infinity|0|instanced|143443202|5|100
Infinity|0|instanced|143443202|5|100
Infinity|0|instanced|143443202|5|100
Infinity|0|instanced|143443202|5|100
Infinity|0|instanced|143443202|5|100
Infinity|0|instanced|143443202|5|100
Infinity|0|instanced|143443202|5|100
Infinity|0|instanced|143443202|5|100
Infinity|0|instanced|143443202|5|100
Infinity|0|instanced|143443202|5|100
Infinity|0|instanced|143443203|6|100
Infinity|0|instanced|143443203|6|100
Infinity|0|instanced|143443203|6|100
Infinity|0|instanced|143443204|7|100
Infinity|0|instanced|143443205|8|100
Infinity|0|instanced|143443205|8|100
Infinity|0|instanced|143443206|9|100
Infinity|0|instanced|143443206|9|100
Infinity|0|instanced|179304006|10|100
Infinity|0|instanced|179304006|10|100
Infinity|0|instanced|179304006|10|100
Infinity|0|instanced|179304006|10|100
Infinity|0|instanced|179304006|10|100
Infinity|0|instanced|179304006|10|100
Infinity|0|instanced|179305686|11|100
Infinity|0|instanced|179305686|11|100
Infinity|0|instanced|179305686|11|100
Infinity|0|instanced|179305686|12|100
Infinity|0|instanced|179305774|14|100
Infinity|0|instanced|179305774|14|100
Infinity|0|instanced|179305816|15|100
Infinity|0|instanced|179305944|17|100
Infinity|0|instanced|179305944|17|100
Infinity|0|instanced|179305944|17|100
Infinity|0|instanced|179305854|16|100
Infinity|0|instanced|179305816|15|100
Infinity|0|instanced|179305704|13|100
Infinity|0|instanced|143443206|4|100
Infinity|0|instanced|107582402|4|100
Infinity|0|instanced|35860802|2|100
Infinity|0|instanced|35860802|2|100
Infinity|0|instanced|35860802|2|100
Infinity|0|instanced|35860802|2|100
Infinity|0|instanced|35860802|2|100
Infinity|0|instanced|35860802|2|100
Infinity|0|instanced|35860802|2|100
Infinity|0|instanced|35860802|2|100
Infinity|0|instanced|35860802|2|100
Infinity|0|instanced|35860802|2|100
Infinity|0|instanced|35860802|2|100
Infinity|0|instanced|35860802|2|100
Infinity|0|instanced|35860802|2|100
Infinity|0|instanced|35860802|2|100
Infinity|0|instanced|35860802|2|100
Infinity|0|instanced|35860802|2|100
Infinity|0|instanced|35860802|2|100
Infinity|0|instanced|35860802|2|100
Infinity|0|instanced|35860802|2|100
Infinity|0|instanced|35860802|2|100
Infinity|0|instanced|35860802|2|100
Infinity|0|instanced|35860802|2|100
Infinity|0|instanced|35860802|2|100
Infinity|0|instanced|35860802|2|100
Infinity|0|instanced|35860802|2|100
Infinity|0|instanced|35860802|2|100
Infinity|0|instanced|35860802|2|100
Infinity|0|instanced|35860802|2|100
Infinity|0|instanced|35860802|2|100
Infinity|0|instanced|107582402|4|100
Infinity|0|instanced|107582402|4|100
Infinity|0|instanced|179305944|17|100
Infinity|0|instanced|179305944|17|100
Infinity|0|instanced|179305944|17|100
Infinity|0|instanced|179305944|17|100
Infinity|0|instanced|179305944|17|100
Infinity|0|instanced|179305944|17|100
Infinity|0|instanced|1944|12|100
Infinity|0|instanced|179305944|17|100
Infinity|0|instanced|179305944|17|100
Infinity|0|instanced|179305944|17|100
Infinity|0|instanced|179305944|17|100
Infinity|0|instanced|179305944|17|100
Infinity|0|instanced|179305944|17|100
Infinity|0|instanced|1944|12|100
50.00002|0.01999999|instanced|179305944|17|100
5.700256|0.1754307|instanced|179305938|16|100
42.75002|0.0233918|instanced|179309816|42|100
24.96817|0.040051|instanced|179309816|42|100
6.123575|0.1633033|instanced|179305938|17|100
45.90967|0.0217819|instanced|179305938|17|100
18.19505|0.05496|instanced|179305938|17|100
20.08806|0.0497808|instanced|179305938|17|100
17.54703|0.0569897|instanced|179305938|17|100
26.59383|0.0376027|instanced|179305938|17|100
22.59953|0.0442487|instanced|179305938|17|100
15.88209|0.062964|instanced|179305938|17|100
Infinity|0|non-instanced|1686|7|1
Infinity|0|non-instanced|1940|12|1
50.00002|0.01999999|non-instanced|1794980|17|1
27.67914|0.03612829|non-instanced|1798854|41|1
54.04031|0.01850471|non-instanced|1794974|17|1
9.298573|0.1075434|non-instanced|1794974|17|1
96.23712|0.010391|non-instanced|1794974|17|1
77.62769|0.012882|non-instanced|1794974|17|1
69.97657|0.0142905|non-instanced|1794974|17|1
68.23235|0.0146558|non-instanced|1794974|17|1
70.7549|0.0141333|non-instanced|1794974|17|1
73.50777|0.013604|non-instanced|1794974|17|1
73.55862|0.0135946|non-instanced|1794974|17|1
68.47112|0.0146047|non-instanced|1794974|17|1
72.58792|0.0137764|non-instanced|1794974|16|1
70.83758|0.0141168|non-instanced|1794974|17|1
72.50949|0.0137913|non-instanced|1794974|17|1
59.52876|0.0167986|non-instanced|1794974|17|1
91.05891|0.0109819|non-instanced|1794974|17|1
71.74479|0.01393829|non-instanced|1794974|17|1
71.17438|0.01405|non-instanced|1794974|17|1
149.5684|0.006685906|non-instanced|1794974|17|1
163.0736|0.006132199|non-instanced|1794974|17|1
141.3228|0.007075999|non-instanced|1436366|17|1
115.9649|0.008623299|non-instanced|1794974|17|1
161.7966|0.006180598|non-instanced|1794974|17|1
124.805|0.0080125|non-instanced|1794974|17|1
118.7592|0.008420401|non-instanced|1794974|17|1
120.6403|0.008289102|non-instanced|1794974|17|1
118.7352|0.008422102|non-instanced|1794974|17|1
119.4102|0.008374497|non-instanced|1794974|17|1
118.9527|0.008406703|non-instanced|1794974|17|1
119.2962|0.008382497|non-instanced|1794974|17|1
119.7935|0.008347697|non-instanced|1794974|17|1
118.4834|0.008440002|non-instanced|1794974|17|1
117.8092|0.008488301|non-instanced|1794974|17|1
117.8842|0.008482901|non-instanced|1794974|17|1
116.9508|0.008550602|non-instanced|1794974|17|1
117.444|0.008514697|non-instanced|1794974|17|1
118.3278|0.008451099|non-instanced|1794974|17|1
117.5848|0.0085045|non-instanced|1794974|17|1
117.7454|0.0084929|non-instanced|1794974|17|1
119.6372|0.008358602|non-instanced|1794974|17|1
119.6072|0.0083607|non-instanced|1794974|17|1
118.2215|0.008458702|non-instanced|1794974|17|1
115.9972|0.008620897|non-instanced|1794974|17|1
117.6373|0.008500702|non-instanced|1794974|17|1
117.8731|0.008483701|non-instanced|1794974|17|1
118.9188|0.008409099|non-instanced|1794974|17|1
120.175|0.008321201|non-instanced|1794974|17|1
118.9287|0.008408397|non-instanced|1794974|17|1
119.726|0.008352403|non-instanced|1794974|17|1
117.2237|0.008530697|non-instanced|1794974|17|1
122.1374|0.0081875|non-instanced|1794974|17|1
117.3392|0.0085223|non-instanced|1794974|17|1
117.7815|0.008490299|non-instanced|1794974|17|1
119.7146|0.008353203|non-instanced|1794974|17|1
119.9947|0.008333702|non-instanced|1794974|17|1
118.1126|0.008466497|non-instanced|1794974|17|1
121.6515|0.008220202|non-instanced|1794974|17|1
118.3993|0.008445996|non-instanced|1794974|17|1
117.1523|0.008535898|non-instanced|1794974|17|1
117.6623|0.008498902|non-instanced|1794974|17|1
119.3147|0.0083812|non-instanced|1794974|17|1
115.6203|0.008649001|non-instanced|1436366|16|1
103.7043|0.0096428|non-instanced|1794974|17|1
134.086|0.007457901|non-instanced|1794974|17|1
119.8121|0.0083464|non-instanced|1794974|17|1
118.4834|0.008440002|non-instanced|1794974|17|1
117.2374|0.008529698|non-instanced|1794974|17|1
119.3703|0.008377296|non-instanced|1794974|17|1
119.46|0.008371003|non-instanced|1794974|17|1
119.6988|0.008354302|non-instanced|1794974|17|1
120.1231|0.008324794|non-instanced|1794974|17|1
118.9853|0.0084044|non-instanced|1794974|17|1
117.6761|0.008497902|non-instanced|1794974|17|1
118.2983|0.008453203|non-instanced|1794974|17|1
71.57018|0.0139723|non-instanced|1794974|17|1
149.0003|0.006711395|non-instanced|1794974|17|1
150.489|0.006645004|non-instanced|1794974|17|1
167.0733|0.005985396|non-instanced|1794974|17|1
119.0419|0.008400404|non-instanced|1794974|17|1
119.6873|0.008355103|non-instanced|1794974|17|1
120.7015|0.008284899|non-instanced|1794974|17|1
118.29|0.008453798|non-instanced|1794974|17|1
118.593|0.008432199|non-instanced|1794974|17|1
118.3361|0.008450503|non-instanced|1794974|17|1
119.201|0.008389194|non-instanced|1794974|17|1
119.2093|0.008388606|non-instanced|1794974|17|1
118.991|0.008403997|non-instanced|1794974|17|1
117.5088|0.008509998|non-instanced|1794974|17|1
119.6215|0.008359701|non-instanced|1794974|17|1
118.5958|0.008432001|non-instanced|1794974|17|1
118.2228|0.008458602|non-instanced|1794974|17|1
117.744|0.008492999|non-instanced|1794974|17|1
119.9732|0.008335197|non-instanced|1794974|17|1
118.5298|0.008436699|non-instanced|1794974|17|1
116.9905|0.008547704|non-instanced|1794974|17|1
118.475|0.008440597|non-instanced|1794974|17|1
118.2242|0.008458504|non-instanced|1794974|17|1
118.5564|0.0084348|non-instanced|1794974|17|1
117.6969|0.0084964|non-instanced|1794974|17|1
119.0151|0.008402296|non-instanced|1794974|17|1
119.9241|0.008338605|non-instanced|1794974|17|1
120.2198|0.008318098|non-instanced|1794974|17|1
120.8708|0.0082733|non-instanced|1794974|17|1
117.3131|0.008524199|non-instanced|1794974|17|1
119.4201|0.008373803|non-instanced|1794974|17|1
117.2869|0.008526098|non-instanced|1794974|17|1
120.3211|0.008311097|non-instanced|1794974|17|1
117.4605|0.008513499|non-instanced|1794974|17|1
117.1769|0.008534105|non-instanced|1794974|17|1
115.8534|0.008631597|non-instanced|1794974|17|1
118.7747|0.008419302|non-instanced|1794974|17|1
117.9844|0.008475695|non-instanced|1794974|17|1
119.7059|0.008353805|non-instanced|1794974|17|1
117.4068|0.008517397|non-instanced|1794974|17|1
119.2549|0.008385402|non-instanced|1794974|17|1
119.5815|0.0083625|non-instanced|1794974|17|1
117.5282|0.008508596|non-instanced|1794974|17|1
117.5364|0.008508001|non-instanced|1794974|17|1
119.1426|0.008393303|non-instanced|1794974|17|1
120.1794|0.008320897|non-instanced|1794974|17|1
119.7561|0.008350304|non-instanced|1794974|17|1
117.6235|0.008501701|non-instanced|1794974|17|1
117.2031|0.0085322|non-instanced|1794974|17|1
116.3047|0.008598101|non-instanced|1794974|17|1
120.9497|0.0082679|non-instanced|1794974|17|1
108.6036|0.009207794|non-instanced|1794974|17|1
97.74789|0.0102304|non-instanced|1794974|17|1
140.6846|0.007108099|non-instanced|1794974|17|1
131.9662|0.0075777|non-instanced|1794974|17|1
118.3096|0.008452402|non-instanced|1794974|17|1
115.2804|0.008674504|non-instanced|1794974|17|1
119.413|0.008374299|non-instanced|1794974|17|1
119.8495|0.0083438|non-instanced|1794974|17|1
102.9951|0.009709198|non-instanced|1794974|17|1
120.5778|0.008293402|non-instanced|1794974|17|1
119.7677|0.008349497|non-instanced|1794974|17|1
119.7002|0.008354202|non-instanced|1794974|17|1
117.9524|0.008477997|non-instanced|1794974|17|1
118.0568|0.0084705|non-instanced|1794974|17|1
119.008|0.008402799|non-instanced|1794974|17|1
118.6422|0.008428706|non-instanced|1794974|17|1
118.1377|0.008464697|non-instanced|1794974|17|1
119.0817|0.008397598|non-instanced|1794974|17|1
118.7239|0.008422903|non-instanced|1794974|17|1
120.8868|0.008272201|non-instanced|1794974|17|1
117.5337|0.008508199|non-instanced|1794974|17|1
119.8495|0.0083438|non-instanced|1794974|17|4
111.3486|0.008980803|non-instanced|7174094|32|4
108.7075|0.009198993|non-instanced|7174094|32|4
136.7446|0.007312904|non-instanced|7174094|32|4
120.1706|0.008321499|non-instanced|7174094|32|4
121.5732|0.008225496|non-instanced|7174094|32|4
117.2676|0.008527501|non-instanced|7174094|32|4
119.1995|0.0083893|non-instanced|7174094|32|4
118.2983|0.008453203|non-instanced|7174094|32|4
119.5471|0.008364902|non-instanced|7174094|32|4
111.8932|0.008937096|non-instanced|7174094|32|4
116.1898|0.008606604|non-instanced|7174094|32|4
117.4978|0.008510799|non-instanced|7174094|32|4
115.4028|0.008665299|non-instanced|7174094|32|4
118.5256|0.008436996|non-instanced|7174094|32|4
116.6602|0.008571903|non-instanced|7174094|32|4
118.8326|0.0084152|non-instanced|7174094|32|4
118.3418|0.008450099|non-instanced|7174094|32|4
119.8739|0.008342099|non-instanced|7174094|32|4
118.7945|0.0084179|non-instanced|7174094|32|4
117.4716|0.008512698|non-instanced|7174094|32|4
118.669|0.008426799|non-instanced|7174094|32|9
119.1867|0.008390199|non-instanced|7174094|32|9
103.7096|0.009642305|non-instanced|16139294|57|9
120.3167|0.008311395|non-instanced|16139294|57|9
118.7902|0.008418204|non-instanced|16139294|57|9
120.3746|0.008307398|non-instanced|16139293|57|9
106.1458|0.009421003|non-instanced|16139294|57|9
136.5542|0.007323101|non-instanced|16139294|57|9
114.4348|0.008738599|non-instanced|16139294|57|9
117.5613|0.0085062|non-instanced|16139294|57|9
119.9631|0.008335899|non-instanced|16139294|57|9
120.3862|0.008306597|non-instanced|16139294|57|9
111.632|0.008958001|non-instanced|16139294|57|9
118.7324|0.0084223|non-instanced|16139294|57|9
120.0984|0.008326503|non-instanced|16139294|57|9
120.0062|0.008332901|non-instanced|16139294|57|9
119.7748|0.008349|non-instanced|16139294|57|16
119.2862|0.008383199|non-instanced|16139294|57|16
111.4703|0.008970996|non-instanced|28690576|92|16
121.684|0.008218006|non-instanced|28690576|92|16
118.527|0.008436898|non-instanced|28690576|92|16
117.7468|0.0084928|non-instanced|28690576|92|16
117.3902|0.008518601|non-instanced|28690576|92|16
119.7118|0.008353394|non-instanced|28690576|92|16
117.7564|0.008492106|non-instanced|28690576|92|16
118.5776|0.008433298|non-instanced|28690576|92|16
117.8967|0.008482001|non-instanced|28690576|92|16
118.5228|0.008437195|non-instanced|28690576|92|16
114.8672|0.008705704|non-instanced|27973360|90|16
110.3667|0.0090607|non-instanced|28690576|92|16
122.6152|0.008155598|non-instanced|28690576|92|16
122.429|0.008167999|non-instanced|28690576|92|16
120.1938|0.008319898|non-instanced|28690576|92|25
121.6249|0.008222003|non-instanced|28690576|92|25
85.40952|0.0117083|non-instanced|44827936|137|25
86.62733|0.0115437|non-instanced|44827936|137|25
84.49439|0.0118351|non-instanced|43752112|133|25
90.97444|0.0109921|non-instanced|44827936|137|25
92.44962|0.0108167|non-instanced|44469328|137|25
91.10788|0.010976|non-instanced|44827936|137|25
93.01546|0.0107509|non-instanced|44827936|137|25
92.1948|0.0108466|non-instanced|44827936|137|25
91.71366|0.0109035|non-instanced|44827936|137|25
92.0192|0.0108673|non-instanced|44827936|137|25
89.72716|0.0111449|non-instanced|44827936|137|25
90.36278|0.0110665|non-instanced|44469328|136|25
91.47877|0.0109315|non-instanced|44827936|137|25
92.63976|0.0107945|non-instanced|44827936|137|25
93.32012|0.0107158|non-instanced|44827936|137|25
91.19926|0.010965|non-instanced|44469328|137|25
91.6112|0.0109157|non-instanced|44827936|137|36
92.16247|0.0108504|non-instanced|44827936|137|36
62.97905|0.0158783|non-instanced|64551376|192|36
64.73872|0.0154467|non-instanced|64551376|192|36
66.7018|0.0149921|non-instanced|64192768|191|36
65.88484|0.015178|non-instanced|64551376|192|36
65.05462|0.0153717|non-instanced|64192767|190|36
66.91827|0.0149436|non-instanced|64551376|192|36
65.72332|0.0152153|non-instanced|64551376|192|36
66.22166|0.0151008|non-instanced|64551376|192|36
65.37698|0.0152959|non-instanced|64551376|192|36
66.14632|0.015118|non-instanced|64551376|192|36
65.65688|0.0152307|non-instanced|64551376|192|36
65.66119|0.0152297|non-instanced|64551376|192|36
65.00386|0.0153837|non-instanced|64551376|192|36
65.32916|0.0153071|non-instanced|64551376|192|49
65.77605|0.0152031|non-instanced|64551376|192|49
48.72487|0.0205234|non-instanced|87860896|257|49
49.11158|0.0203618|non-instanced|87860896|257|49
49.34715|0.0202646|non-instanced|87502288|257|49
49.36078|0.020259|non-instanced|87860896|257|49
49.75742|0.02009751|non-instanced|87860896|257|49
49.37638|0.0202526|non-instanced|87860896|257|49
49.47508|0.0202122|non-instanced|87860896|257|49
48.62394|0.020566|non-instanced|87143680|255|49
49.28925|0.0202884|non-instanced|87860896|257|49
49.26255|0.0202994|non-instanced|87860896|257|49
49.56924|0.0201738|non-instanced|87502288|256|49
49.26279|0.0202993|non-instanced|87143680|256|64
48.48602|0.0206245|non-instanced|87143680|256|64
37.37536|0.0267556|non-instanced|114756496|332|64
38.33092|0.0260886|non-instanced|113680672|329|64
38.30082|0.0261091|non-instanced|113680672|329|64
38.04553|0.0262843|non-instanced|113680672|331|64
37.90808|0.0263796|non-instanced|114756496|332|81
38.53624|0.0259496|non-instanced|114756496|332|81
30.22664|0.0330834|non-instanced|145238176|415|81
30.50008|0.0327868|non-instanced|145238176|417|81
30.86191|0.0324024|non-instanced|145238176|417|81
30.36947|0.0329278|non-instanced|145238176|417|81
30.36172|0.0329362|non-instanced|144162352|413|81
30.68351|0.0325908|non-instanced|145238176|417|81
30.51199|0.032774|non-instanced|144879568|416|81
30.60098|0.0326787|non-instanced|145238175|416|81
30.38387|0.0329122|non-instanced|143803744|406|81
30.39311|0.0329022|non-instanced|144879568|417|81
30.39283|0.0329025|non-instanced|144520960|414|81
30.4151|0.0328784|non-instanced|144162352|414|100
30.34505|0.0329543|non-instanced|178588726|510|100
24.8171|0.0402948|non-instanced|178230118|509|100
24.94257|0.0400921|non-instanced|176795686|505|100
24.90579|0.04015131|non-instanced|177154294|509|100
24.79107|0.0403371|non-instanced|177154294|510|100
24.71613|0.0404594|non-instanced|175719862|502|100
24.96412|0.0400575|non-instanced|178230118|510|121
24.87475|0.0402014|non-instanced|178230118|510|121
20.64201|0.0484449|non-instanced|215525349|611|121
20.58494|0.0485792|non-instanced|215525349|611|121
20.61465|0.0485092|non-instanced|214808134|611|144
20.78255|0.0481173|non-instanced|214808134|611|144
17.45904|0.0572769|non-instanced|254613622|723|144
17.49616|0.0571554|non-instanced|254613622|723|144
17.5162|0.05709|non-instanced|255330838|723|144
17.41356|0.0574265|non-instanced|254255013|722|144
17.6119|0.0567798|non-instanced|253179190|718|144
17.48417|0.0571946|non-instanced|254613622|723|144
17.56929|0.0569175|non-instanced|254972229|722|144
17.55411|0.0569667|non-instanced|255330837|724|144
17.51587|0.0570911|non-instanced|253179190|720|144
17.44233|0.0573318|non-instanced|254613622|723|144
17.61025|0.05678511|non-instanced|249234502|706|144
17.45639|0.0572856|non-instanced|253896406|723|144
17.47806|0.0572146|non-instanced|255689446|725|144
17.53814|0.0570186|non-instanced|253537798|722|169
17.51715|0.0570869|non-instanced|296929366|841|169
14.85231|0.0673296|non-instanced|298363798|843|169
15.05108|0.0664404|non-instanced|297646581|842|169
15.01064|0.0666194|non-instanced|297646581|842|169
14.95562|0.0668645|non-instanced|292626070|832|169
15.04119|0.06648411|non-instanced|297287974|843|169
15.00771|0.0666324|non-instanced|298722406|844|169
15.01941|0.0665805|non-instanced|296570758|844|169
15.04262|0.0664778|non-instanced|297287974|843|169
15.02113|0.0665729|non-instanced|299081014|846|169
15.08387|0.066296|non-instanced|296570757|838|169
14.99309|0.0666974|non-instanced|296212149|839|169
14.98641|0.0667271|non-instanced|295853542|838|169
15.07261|0.0663455|non-instanced|298363798|845|169
14.99248|0.0667001|non-instanced|299081014|846|169
14.99259|0.06669959|non-instanced|295853541|838|169
15.01463|0.0666017|non-instanced|298363797|846|169
15.03913|0.06649321|non-instanced|295494933|837|169
15.03463|0.0665131|non-instanced|298005190|846|169
15.01932|0.0665809|non-instanced|297287974|844|169
15.01049|0.0666201|non-instanced|298363798|845|169
14.97692|0.0667694|non-instanced|299081014|846|169
15.02271|0.0665659|non-instanced|294777718|834|169
15.01172|0.0666146|non-instanced|297646582|845|169
15.06603|0.0663745|non-instanced|297646582|843|169
14.99446|0.0666913|non-instanced|297287974|840|169
15.06156|0.0663942|non-instanced|291191638|828|169
15.00643|0.0666381|non-instanced|298722406|846|169
15.05632|0.06641731|non-instanced|297646582|840|169
14.97863|0.0667618|non-instanced|295136326|838|169
14.96809|0.0668088|non-instanced|298722406|845|169
15.08225|0.0663031|non-instanced|298722406|843|169
15.02106|0.0665732|non-instanced|298722405|845|169
15.03163|0.06652641|non-instanced|294419110|833|169
14.96845|0.0668072|non-instanced|296929366|842|169
15.04312|0.06647559|non-instanced|296212150|838|169
14.98895|0.0667158|non-instanced|298363798|845|169
15.02923|0.06653701|non-instanced|292984678|827|169
15.05569|0.06642009|non-instanced|298005190|843|169
14.98731|0.0667231|non-instanced|295494934|837|169
15.04615|0.0664622|non-instanced|295136326|837|169
15.07845|0.0663198|non-instanced|298005188|844|169
14.96329|0.0668302|non-instanced|292267462|830|169
15.01984|0.0665786|non-instanced|298363798|844|169
15.01017|0.0666215|non-instanced|298363798|846|169
15.05344|0.06643|non-instanced|297287974|844|169
15.02169|0.0665704|non-instanced|298722406|846|169
15.04044|0.0664874|non-instanced|289039990|821|169
15.03117|0.0665284|non-instanced|294060501|838|169
15.00717|0.0666348|non-instanced|298722405|843|169
15.04286|0.0664767|non-instanced|298363798|845|169
15.04443|0.0664698|non-instanced|294419110|835|169
15.00492|0.0666448|non-instanced|299081014|846|169
15.03077|0.0665302|non-instanced|297287974|844|169
15.02675|0.066548|non-instanced|295853542|838|169
14.98936|0.066714|non-instanced|298722406|846|169
15.07318|0.06634301|non-instanced|287246949|814|169
14.97091|0.06679619|non-instanced|296212150|843|169
15.02781|0.0665433|non-instanced|293701894|834|169
15.00137|0.0666606|non-instanced|296570758|841|169
15.0616|0.066394|non-instanced|297646582|842|169
15.0565|0.06641649|non-instanced|297646582|842|169
14.98152|0.0667489|non-instanced|298363798|846|169
15.00857|0.0666286|non-instanced|294419110|834|169
15.05086|0.0664414|non-instanced|296212149|838|169
14.99215|0.06670159|non-instanced|295853542|836|169
15.04846|0.066452|non-instanced|295853542|839|169
15.04483|0.066468|non-instanced|294777718|840|169
14.99107|0.0667064|non-instanced|294777718|840|169
14.8509|0.067336|non-instanced|290115813|821|169
14.99111|0.0667062|non-instanced|297287974|844|169
15.01731|0.0665898|non-instanced|293343286|827|169
15.05462|0.0664248|non-instanced|291191637|827|169
15.03732|0.0665012|non-instanced|294777718|842|169
15.06416|0.06638271|non-instanced|298005189|846|169
15.03925|0.06649269|non-instanced|296212150|840|169
15.06839|0.0663641|non-instanced|296929366|841|169
14.98374|0.066739|non-instanced|298005190|844|169
15.02327|0.0665634|non-instanced|294060428|833|169
15.02014|0.06657729|non-instanced|297287974|843|169
14.98814|0.06671941|non-instanced|292984678|828|169
15.03425|0.0665148|non-instanced|296929366|845|169
15.03142|0.0665273|non-instanced|298005190|843|169
15.0117|0.0666147|non-instanced|298005190|845|169
15.07893|0.0663177|non-instanced|290474422|822|169
14.9963|0.0666831|instanced|297287974|843|169
15.05233|0.0664349|instanced|297287974|843|169
14.10445|0.0708996|instanced|303025698|17|169
14.82272|0.067464|instanced|303025698|17|169
14.73136|0.0678824|instanced|303025698|17|169
14.70526|0.06800289|instanced|303025698|17|169
14.82068|0.06747331|instanced|303025698|17|169
14.87011|0.06724899|instanced|303025698|17|169
14.82613|0.0674485|instanced|242420946|16|169
14.85878|0.0673003|instanced|303025698|17|169
14.87473|0.0672281|instanced|303025698|16|169
14.97959|0.0667575|instanced|303025698|17|169
14.82756|0.067442|instanced|303025698|17|169
14.90111|0.0671091|instanced|181816194|15|169
14.80786|0.0675317|instanced|303025698|17|169
14.85884|0.0673|instanced|303025698|17|169
14.83224|0.0674207|instanced|303025698|17|169
14.65554|0.0682336|instanced|303025698|17|169
14.80258|0.0675558|instanced|303025698|17|169
14.87458|0.0672288|instanced|303025698|17|169
14.85615|0.0673122|instanced|303025698|17|169
14.84034|0.0673839|instanced|303025698|17|169
14.79874|0.0675733|instanced|242420946|16|169
15.03499|0.0665115|instanced|303025698|17|169
14.85873|0.0673005|instanced|303025698|17|169
14.84713|0.06735311|instanced|303025698|17|169
15.28426|0.0654268|instanced|303025698|17|169
14.90191|0.0671055|instanced|303025698|17|169
14.80729|0.06753431|instanced|303025698|17|169
14.65459|0.068238|instanced|303025698|17|169
14.91389|0.0670516|instanced|303025698|17|169
15.30918|0.06532031|instanced|303025698|17|169
14.87049|0.0672473|instanced|242420946|16|169
14.83748|0.06739689|instanced|242420946|16|169
14.83805|0.0673943|instanced|303025698|17|169
14.81499|0.0674992|instanced|303025698|17|169
14.87832|0.0672119|instanced|303025698|17|169
15.31724|0.0652859|instanced|303025698|17|169
14.85054|0.06733761|instanced|303025698|17|169
14.85699|0.0673084|instanced|303025698|17|169
14.83418|0.0674119|instanced|303025698|17|169
14.83602|0.0674035|instanced|303025698|17|169
14.83226|0.0674206|instanced|303025698|17|169
14.86346|0.0672791|instanced|303025698|17|169
14.82529|0.0674523|instanced|303025698|17|169
14.85666|0.0673099|instanced|303025698|17|169
14.84503|0.06736261|instanced|303025698|17|169
14.85423|0.0673209|instanced|303025698|17|169
14.8049|0.06754521|instanced|303025698|17|169
14.78017|0.0676582|instanced|303025698|17|169
14.87635|0.0672208|instanced|303025698|17|169
14.84442|0.0673654|instanced|303025698|17|169
14.87874|0.06721|instanced|303025698|17|169
14.57479|0.0686116|instanced|242420946|16|169
14.84451|0.06736499|instanced|242420946|16|169
14.84677|0.06735471|instanced|242420946|16|169
14.87537|0.0672252|non-instanced|303025698|17|169
14.81536|0.0674975|non-instanced|298005190|844|169
14.86587|0.0672682|non-instanced|298722406|845|169
14.99201|0.0667022|non-instanced|294777718|836|169
15.08182|0.066305|non-instanced|297287974|842|169
14.96621|0.0668172|non-instanced|298005190|845|169
15.01644|0.0665937|non-instanced|296569078|838|169
15.07095|0.0663528|non-instanced|298363798|845|169
15.01337|0.0666073|non-instanced|296570758|843|169
15.05077|0.0664418|non-instanced|298005190|844|169
15.04124|0.0664839|non-instanced|294060502|833|169
15.03257|0.0665222|non-instanced|295853541|840|169
15.01188|0.0666139|non-instanced|293701894|833|169
15.03253|0.0665224|non-instanced|297287974|842|169
15.0305|0.0665314|non-instanced|294058822|833|169
14.98572|0.0667302|non-instanced|297287974|842|169
15.03312|0.0665198|non-instanced|296570758|842|169
15.04171|0.06648181|non-instanced|298722406|845|169
14.98383|0.0667386|non-instanced|298363798|846|169
15.05305|0.0664317|non-instanced|294419110|833|169
15.0177|0.0665881|non-instanced|294419110|835|169
15.02941|0.0665362|non-instanced|298722406|845|169
15.03967|0.0664908|non-instanced|297646581|844|169
14.9959|0.0666849|non-instanced|298722406|845|169
15.06265|0.0663894|non-instanced|299081013|845|169
14.97849|0.0667624|non-instanced|299081014|846|169
15.06569|0.066376|non-instanced|299081014|846|169
14.93712|0.0669473|non-instanced|296212150|839|169
15.09099|0.0662647|non-instanced|294419110|835|169
15.027|0.0665469|non-instanced|298005190|843|169
15.04517|0.0664665|non-instanced|297646581|842|169
15.02848|0.06654031|non-instanced|298722406|845|169
15.03936|0.0664922|non-instanced|297286294|842|169
14.97096|0.066796|non-instanced|293343286|826|169
15.09063|0.06626631|non-instanced|292267461|829|169
14.99957|0.06666859|non-instanced|298363798|844|169
14.91195|0.06706031|non-instanced|243496774|837|169
15.11828|0.0661451|non-instanced|294777718|835|169
14.96952|0.0668024|non-instanced|291550246|827|169
15.06151|0.0663944|non-instanced|298005190|846|169
15.05194|0.0664366|non-instanced|297646582|844|169
15.05441|0.0664257|non-instanced|297287974|843|169
15.02851|0.0665402|non-instanced|298722406|844|169
15.05378|0.0664285|non-instanced|297646582|844|169
15.034|0.06651589|non-instanced|298363798|844|169
14.99226|0.06670111|non-instanced|299081013|846|169
15.00823|0.0666301|non-instanced|295136326|836|169
15.06975|0.0663581|non-instanced|297646582|843|169
50.00002|0.01999999|non-instanced|297646582|843|169
50.00002|0.01999999|non-instanced|1942|12|169
43.38151|0.0230513|non-instanced|299081014|846|169
3|0.3333333|non-instanced|299081014|846|169
12.39567|0.08067331|non-instanced|298722406|843|169
12.75764|0.0783844|non-instanced|298005189|842|169
14.98356|0.06673981|non-instanced|298363797|844|169
14.86277|0.0672822|non-instanced|299081014|846|169
14.99125|0.0667056|non-instanced|298722406|845|169
14.96777|0.0668102|non-instanced|298363798|845|169
15.19359|0.06581721|non-instanced|297287974|843|169
14.99122|0.0667057|non-instanced|299081014|846|169
14.97064|0.0667974|non-instanced|298363798|841|169
15.05106|0.0664405|non-instanced|296212150|839|169
15.00424|0.06664781|non-instanced|298005190|843|169
15.023|0.0665646|non-instanced|295494934|838|169
15.05308|0.0664316|non-instanced|298363798|844|169
14.98961|0.06671289|non-instanced|298722406|845|169
15.02645|0.0665493|non-instanced|298363798|845|169
15.01497|0.0666002|non-instanced|298363798|845|169
14.92157|0.0670171|non-instanced|291550246|827|169
15.0546|0.0664249|non-instanced|298005190|843|169
14.98877|0.0667166|non-instanced|299081014|846|169
15.00974|0.0666234|non-instanced|296929365|841|169
15.07704|0.06632601|non-instanced|299081014|846|169
15.01524|0.066599|non-instanced|299081014|846|169
15.04938|0.06644791|non-instanced|298363798|845|169
14.99495|0.0666891|non-instanced|297646582|844|169
15.00404|0.0666487|non-instanced|296570757|841|169
15.07475|0.0663361|non-instanced|298363798|844|169
14.98383|0.0667386|non-instanced|293701893|834|169
15.03949|0.0664916|non-instanced|298363798|845|169
14.98642|0.06672709|non-instanced|298005190|846|169
15.12576|0.0661124|non-instanced|299081014|846|169
14.99572|0.0666857|non-instanced|298005190|843|169
14.96695|0.0668139|non-instanced|297287973|843|169
15.05441|0.0664257|non-instanced|297646582|841|169
15.00861|0.0666284|non-instanced|294060502|835|169
14.96468|0.066824|non-instanced|299081014|846|169
15.1685|0.0659261|non-instanced|295494934|838|169
15.02104|0.0665733|non-instanced|299081014|846|169
14.98918|0.0667148|non-instanced|295136326|836|169
10.92804|0.0915077|non-instanced|294777718|833|169
24.08182|0.0415251|non-instanced|296929366|841|169
14.9465|0.0669053|non-instanced|295494934|837|169
15.07807|0.0663215|non-instanced|292984677|831|169
14.96475|0.0668237|non-instanced|295853542|838|169
3|0.3333333|non-instanced|296929366|842|169
72.05338|0.0138786|non-instanced|297646582|842|169
3.154524|0.317005|non-instanced|297646582|843|169
12.50339|0.0799783|non-instanced|298722406|845|169
13.69867|0.0729998|non-instanced|297287974|843|169
14.99374|0.0666945|non-instanced|298005190|844|169
15.08425|0.06629431|non-instanced|297646582|845|169
15.06011|0.0664006|non-instanced|298363798|844|169
14.98154|0.06674881|instanced|299081014|846|169
14.98879|0.06671651|instanced|299081014|846|169
14.16613|0.07059089|instanced|303025698|17|169
14.77345|0.067689|instanced|303025698|17|169
14.82584|0.0674498|instanced|303025698|17|169
15.38194|0.0650113|instanced|303025698|17|169
14.83845|0.0673925|instanced|303025698|17|169
14.88399|0.0671863|instanced|303025698|16|169
14.73481|0.0678665|instanced|303025698|17|169
14.86905|0.06725381|instanced|303025698|17|169
14.86739|0.06726129|instanced|303025698|16|169
14.83171|0.0674231|instanced|303025698|17|169
14.83798|0.0673946|instanced|303025698|17|169
14.80966|0.06752349|instanced|303025698|17|169
14.84395|0.0673675|instanced|303025698|17|169
14.81038|0.0675202|instanced|303025698|17|169
14.80799|0.06753109|instanced|242420946|16|169
14.69717|0.0680403|instanced|303025698|17|169
14.8375|0.0673968|instanced|303025698|17|169
14.82531|0.0674522|instanced|303025698|17|169
14.7321|0.06787901|instanced|303025698|17|169
14.90371|0.0670974|instanced|242420946|16|169
14.73778|0.0678528|instanced|303025698|17|169
14.8003|0.0675662|instanced|303025698|17|169
14.71458|0.0679598|instanced|242420946|16|169
14.92825|0.0669871|instanced|242420946|16|169
14.83011|0.0674304|instanced|303025698|17|169
14.80657|0.0675376|instanced|303025698|17|169
14.78194|0.0676501|instanced|303025698|17|169
14.73963|0.0678443|instanced|303025698|17|169
14.67184|0.06815779|instanced|303025698|17|169
14.14027|0.07072|instanced|242420946|17|169
14.81523|0.0674981|instanced|303025698|17|169
14.90324|0.0670995|instanced|303025698|17|169
14.77513|0.0676813|instanced|303025698|17|169
14.91366|0.0670526|instanced|303025698|17|169
14.80655|0.0675377|instanced|303025698|17|169
14.84757|0.0673511|instanced|303025698|17|169
14.85399|0.06732199|instanced|303025698|17|169
14.78562|0.0676333|instanced|303025698|17|169
14.95832|0.06685241|instanced|303025698|17|169
14.15987|0.0706221|instanced|303025698|17|169
15.3658|0.0650796|instanced|303025698|17|169
14.80661|0.0675374|instanced|303025698|16|169
14.89605|0.0671319|instanced|303025698|17|169
14.83836|0.0673929|instanced|303025698|17|169
14.80641|0.0675383|instanced|303025698|17|169
14.86644|0.0672656|instanced|242420946|16|169
14.85908|0.0672989|instanced|303025698|17|169
14.83876|0.0673911|instanced|303025698|16|169
14.87606|0.0672221|instanced|303025698|17|169
14.78807|0.0676221|instanced|303025698|17|169
14.83211|0.0674213|instanced|303025698|17|169
14.88058|0.0672017|instanced|303025698|17|169
15.33359|0.0652163|instanced|303025698|17|169
14.83378|0.0674137|instanced|303025698|17|169
15.34858|0.0651526|instanced|303025698|17|169
14.86039|0.067293|instanced|303025698|17|169
14.82826|0.0674388|instanced|303025698|17|169
15.33618|0.0652053|instanced|303025698|17|169
14.81174|0.067514|instanced|303025698|17|169
15.31058|0.0653143|instanced|303025698|17|169
14.12849|0.070779|instanced|303025698|17|169
15.33526|0.0652092|instanced|303025698|17|169
3|0.3333333|instanced|303025698|17|169
7.390551|0.1353079|instanced|303025698|17|169
3.134005|0.3190805|instanced|303025698|17|169
14.18301|0.07050689|instanced|303025698|17|169
14.49908|0.06896991|instanced|242420948|17|169
11.87469|0.0842127|instanced|303025698|17|169
14.12824|0.0707802|instanced|303025698|17|169
13.94132|0.07172921|instanced|303025698|17|169
13.84884|0.0722082|instanced|303025698|17|169
14.22263|0.0703105|instanced|303025698|17|169
14.01601|0.07134701|instanced|303025698|17|169
14.18369|0.0705035|instanced|303025698|17|169
14.21343|0.070356|instanced|303025698|17|169
13.22043|0.0756405|instanced|303025698|17|169
13.21044|0.07569771|instanced|303025698|17|169
3|0.3333333|instanced|303025698|17|169
29.99436|0.0333396|instanced|303025698|17|169
15.21498|0.06572469|instanced|303025698|17|169
13.51954|0.073967|instanced|303025698|17|169
13.3542|0.07488281|instanced|303025700|18|169
13.67626|0.0731194|instanced|303025698|17|169
14.08855|0.0709796|instanced|303025698|17|169
13.4214|0.0745079|instanced|303025698|17|169
13.52582|0.0739327|instanced|303025698|17|169
13.37841|0.0747473|instanced|303025698|17|169
13.39972|0.0746284|instanced|242420946|16|169
13.22926|0.07559|instanced|303025698|17|169
13.07229|0.0764977|instanced|303025698|17|169
13.95621|0.0716527|instanced|303025698|17|169
14.14025|0.0707201|instanced|303025698|17|169
13.21769|0.0756562|instanced|303025698|17|169
13.20519|0.0757278|instanced|303025698|17|169
13.16165|0.0759783|instanced|303025698|17|169
13.07396|0.0764879|instanced|303025698|17|169
12.80982|0.0780651|instanced|303025700|18|169
13.95818|0.0716426|instanced|303025698|17|169
13.28727|0.07526|instanced|303025698|17|169
14.00629|0.0713965|instanced|303025698|17|169
14.32324|0.0698166|instanced|303025698|17|169
13.29457|0.0752187|instanced|303025698|17|169
13.28642|0.0752648|instanced|303025698|17|169
13.24619|0.0754934|instanced|303025698|17|169
13.33847|0.0749711|instanced|303025698|17|169
13.48741|0.07414319|instanced|303025698|17|169
13.51063|0.0740158|instanced|303025698|17|169
13.37712|0.0747545|instanced|242420946|16|169
13.43467|0.0744343|instanced|303025698|17|169
13.53995|0.0738555|instanced|303025698|17|169
13.26712|0.0753743|instanced|303025698|17|169
50.00002|0.01999999|instanced|1944|12|169
3.450174|0.2898405|instanced|303025698|17|169
48.99607|0.0204098|instanced|303027638|30|169
12.22923|0.0817713|instanced|303027638|30|169
4.743822|0.2108005|instanced|303025698|17|169
22.32397|0.0447949|instanced|303025698|17|169
15.16818|0.0659275|instanced|303025698|17|169
13.0774|0.0764678|instanced|303025698|17|169
14.11941|0.0708245|instanced|303025698|17|169
13.94313|0.07171991|instanced|303025698|17|169
14.00113|0.07142279|instanced|303025698|17|169
12.91885|0.0774063|instanced|303025698|17|169
13.16115|0.0759812|instanced|303025698|17|169
13.25305|0.0754543|instanced|303025698|17|169
13.71968|0.072888|instanced|303025698|17|169
14.27853|0.0700352|instanced|303025698|17|169
14.11735|0.0708348|instanced|242420946|16|169
14.17995|0.0705221|instanced|303025698|17|169
12.68051|0.0788612|instanced|303025700|18|169
12.57868|0.0794996|instanced|303025698|17|169
3.086307|0.3240119|instanced|303025698|16|169
23.94309|0.0417657|instanced|303025698|17|169
20.95448|0.0477225|instanced|303025698|17|169
13.00789|0.07687639|instanced|303025698|17|169
14.11365|0.0708534|instanced|303025698|17|169
14.2239|0.0703042|instanced|303025698|17|169
14.23605|0.07024419|instanced|303025698|17|169
14.14819|0.07068041|instanced|303025698|17|169
14.24516|0.0701993|instanced|303025698|17|169
14.21676|0.0703395|instanced|303025698|17|169
13.97868|0.0715375|instanced|303025698|17|169
12.82316|0.0779839|instanced|303025698|17|169
12.82668|0.0779625|instanced|303025698|17|169
13.25321|0.0754534|instanced|303025700|18|169
13.69252|0.0730326|instanced|303025698|17|169
14.16136|0.0706147|instanced|303025698|17|169
13.94836|0.071693|instanced|303025698|17|169
13.94432|0.0717138|instanced|303025698|17|169
5.736712|0.1743159|instanced|303025698|17|169
27.36263|0.0365462|instanced|303025698|17|169
15.5053|0.0644941|instanced|303025698|17|169
14.28351|0.0700108|instanced|303025698|17|169
13.9978|0.0714398|instanced|303025698|17|169
13.41846|0.0745242|instanced|303025698|17|169
13.96502|0.0716075|instanced|303025698|17|169
12.65839|0.078999|instanced|303025698|17|169
12.61408|0.0792765|instanced|303025698|17|169
14.02816|0.0712852|instanced|303025698|17|169
13.81494|0.0723854|instanced|303025700|18|169
14.12777|0.0707826|instanced|303025698|17|169
14.12244|0.0708093|instanced|303025698|17|169
13.93227|0.0717758|instanced|303025698|17|169
12.81912|0.0780085|instanced|303025698|17|169
12.64758|0.0790665|instanced|303025698|17|169
13.77839|0.0725774|instanced|303025698|17|169
13.87914|0.07205059|instanced|303025698|17|169
14.103|0.0709069|instanced|303025698|17|169
14.13116|0.0707656|instanced|303025698|17|169
13.84158|0.0722461|instanced|303025698|17|169
12.73856|0.0785018|instanced|303025698|17|169
12.70462|0.0787115|instanced|303025698|17|169
13.87998|0.07204621|instanced|303025698|17|169
13.91308|0.0718748|instanced|303025698|17|169
13.46546|0.07426409|instanced|303025700|18|169
13.84806|0.0722123|instanced|303025698|17|169
14.12898|0.0707765|instanced|303025698|17|169
12.88816|0.0775906|instanced|303025698|17|169
12.7881|0.0781977|instanced|303025698|17|169
14.00876|0.0713839|instanced|303025698|17|169
14.27332|0.0700608|instanced|303025698|17|169
14.14715|0.0706856|instanced|303025698|17|169
13.9131|0.07187469|instanced|303025698|17|169
13.9328|0.0717731|instanced|303025698|17|169
12.85825|0.0777711|instanced|303025698|17|169
12.91689|0.077418|instanced|303025698|17|169
14.17541|0.0705447|instanced|303025698|17|169
14.05829|0.0711324|instanced|303025698|17|169
13.66512|0.07317901|instanced|303025698|17|169
12.96494|0.0771311|instanced|303025700|18|169
14.06367|0.0711052|instanced|303025698|17|169
10.66145|0.0937959|instanced|303025698|17|169
15.7521|0.0634836|instanced|303025698|17|169
14.20792|0.0703833|instanced|303025698|17|169
14.00513|0.07140239|instanced|303025698|17|169
14.07349|0.07105561|instanced|303025698|17|169
13.81065|0.0724079|instanced|303025698|17|169
14.09495|0.0709474|instanced|303025698|17|169
12.65821|0.0790001|instanced|303025698|17|169
12.41234|0.080565|instanced|303025698|17|169
13.76239|0.0726618|instanced|303025698|17|169
14.03627|0.071244|instanced|303025698|17|169
13.90718|0.0719053|instanced|303025698|17|169
14.06201|0.0711136|instanced|303025698|17|169
13.74742|0.0727409|instanced|303025700|18|169
12.99477|0.07695401|instanced|303025698|17|169
13.1456|0.0760711|instanced|303025698|17|169
14.19507|0.07044701|instanced|303025698|17|169
14.13979|0.0707224|instanced|242420946|16|169
13.47142|0.0742312|instanced|303025698|17|169
13.84725|0.0722165|instanced|303025698|17|169
13.59508|0.073556|instanced|242420946|16|169
12.68093|0.0788586|instanced|303025698|17|169
12.5933|0.0794073|instanced|303025698|17|169
13.843|0.0722387|instanced|303025698|17|169
13.97091|0.0715773|instanced|303025698|16|169
14.06023|0.07112259|instanced|303025698|17|169
14.01895|0.071332|instanced|303025698|17|169
11.97487|0.0835082|instanced|303025700|18|169
15.35723|0.0651159|instanced|303025700|18|169
12.79826|0.0781356|instanced|303025698|17|169
12.85592|0.07778519|instanced|303025698|17|169
13.92934|0.0717909|instanced|303025698|17|169
12.91976|0.0774008|instanced|303025698|17|169
12.57794|0.0795043|instanced|303025698|17|169
13.98766|0.0714916|instanced|303025698|17|169
12.97237|0.0770869|instanced|303025698|17|169
12.71435|0.07865129|instanced|303025698|17|169
13.84315|0.0722379|instanced|303025698|17|169
14.14177|0.0707125|instanced|303025698|17|169
14.0579|0.0711344|instanced|303025698|17|169
12.9842|0.0770167|instanced|303025698|17|169
13.08329|0.0764334|instanced|303025698|17|169
5.401598|0.1851304|instanced|303025700|18|169
27.96256|0.0357621|instanced|303025698|17|169
14.9048|0.06709249|instanced|303025698|17|169
14.32503|0.0698079|instanced|303025698|17|169
14.0995|0.07092451|instanced|303025698|17|169
13.89393|0.0719739|instanced|303025698|17|169
14.03552|0.0712478|instanced|303025698|17|169
12.70366|0.0787175|instanced|303025698|17|169
12.64477|0.0790841|instanced|303025698|17|169
13.8668|0.0721147|instanced|303025698|17|169
13.75822|0.0726838|instanced|303025698|17|169
13.7927|0.0725021|instanced|303025698|17|169
13.73645|0.072799|instanced|303025698|17|169
13.79893|0.0724694|instanced|303025698|17|169
12.90531|0.0774875|instanced|303025698|17|169
12.63507|0.0791448|instanced|303025698|17|169
13.80009|0.0724633|instanced|303025700|18|169
14.03243|0.0712635|instanced|303025698|17|169
13.84083|0.07225|instanced|303025698|17|169
13.87295|0.07208271|instanced|303025698|17|169
13.93699|0.07175151|instanced|303025698|17|169
12.62889|0.0791835|instanced|303025698|17|169
12.52491|0.0798409|instanced|303025698|17|169
13.92467|0.071815|instanced|303025698|17|169
13.9462|0.0717041|instanced|303025698|17|169
14.106|0.0708918|instanced|242420946|16|169
14.19666|0.0704391|instanced|303025698|17|169
13.80087|0.0724592|instanced|303025698|17|169
12.59035|0.0794259|instanced|303025698|17|169
12.68311|0.078845|instanced|303025698|17|169
13.97132|0.0715752|instanced|303025698|17|169
13.56031|0.0737446|instanced|303025700|18|169
13.71985|0.07288709|instanced|303025698|17|169
14.12854|0.0707787|instanced|242420946|16|169
12.83804|0.0778935|instanced|303025698|17|169
12.52202|0.0798593|instanced|303025698|17|169
12.48728|0.0800815|instanced|303025698|17|169
14.0825|0.0710101|instanced|303025698|17|169
14.20703|0.0703877|instanced|303025698|17|169
14.23483|0.07025021|instanced|303025698|17|169
14.29738|0.0699429|instanced|303025698|17|169
14.23607|0.0702441|instanced|303025698|17|169
14.42602|0.0693192|instanced|303025698|17|169
12.62999|0.0791766|instanced|303025698|17|169
12.72279|0.0785991|instanced|303025698|17|169
14.08514|0.07099681|instanced|303025698|17|169
13.58142|0.07363|instanced|303025700|18|169
13.66643|0.073172|instanced|303025698|17|169
14.16762|0.0705835|instanced|303025698|17|169
14.08828|0.070981|instanced|303025698|17|169
12.74653|0.0784527|instanced|303025698|17|169
12.79915|0.0781302|instanced|303025698|17|169
13.87757|0.0720587|instanced|303025698|17|169
14.1321|0.0707609|instanced|303025698|17|169
14.00019|0.0714276|instanced|303025698|17|169
13.88326|0.0720292|instanced|303025698|17|169
14.26302|0.07011139|instanced|303025698|17|169
12.74134|0.0784847|instanced|303025698|17|169
12.86018|0.0777594|instanced|303025698|17|169
14.13506|0.07074609|instanced|303025698|17|169
14.02664|0.07129291|instanced|303025698|17|169
13.38445|0.0747136|instanced|303025698|17|169
13.99498|0.0714542|instanced|303025698|17|169
12.84761|0.0778355|instanced|303025698|17|169
12.70574|0.0787046|instanced|303025698|17|169
12.47405|0.08016641|instanced|303025698|17|169
13.8827|0.0720321|instanced|303025698|17|169
14.15052|0.0706688|instanced|303025698|17|169
14.20634|0.0703911|instanced|303025698|17|169
14.4049|0.0694208|instanced|303025698|17|169
14.48822|0.0690216|instanced|303025698|17|169
14.17424|0.0705505|instanced|303025698|17|169
12.87213|0.0776872|instanced|303025698|17|169
12.77446|0.0782812|instanced|303025698|17|169
14.29797|0.06994|instanced|303025698|17|169
14.46111|0.069151|instanced|303025698|17|169
12.97864|0.0770497|instanced|303025700|18|169
12.85535|0.0777886|instanced|303025698|17|169
12.94187|0.0772686|instanced|303025698|17|169
12.77004|0.0783083|instanced|303025698|17|169
12.9981|0.07693431|instanced|303025698|17|169
12.86435|0.07773419|instanced|303025698|17|169
12.76847|0.0783179|instanced|303025698|17|169
14.07166|0.0710648|instanced|303025698|17|169
14.27707|0.07004239|instanced|303025698|17|169
14.53721|0.06878901|instanced|303025698|17|169
12.78104|0.0782409|instanced|242420946|16|169
12.66918|0.0789317|instanced|303025698|17|169
14.44907|0.0692086|instanced|303025698|17|169
14.47513|0.069084|instanced|303025698|17|169
14.16445|0.0705993|instanced|303025700|18|169
3|0.3333333|instanced|303025700|18|169
3|0.3333333|instanced|606049458|22|169
6.423598|0.155676|instanced|303025698|17|169
16.41125|0.0609338|instanced|303025698|17|169
12.77864|0.0782556|instanced|303025698|17|169
12.87232|0.07768609|instanced|303025698|17|169
14.19809|0.070432|instanced|303025698|17|169
13.94782|0.0716958|instanced|303025698|17|169
13.92383|0.07181931|instanced|303025698|17|169
13.9053|0.071915|instanced|303025698|16|169
13.86109|0.0721444|instanced|303025698|17|169
14.30589|0.0699013|instanced|303025698|17|169
6.078735|0.1645079|instanced|303025698|17|169
56.16052|0.0178061|instanced|303025700|17|169
14.17065|0.0705684|instanced|303025700|17|169
13.69666|0.0730105|instanced|303025700|18|169
13.77697|0.0725849|instanced|303025698|17|169
14.17404|0.0705515|instanced|303025698|17|169
14.25492|0.07015119|instanced|303025698|17|169
12.77196|0.0782965|instanced|303025698|17|169
12.964|0.0771367|instanced|303025698|17|169
14.13168|0.07076301|instanced|303025698|17|169
14.36447|0.0696162|instanced|303025698|17|169
14.08748|0.070985|instanced|303025698|17|169
14.03936|0.0712283|instanced|303025698|17|169
13.94696|0.0717002|instanced|303025698|17|169
12.75476|0.0784021|instanced|303025698|17|169
12.71972|0.0786181|instanced|303025698|17|169
14.13755|0.07073359|instanced|303025698|17|169
14.02991|0.07127631|instanced|303025698|17|169
13.45062|0.074346|instanced|303025700|18|169
5.699512|0.1754536|instanced|303025698|17|169
24.96679|0.0400532|instanced|303025698|17|169
15.26338|0.0655163|instanced|303025698|17|169
13.04957|0.07663091|instanced|303025698|17|169
13.73049|0.0728306|instanced|303025698|17|169
13.82109|0.07235321|instanced|303025698|17|169
13.88341|0.0720284|instanced|303025698|17|169
14.12595|0.07079169|instanced|303025698|17|169
14.09453|0.0709495|instanced|303025698|17|169
13.89192|0.0719843|instanced|303025698|17|169
13.81672|0.07237609|instanced|303025698|17|169
12.71624|0.0786396|instanced|303025698|17|169
12.57999|0.07949129|instanced|303025698|17|169
13.83344|0.0722886|instanced|303025700|18|169
13.7728|0.0726069|instanced|303025698|17|169
13.63468|0.0733424|instanced|303025698|17|169
14.07176|0.0710643|instanced|303025698|17|169
14.06909|0.07107781|instanced|303025698|17|169
13.11861|0.07622759|instanced|303025698|17|169
12.79144|0.0781773|instanced|303025698|17|169
14.24457|0.0702022|instanced|303025698|17|169
13.94729|0.07169849|instanced|303025698|17|169
14.09835|0.0709303|instanced|303025698|17|169
13.77511|0.0725947|instanced|303025698|17|169
14.02763|0.0712879|instanced|303025698|17|169
12.7673|0.0783251|instanced|303025698|17|169
12.53422|0.07978161|instanced|303025698|17|169
14.07032|0.07107159|instanced|242420946|16|169
14.30132|0.06992359|instanced|242420946|16|169
13.71321|0.07292241|instanced|303025698|17|169
14.04297|0.07121|instanced|303025698|17|169
14.14183|0.07071219|instanced|303025698|17|169
12.92932|0.0773436|instanced|303025698|17|169
12.81118|0.0780568|instanced|303025698|17|169
13.80804|0.0724216|instanced|303025698|17|169
13.8951|0.0719678|instanced|242420946|17|169
14.08786|0.0709831|instanced|303025698|17|169
13.96601|0.0716024|instanced|303025698|17|169
14.26257|0.0701136|instanced|303025698|17|169
12.84231|0.0778676|instanced|303025698|17|169
12.75945|0.0783733|instanced|303025698|17|169
14.14994|0.0706717|instanced|303025698|17|169
14.15374|0.0706527|instanced|303025698|17|169
14.15118|0.0706655|instanced|303025698|17|169
13.72218|0.0728747|instanced|303025700|18|169
13.79824|0.072473|instanced|303025698|17|169
12.8202|0.0780019|instanced|303025698|17|169
12.79843|0.0781346|instanced|303025698|17|169
14.00115|0.0714227|instanced|303025698|17|169
13.95163|0.0716762|instanced|303025698|17|169
13.89703|0.0719578|instanced|303025698|17|169
14.09656|0.0709393|instanced|303025698|17|169
14.20606|0.0703925|instanced|303025698|17|169
12.94963|0.0772223|instanced|303025698|17|169
12.60451|0.0793367|instanced|303025698|17|169
13.83178|0.0722973|instanced|303025698|16|169
14.01909|0.0713313|instanced|303025698|17|169
13.9174|0.0718525|instanced|242420946|16|169
14.13781|0.0707323|instanced|303025698|17|169
14.05284|0.07116|instanced|303025698|17|169
12.8146|0.078036|instanced|303025698|17|169
12.78192|0.0782355|instanced|303025698|17|169
14.20001|0.0704225|instanced|303025698|17|169
13.89982|0.0719434|instanced|303025698|17|169
13.80811|0.0724212|instanced|303025698|17|169
13.7694|0.0726248|instanced|303025698|17|169
13.99449|0.07145669|instanced|303025698|17|169
12.74147|0.0784839|instanced|303025698|17|169
12.56007|0.0796174|instanced|303025698|17|169
14.03923|0.071229|instanced|303025698|17|169
14.16595|0.0705918|instanced|303025698|17|169
14.08447|0.0710002|instanced|303025698|17|169
14.08286|0.07100829|instanced|303025698|17|169
14.32849|0.069791|instanced|303025698|17|169
12.7675|0.0783239|instanced|303025700|18|169
12.32679|0.0811241|instanced|303025698|17|169
13.88021|0.072045|instanced|303025698|17|169
13.86053|0.0721473|instanced|303025698|17|169
14.02572|0.07129761|instanced|303025698|17|169
13.88276|0.0720318|instanced|303025698|17|169
14.27727|0.0700414|instanced|303025698|17|169
12.71146|0.0786692|instanced|303025698|17|169
12.70942|0.0786818|instanced|303025698|17|169
14.07787|0.07103349|instanced|303025698|17|169
13.92546|0.07181091|instanced|303025698|17|169
14.03891|0.0712306|instanced|303025698|17|169
14.06494|0.0710988|instanced|303025698|17|169
14.33873|0.0697412|instanced|303025698|17|169
12.76261|0.0783539|instanced|303025698|17|169
12.10938|0.0825806|instanced|303025700|18|169
14.31996|0.0698326|instanced|303025698|17|169
14.23593|0.0702448|instanced|303025698|17|169
14.07905|0.0710275|instanced|303025698|17|169
13.99067|0.0714762|instanced|303025698|17|169
13.96545|0.0716053|instanced|303025698|17|169
12.86514|0.0777294|instanced|303025698|17|169
12.81874|0.0780108|instanced|303025698|17|169
13.87476|0.0720733|instanced|303025698|17|169
13.76275|0.0726599|instanced|303025698|17|169
13.89947|0.07194521|instanced|303025698|17|169
14.02464|0.0713031|instanced|303025698|17|169
14.06159|0.0711157|instanced|303025698|17|169
12.92202|0.0773873|instanced|303025698|17|169
12.74009|0.0784924|instanced|303025700|18|169
13.31345|0.07511201|instanced|303025700|18|169
13.83396|0.0722859|instanced|303025698|17|169
13.91932|0.0718426|instanced|303025698|17|169
13.78915|0.0725208|instanced|303025698|17|169
13.96519|0.0716066|instanced|303025698|17|169
5.96804|0.1675592|instanced|303025698|17|169
54.26319|0.0184287|instanced|303025698|17|169
14.15759|0.07063349|instanced|303025698|17|169
13.88501|0.07202011|instanced|303025698|17|169
13.53424|0.0738867|instanced|303025698|17|169
13.7873|0.0725305|instanced|303025698|17|169
14.2705|0.0700746|instanced|303025698|17|169
12.67932|0.0788686|instanced|303025698|17|169
12.59397|0.0794031|instanced|303025698|17|169
13.93878|0.0717423|instanced|303025698|17|169
13.43131|0.0744529|instanced|303025700|18|169
13.88463|0.0720221|instanced|303025698|17|169
13.76904|0.0726267|instanced|303025698|17|169
13.97304|0.0715664|instanced|303025698|17|169
12.57669|0.0795122|instanced|303025698|17|169
12.60986|0.079303|instanced|303025698|17|169
13.82109|0.0723532|instanced|303025698|17|169
13.22895|0.0755918|instanced|303025698|17|169
13.94541|0.0717082|instanced|303025698|17|169
13.37947|0.0747414|instanced|303025698|17|169
10.67842|0.0936468|instanced|303025698|17|169
15.79011|0.0633308|instanced|303025698|17|169
12.70887|0.0786852|instanced|303025698|17|169
13.59399|0.0735619|instanced|303025698|17|169
13.7403|0.0727786|instanced|303025698|16|169
14.06786|0.071084|instanced|303025700|18|169
13.88166|0.0720375|instanced|303025698|17|169
13.99122|0.0714734|instanced|303025698|17|169
10.23638|0.09769081|instanced|303025698|17|169
15.15815|0.06597111|instanced|303025698|17|169
14.01316|0.0713615|instanced|303025698|17|169
13.7835|0.0725505|instanced|303025698|17|169
13.58755|0.07359681|instanced|303025698|17|169
13.71484|0.0729137|instanced|303025698|17|169
14.0006|0.0714255|instanced|303025698|17|169
12.6925|0.0787867|instanced|303025698|17|169
12.59333|0.0794071|instanced|303025698|17|169
13.9762|0.0715502|instanced|303025698|17|169
13.80859|0.0724187|instanced|303025698|17|169
13.98742|0.0714928|instanced|303025698|17|169
5.248694|0.1905236|instanced|303025698|17|169
24.29614|0.0411588|instanced|303025698|17|169
12.16211|0.0822226|instanced|303025698|17|169
15.2005|0.0657873|instanced|303025698|17|169
13.75463|0.0727028|instanced|303025698|17|169
13.4008|0.0746224|instanced|303025698|17|169
13.58064|0.07363421|instanced|303025698|17|169
13.51591|0.0739869|instanced|303025698|17|169
13.82506|0.0723324|instanced|303025698|17|169
13.8638|0.0721303|instanced|303025698|17|169
12.45595|0.0802829|instanced|303025698|17|169
12.63718|0.0791316|instanced|303025698|17|169
13.85865|0.0721571|instanced|303025698|17|169
13.74964|0.0727292|instanced|303025698|17|169
13.68661|0.0730641|instanced|303025698|17|169
13.40147|0.0746187|instanced|303025700|18|169
13.6826|0.0730855|instanced|303025698|17|169
10.45631|0.095636|instanced|303025698|17|169
15.2486|0.06557979|instanced|303025698|17|169
13.75667|0.072692|instanced|303025698|17|169
13.78415|0.0725471|instanced|303025698|17|169
13.7643|0.0726517|instanced|303025698|17|169
13.48298|0.0741676|instanced|303025698|17|169
10.90685|0.0916855|instanced|303025698|17|169
15.60454|0.0640839|instanced|303025698|17|169
12.77165|0.0782984|instanced|303025698|17|169
13.67523|0.07312489|instanced|303025698|17|169
13.8212|0.0723526|instanced|303025698|17|169
13.72141|0.07287881|instanced|303025698|17|169
13.70702|0.0729553|instanced|303025698|17|169
13.60335|0.0735113|instanced|303025700|18|169
12.7281|0.0785663|instanced|303025698|17|169
12.67689|0.0788837|instanced|303025698|17|169
13.6889|0.0730519|instanced|303025698|17|169
13.64502|0.07328681|instanced|303025698|17|169
13.63421|0.0733449|instanced|303025698|17|169
13.82602|0.07232741|instanced|303025698|17|169
13.98883|0.07148559|instanced|303025698|17|169
12.82994|0.0779427|instanced|303025698|17|169
12.62365|0.07921641|instanced|303025698|17|169
13.6604|0.07320429|instanced|303025698|17|169
13.79788|0.0724749|instanced|303025698|17|169
13.72604|0.0728542|instanced|303025698|17|169
14.06782|0.0710842|instanced|303025698|17|169
13.91206|0.0718801|instanced|303025698|17|169
12.62937|0.0791805|instanced|303025700|18|169
12.74822|0.07844231|instanced|303025698|17|169
13.81853|0.0723666|instanced|303025698|17|169
13.72851|0.0728411|instanced|303025698|17|169
13.80407|0.0724424|instanced|303025698|17|169
13.60165|0.0735205|instanced|303025698|17|169
14.30795|0.0698912|instanced|303025698|17|169
12.61072|0.07929759|instanced|303025698|17|169
12.50205|0.0799869|instanced|303025698|17|169
13.85588|0.07217151|instanced|303025698|17|169
12.93676|0.0772991|instanced|303025698|17|169
13.85473|0.0721775|instanced|303025698|17|169
13.80457|0.0724398|instanced|303025698|17|169
14.01956|0.0713289|instanced|303025698|17|169
12.5202|0.0798709|instanced|303025698|17|169
12.43022|0.0804491|instanced|303025700|18|169
13.36843|0.0748031|instanced|303025698|17|169
13.72154|0.07287811|instanced|303025698|17|169
13.81008|0.0724109|instanced|303025698|17|169
13.85471|0.0721776|instanced|303025698|17|169
8.452415|0.1183094|instanced|303025698|17|169
12.7305|0.0785515|instanced|303025698|17|169
14.82044|0.0674744|instanced|303025698|17|169
13.54291|0.0738394|instanced|303025698|17|169
13.7626|0.0726607|instanced|303025698|17|169
13.7761|0.0725895|instanced|303025698|17|169
13.71048|0.0729369|instanced|303025698|17|169
13.88517|0.0720193|instanced|303025698|17|169
12.61137|0.0792935|instanced|303025698|17|169
12.61968|0.07924131|instanced|303025698|17|169
13.19895|0.0757636|instanced|303025700|18|169
13.46239|0.07428099|instanced|303025698|17|169
13.89304|0.0719785|instanced|303025698|17|169
13.80922|0.0724154|instanced|303025698|17|169
13.99286|0.07146499|instanced|303025698|17|169
12.6488|0.0790589|instanced|303025698|17|169
12.65489|0.07902081|instanced|303025698|17|169
14.05616|0.0711432|instanced|303025698|17|169
13.79918|0.07246809|instanced|303025698|17|169
13.67512|0.0731255|instanced|303025698|17|169
13.82342|0.072341|instanced|303025698|17|169
14.05679|0.07114|instanced|303025698|17|169
12.60785|0.07931569|instanced|303025698|17|169
12.57528|0.0795211|instanced|303025698|17|169
9.92951|0.1007099|instanced|303025700|18|169
15.53953|0.064352|instanced|303025700|18|169
13.36791|0.074806|instanced|303025698|17|169
13.67879|0.0731059|instanced|303025698|17|169
13.67103|0.0731474|instanced|303025698|17|169
12.5122|0.079922|instanced|303025698|17|169
12.68057|0.0788608|instanced|303025698|17|169
13.84334|0.0722369|instanced|303025698|17|169
13.57947|0.0736406|instanced|303025698|17|169
13.81286|0.0723963|instanced|242420946|16|169
13.92083|0.0718348|instanced|303025698|17|169
13.92244|0.0718265|instanced|303025698|17|169
12.50392|0.0799749|instanced|303025698|17|169
12.59405|0.0794026|instanced|303025698|17|169
13.56057|0.0737432|instanced|303025698|17|169
13.672|0.0731422|instanced|303025698|17|169
13.38249|0.0747245|instanced|303025700|18|169
13.66858|0.07316049|instanced|303025698|17|169
14.11576|0.0708428|instanced|303025698|17|169
12.58159|0.0794812|instanced|303025698|17|169
12.51278|0.0799183|instanced|303025698|17|169
13.7146|0.072915|instanced|303025698|17|169
13.77929|0.0725727|instanced|303025698|17|169
13.48194|0.0741733|instanced|303025698|17|169
13.79832|0.07247259|instanced|303025698|17|169
14.06027|0.0711224|instanced|303025698|17|169
8.309195|0.1203486|instanced|303025698|17|169
15.37359|0.0650466|instanced|303025698|17|169
13.3322|0.0750064|instanced|303025698|17|169
13.6378|0.0733256|instanced|303025698|17|169
13.71755|0.0728993|instanced|303025698|17|169
13.42814|0.0744705|instanced|303025700|18|169
13.5917|0.0735743|instanced|303025698|17|169
12.77492|0.0782784|instanced|303025698|17|169
12.64597|0.0790766|instanced|303025698|17|169
13.76516|0.0726472|instanced|303025698|17|169
11.00289|0.0908852|instanced|303025698|17|169
15.49105|0.0645534|instanced|303025698|17|169
13.88312|0.0720299|instanced|303025698|17|169
13.96069|0.0716297|instanced|303025698|17|169
12.6761|0.0788886|instanced|303025698|17|169
12.66949|0.0789298|instanced|303025698|17|169
14.10654|0.0708891|instanced|303025698|17|169
13.55342|0.0737821|instanced|303025698|17|169
13.84614|0.0722223|instanced|303025698|17|169
14.0699|0.0710737|instanced|303025698|17|169
14.11299|0.0708567|instanced|303025700|18|169
12.41929|0.0805199|instanced|303025698|17|169
12.57337|0.0795332|instanced|303025698|17|169
13.57191|0.0736816|instanced|303025698|17|169
13.61174|0.073466|instanced|242420946|16|169
13.70791|0.0729506|instanced|303025698|17|169
13.99894|0.071434|instanced|303025698|17|169
14.23994|0.070225|instanced|303025698|17|169
12.76088|0.0783645|instanced|303025698|17|169
12.46685|0.0802127|instanced|303025698|17|169
13.72765|0.0728457|instanced|303025698|17|169
14.24505|0.0701998|instanced|303025698|17|169
13.81206|0.0724005|instanced|303025698|17|169
13.75777|0.0726862|instanced|303025698|17|169
13.87317|0.0720816|instanced|303025698|17|169
12.54535|0.0797108|instanced|303025700|18|169
12.534|0.079783|instanced|303025698|17|169
10.66082|0.09380139|instanced|303025698|17|169
12.48108|0.0801213|instanced|303025698|17|169
15.26273|0.06551909|instanced|303025698|17|169
14.11714|0.0708359|instanced|303025698|17|169
8.432934|0.1185827|instanced|303025698|17|169
12.79005|0.0781858|instanced|303025698|17|169
14.73047|0.0678865|instanced|303025698|17|169
13.69366|0.0730265|instanced|303025698|17|169
14.02078|0.07132269|instanced|303025698|17|169
13.8816|0.0720378|instanced|303025698|17|169
13.98073|0.071527|instanced|303025698|17|169
14.04463|0.0712016|instanced|303025698|17|169
12.60694|0.0793214|instanced|303025698|17|169
12.42043|0.0805125|instanced|303025700|18|169
13.79329|0.072499|instanced|303025698|17|169
13.94004|0.0717358|instanced|303025698|17|169
13.94523|0.0717091|instanced|303025698|17|169
13.88692|0.0720102|instanced|242420946|16|169
10.7411|0.0931003|instanced|303025698|17|169
12.63082|0.0791714|instanced|303025698|17|169
15.10248|0.0662143|instanced|303025698|17|169
13.96352|0.0716152|instanced|303025698|17|169
13.91529|0.0718634|instanced|303025698|17|169
13.9031|0.07192639|instanced|303025698|17|169
13.76889|0.0726275|instanced|303025698|17|169
13.86063|0.0721468|instanced|303025698|17|169
12.75824|0.0783807|instanced|303025698|17|169
12.42247|0.0804993|instanced|303025698|17|169
13.55388|0.0737796|instanced|303025700|18|169
13.30975|0.0751329|instanced|303025698|17|169
10.65149|0.0938836|instanced|303025698|17|169
13.03397|0.0767226|instanced|303025698|17|169
15.08582|0.0662874|instanced|303025698|17|169
10.11482|0.09886479|instanced|303025698|17|169
15.53275|0.0643801|instanced|303025698|17|169
13.66574|0.0731757|instanced|303025698|17|169
13.6978|0.0730044|instanced|303025698|17|169
13.69606|0.0730137|instanced|303025698|17|169
13.81339|0.0723935|instanced|303025698|17|169
13.74678|0.0727443|instanced|303025698|17|169
12.62503|0.0792077|instanced|303025698|17|169
10.26376|0.0974302|instanced|242420946|16|169
15.32147|0.0652679|instanced|242420946|16|169
13.44413|0.0743819|instanced|303025700|18|169
13.37834|0.0747477|instanced|303025698|17|169
13.90266|0.0719287|instanced|303025698|17|169
8.457869|0.1182331|instanced|303025698|17|169
9.486883|0.1054087|instanced|303025698|17|169
15.97876|0.0625831|instanced|303025698|17|169
13.72706|0.0728488|instanced|303025698|17|169
13.73149|0.0728253|instanced|303025698|17|169
14.01618|0.0713461|instanced|303025698|17|169
8.551124|0.1169437|instanced|303025698|17|169
12.68662|0.0788232|instanced|303025698|17|169
14.69242|0.0680623|instanced|303025698|17|169
13.50267|0.0740594|instanced|303025698|17|169
13.78517|0.0725417|instanced|303025698|17|169
13.84027|0.0722529|instanced|303025698|17|169
13.64342|0.0732954|instanced|303025700|18|169
13.85621|0.0721698|instanced|303025698|16|169
12.94762|0.0772343|instanced|303025698|17|169
12.80439|0.0780982|instanced|303025698|17|169
13.86407|0.07212891|instanced|303025698|17|169
13.87209|0.0720872|instanced|303025698|17|169
13.72497|0.07285991|instanced|303025698|17|169
13.84748|0.0722153|instanced|303025698|17|169
10.84802|0.0921827|instanced|303025698|17|169
15.4418|0.06475931|instanced|303025698|17|169
12.77355|0.0782868|instanced|303025698|17|169
13.88326|0.0720292|instanced|303025698|17|169
13.89009|0.0719938|instanced|303025698|17|169
13.72857|0.07284079|instanced|303025698|17|169
13.78183|0.0725593|instanced|303025698|17|169
13.42567|0.0744842|instanced|242420948|17|169
12.51976|0.0798737|instanced|303025698|17|169
12.54641|0.0797041|instanced|303025698|17|169
13.75296|0.0727116|instanced|303025698|17|169
13.68094|0.07309441|instanced|303025698|17|169
13.92818|0.07179689|instanced|303025698|17|169
13.84018|0.0722534|instanced|303025698|17|169
14.13114|0.0707657|instanced|303025698|17|169
9.948982|0.1005128|instanced|303025698|17|169
6.263537|0.1596542|instanced|303025698|17|169
50.02151|0.0199914|instanced|303025698|17|169
15.24509|0.0655949|instanced|303025698|17|169
5.797935|0.1724752|instanced|303025698|17|169
26.2038|0.0381624|instanced|303025698|17|169
15.24899|0.0655781|instanced|303025698|17|169
12.48179|0.0801167|instanced|303025700|18|169
13.90366|0.07192349|instanced|303025698|17|169
13.63144|0.0733598|instanced|303025698|17|169
13.93612|0.07175601|instanced|303025698|17|169
13.91159|0.07188249|instanced|303025698|17|169
13.80744|0.0724247|instanced|303025698|17|169
13.51978|0.07396571|instanced|303025698|17|169
14.08615|0.07099169|instanced|303025698|17|169
12.69764|0.07875481|instanced|303025698|17|169
12.6833|0.0788438|instanced|303025698|17|169
13.76285|0.0726594|instanced|303025698|17|169
13.99939|0.0714317|instanced|303025698|17|169
13.85965|0.0721519|instanced|303025698|17|169
14.04725|0.0711883|instanced|303025698|17|169
14.2204|0.0703215|instanced|303025698|17|169
12.26115|0.0815584|instanced|303025700|18|169
12.18638|0.0820588|instanced|303025698|17|169
13.86107|0.0721445|instanced|303025698|17|169
14.23836|0.0702328|instanced|303025698|17|169
13.8931|0.0719782|instanced|303025698|17|169
13.51541|0.07398961|instanced|303025698|17|169
13.7844|0.0725458|instanced|303025698|17|169
12.80349|0.0781037|instanced|303025698|17|169
12.90467|0.0774913|instanced|303025698|17|169
13.59939|0.0735327|instanced|303025698|17|169
13.81212|0.0724002|instanced|303025698|17|169
13.89356|0.0719758|instanced|303025698|17|169
13.84275|0.07224|instanced|303025698|17|169
13.93285|0.0717728|instanced|303025698|17|169
12.85806|0.0777722|instanced|303025698|17|169
12.54126|0.0797368|instanced|303025700|18|169
13.42637|0.0744803|instanced|303025698|17|169
13.92593|0.0718085|instanced|303025698|17|169
13.94216|0.0717249|instanced|303025698|17|169
13.85026|0.0722008|instanced|303025698|17|169
14.01603|0.07134689|instanced|303025698|17|169
12.79638|0.0781471|instanced|303025698|17|169
12.62389|0.0792149|instanced|303025698|17|169
13.99053|0.0714769|instanced|303025698|17|169
13.96217|0.0716221|instanced|303025698|17|169
13.76299|0.07265861|instanced|303025698|17|169
13.60589|0.0734976|instanced|303025698|17|169
14.13781|0.0707323|instanced|303025698|17|169
12.88333|0.0776197|instanced|303025698|17|169
12.70261|0.078724|instanced|303025698|17|169
13.67047|0.0731504|instanced|303025700|18|169
5.710474|0.1751168|instanced|303025698|17|169
23.64256|0.0422966|instanced|303025698|17|169
15.67668|0.063789|instanced|303025698|17|169
12.69061|0.0787984|instanced|303025698|17|169
13.69355|0.0730271|instanced|303025698|17|169
13.88297|0.0720307|instanced|303025698|17|169
13.94171|0.07172719|instanced|303025698|17|169
14.04532|0.0711981|instanced|303025698|17|169
13.92622|0.071807|instanced|303025698|17|169
13.60802|0.0734861|instanced|303025698|17|169
13.98738|0.071493|instanced|303025698|17|169
3|0.3333333|instanced|303025698|17|169
35.04124|0.0285378|instanced|303025698|17|169
15.04508|0.0664669|instanced|303025698|17|169
12.55|0.0796813|instanced|303025700|18|169
13.77141|0.0726142|instanced|303025698|17|169
13.90011|0.0719419|instanced|303025698|17|169
13.78928|0.0725201|instanced|303025698|17|169
13.96112|0.07162751|instanced|303025698|17|169
14.30065|0.0699269|instanced|303025698|17|169
12.94284|0.0772628|instanced|303025698|17|169
14.12511|0.0707959|instanced|303025698|17|169
12.68343|0.078843|instanced|303025698|17|169
12.60622|0.0793259|instanced|303025698|17|169
13.77566|0.0725918|instanced|303025698|17|169
13.76531|0.0726464|instanced|303025698|17|169
13.66337|0.0731884|instanced|303025698|17|169
13.90939|0.0718939|instanced|303025698|17|169
14.06183|0.0711145|instanced|303025698|17|169
12.30516|0.0812667|instanced|303025700|18|169
12.46316|0.0802365|instanced|303025698|17|169
13.83185|0.0722969|instanced|303025698|17|169
13.95432|0.0716624|instanced|303025698|17|169
13.64687|0.0732769|instanced|303025698|17|169
13.49309|0.07411201|instanced|303025698|17|169
13.90389|0.0719223|instanced|303025698|17|169
12.72431|0.0785897|instanced|303025698|17|169
12.55944|0.0796214|instanced|303025698|17|169
13.56254|0.0737325|instanced|303025698|17|169
13.84416|0.0722326|instanced|303025698|17|169
13.84409|0.072233|instanced|303025698|17|169
13.50151|0.0740658|instanced|303025698|17|169
14.09094|0.07096759|instanced|303025698|17|169
12.83583|0.0779069|instanced|303025698|17|169
12.4743|0.08016481|instanced|303025700|18|169
13.58987|0.0735842|instanced|303025698|17|169
13.90892|0.0718963|instanced|303025698|17|169
13.86374|0.0721306|instanced|303025698|17|169
13.83683|0.07227091|instanced|303025698|17|169
13.85481|0.0721771|instanced|303025698|17|169
12.74009|0.0784924|instanced|303025698|17|169
12.8724|0.0776856|instanced|303025698|17|169
13.91372|0.0718715|instanced|303025698|17|169
13.82585|0.0723283|instanced|303025698|17|169
13.94096|0.0717311|instanced|303025698|17|169
13.79217|0.07250489|instanced|303025698|17|169
13.84194|0.0722442|instanced|303025698|16|169
12.97157|0.0770917|instanced|303025698|17|169
12.58655|0.07944989|instanced|303025698|17|169
12.92091|0.0773939|instanced|303025700|18|169
13.60313|0.0735125|instanced|303025698|17|169
13.58325|0.0736201|instanced|303025698|17|169
13.92416|0.0718176|instanced|303025698|17|169
13.78616|0.0725365|instanced|303025698|17|169
12.88392|0.0776161|instanced|303025698|17|169
12.66904|0.0789326|instanced|303025698|17|169
13.96621|0.07160141|instanced|303025698|17|169
13.80714|0.0724263|instanced|303025698|17|169
13.85648|0.0721684|instanced|303025698|17|169
14.29041|0.069977|instanced|303025698|17|169
14.1346|0.0707484|instanced|303025698|17|169
12.7085|0.0786875|instanced|303025698|17|169
12.53868|0.07975321|instanced|303025698|17|169
13.42689|0.0744774|instanced|303025698|17|169
13.45593|0.0743167|instanced|303025700|18|169
14.0089|0.0713832|instanced|303025698|17|169
13.88729|0.0720083|instanced|303025698|17|169
13.85268|0.0721882|instanced|303025698|17|169
12.74861|0.0784399|instanced|303025698|17|169
12.68396|0.0788397|instanced|303025698|17|169
13.93491|0.0717622|instanced|303025698|17|169
14.13422|0.0707503|instanced|303025698|17|169
13.89213|0.0719832|instanced|303025698|17|169
12.94229|0.0772661|instanced|303025698|17|169
12.93825|0.0772902|instanced|303025698|17|169
12.93127|0.0773319|instanced|303025698|17|169
12.85071|0.07781669|instanced|303025698|17|169
12.74913|0.07843671|instanced|303025698|17|169
14.02792|0.0712864|instanced|303025698|17|169
13.65641|0.0732257|instanced|303025700|18|169
13.97196|0.0715719|instanced|303025698|17|169
12.86716|0.0777172|instanced|303025698|17|169
12.60702|0.0793209|instanced|303025698|17|169
12.88112|0.077633|instanced|303025698|17|169
12.72053|0.0786131|instanced|303025698|17|169
12.74868|0.0784395|instanced|303025698|17|169
14.17601|0.0705417|instanced|303025698|17|169
13.99707|0.07144351|instanced|303025698|17|169
13.60766|0.073488|instanced|303025698|17|169
12.93064|0.0773357|instanced|303025698|17|169
12.45797|0.0802699|instanced|303025698|17|169
14.09425|0.0709509|instanced|303025698|17|169
13.80432|0.0724411|instanced|242420946|16|169
13.82678|0.0723234|instanced|303025698|17|169
3|0.3333333|instanced|303025698|17|169
35.44779|0.0282105|instanced|303025698|17|169
15.0976|0.0662357|instanced|303025698|17|169
12.87772|0.0776535|instanced|303025698|17|169
13.92265|0.0718254|instanced|303025698|17|169
13.92748|0.0718005|instanced|303025698|17|169
13.87294|0.0720828|instanced|303025698|17|169
13.94644|0.0717029|instanced|303025698|17|169
14.02259|0.0713135|instanced|303025698|17|169
13.91194|0.0718807|instanced|303025698|17|169
13.9728|0.0715676|instanced|303025698|17|169
12.91367|0.0774373|instanced|303025698|17|169
8.372916|0.1194327|instanced|303025698|17|169
12.48937|0.0800681|instanced|242420946|15|169
14.07287|0.07105871|instanced|242420946|15|169
13.46587|0.0742618|instanced|303025700|18|169
13.7813|0.07256211|instanced|303025698|17|169
14.10636|0.07089|instanced|303025698|17|169
12.85246|0.0778061|instanced|303025698|17|169
12.77156|0.07829899|instanced|303025698|17|169
13.58995|0.0735838|instanced|303025698|17|169
13.58434|0.0736142|instanced|303025698|17|169
14.01318|0.0713614|instanced|303025698|17|169
14.18064|0.0705187|instanced|303025698|17|169
14.00056|0.0714257|instanced|303025698|17|169
12.87001|0.0777|instanced|303025698|17|169
12.67692|0.0788835|instanced|303025698|17|169
14.12657|0.0707886|instanced|303025698|17|169
14.29948|0.0699326|instanced|303025698|17|169
6.194102|0.1614439|instanced|303025700|18|169
18.97375|0.0527044|instanced|303025698|17|169
11.81197|0.0846599|instanced|303025698|17|169
16.11549|0.0620521|instanced|303025698|17|169
14.15314|0.0706557|instanced|303025698|17|169
14.076|0.0710429|instanced|303025698|17|169
13.72731|0.0728475|instanced|303025698|17|169
13.86047|0.0721476|instanced|303025698|17|169
13.98453|0.0715076|instanced|303025698|17|169
9.139506|0.1094151|instanced|303025698|17|169
16.22005|0.0616521|instanced|303025698|17|169
15.39935|0.06493781|instanced|303025698|17|169
13.98298|0.0715155|instanced|303025698|17|169
14.10608|0.0708914|instanced|303025698|17|169
13.68202|0.07308861|instanced|303025698|17|169
13.86974|0.0720994|instanced|303025698|17|169
10.64415|0.0939483|instanced|303025698|17|169
15.6799|0.0637759|instanced|303025698|17|169
12.93865|0.0772878|instanced|303025698|17|169
14.05053|0.07117171|instanced|303025698|17|169
13.76048|0.0726719|instanced|303025698|17|169
13.98593|0.07150041|instanced|303025698|17|169
13.92341|0.0718215|instanced|303025698|17|169
13.72842|0.07284159|instanced|303025698|17|169
12.77108|0.0783019|instanced|303025698|17|169
10.07022|0.0993027|instanced|303025698|17|169
16.26715|0.0614736|instanced|303025698|17|169
10.96706|0.0911821|instanced|303025698|17|169
15.35275|0.0651349|instanced|303025698|17|169
13.60465|0.0735043|instanced|303025698|17|169
13.9449|0.0717108|instanced|303025698|17|169
12.6741|0.0789011|instanced|303025700|18|169
12.71755|0.0786315|instanced|303025698|17|169
14.3923|0.0694816|instanced|303025698|17|169
14.00419|0.0714072|instanced|303025698|17|169
13.8743|0.0720757|instanced|303025698|16|169
13.99994|0.07142889|instanced|303025698|17|169
14.13557|0.0707435|instanced|303025698|17|169
12.74681|0.078451|instanced|303025698|17|169
12.79961|0.07812739|instanced|303025698|17|169
13.82982|0.0723075|instanced|303025698|17|169
13.9319|0.0717777|instanced|303025698|17|169
13.85706|0.0721654|instanced|303025698|17|169
13.72277|0.0728716|instanced|303025698|17|169
14.14541|0.07069431|instanced|303025698|17|169
12.88197|0.0776279|instanced|303025698|17|169
12.58465|0.07946189|instanced|303025700|17|169
13.79853|0.07247151|instanced|303025698|17|169
13.86761|0.0721105|instanced|303025698|17|169
13.92126|0.0718326|instanced|303025698|17|169
13.9443|0.07171389|instanced|303025698|17|169
14.1308|0.0707674|instanced|303025698|17|169
12.74713|0.078449|instanced|303025698|17|169
12.8464|0.0778428|instanced|303025698|17|169
14.03535|0.0712487|instanced|303025698|17|169
13.86034|0.0721483|instanced|303025698|17|169
13.70702|0.0729553|instanced|242420946|16|169
13.88237|0.0720338|instanced|303025698|17|169
14.04628|0.0711932|instanced|303025698|17|169
8.367963|0.1195034|instanced|303025698|17|169
15.33646|0.06520411|instanced|303025698|17|169
13.58214|0.0736261|instanced|303025700|18|169
13.57683|0.0736549|instanced|303025698|17|169
13.55003|0.07380059|instanced|303025698|17|169
13.90011|0.0719419|instanced|303025698|17|169
14.27411|0.0700569|instanced|303025698|17|169
12.89973|0.077521|instanced|303025698|17|169
10.11764|0.09883729|instanced|303025698|17|169
15.43138|0.064803|instanced|303025698|17|169
13.02962|0.0767482|instanced|303025698|17|169
13.95023|0.0716834|instanced|303025698|17|169
13.74353|0.0727615|instanced|303025698|17|169
13.89553|0.0719656|instanced|303025698|17|169
12.59592|0.0793908|instanced|303025698|17|169
10.02721|0.0997286|instanced|303025698|17|169
15.40205|0.0649264|instanced|303025698|17|169
13.46323|0.0742764|instanced|303025700|18|169
13.38927|0.0746867|instanced|303025698|17|169
13.76152|0.07266641|instanced|303025698|17|169
13.91409|0.0718696|instanced|303025698|17|169
12.83048|0.0779394|instanced|303025698|17|169
12.63456|0.079148|instanced|303025698|17|169
13.6421|0.07330249|instanced|303025698|17|169
13.68982|0.073047|instanced|303025698|17|169
13.64018|0.0733128|instanced|303025698|17|169
13.94949|0.0716872|instanced|303025698|17|169
14.08883|0.0709782|instanced|303025698|17|169
12.73728|0.0785097|instanced|303025698|17|169
12.71002|0.0786781|instanced|303025698|17|169
14.0253|0.0712997|instanced|303025698|17|169
13.92461|0.0718153|instanced|242420946|16|169
13.44894|0.0743553|instanced|303025700|18|169
13.54986|0.0738015|instanced|303025698|17|169
14.12481|0.0707974|instanced|303025698|17|169
12.85136|0.07781281|instanced|303025698|17|169
12.72924|0.07855929|instanced|303025698|17|169
13.81929|0.0723626|instanced|303025698|17|169
14.10684|0.0708876|instanced|303025698|17|169
13.67366|0.0731333|instanced|303025698|17|169
13.94014|0.07173529|instanced|303025698|17|169
10.77447|0.092812|instanced|303025698|17|169
12.45116|0.08031379|instanced|303025698|17|169
15.06108|0.0663963|instanced|303025698|17|169
13.60705|0.0734913|instanced|303025698|17|169
13.7304|0.0728311|instanced|303025698|17|169
13.90206|0.0719318|instanced|303025698|17|169
13.26953|0.0753606|instanced|303025700|18|169
13.88037|0.07204419|instanced|303025698|17|169
12.74619|0.0784548|instanced|303025698|17|169
12.74467|0.0784642|instanced|303025698|17|169
13.70227|0.07298061|instanced|303025698|17|169
10.41298|0.096034|instanced|303025698|17|169
15.29897|0.0653639|instanced|303025698|17|169
13.97626|0.0715499|instanced|303025698|17|169
11.3473|0.0881267|instanced|242420946|16|169
15.25076|0.0655705|instanced|242420946|16|169
12.74457|0.07846481|instanced|303025698|17|169
13.53609|0.0738766|instanced|303025698|17|169
13.77594|0.07259031|instanced|303025698|17|169
13.87367|0.072079|instanced|303025698|17|169
13.86334|0.0721327|instanced|303025698|17|169
10.96703|0.0911824|instanced|303025698|17|169
15.57128|0.0642208|instanced|303025698|17|169
12.87253|0.0776848|instanced|303025698|17|169
14.13451|0.07074881|instanced|303025698|17|169
13.92122|0.0718328|instanced|303025698|17|169
13.84106|0.07224879|instanced|303025698|17|169
13.73989|0.0727808|instanced|303025698|17|169
13.88873|0.0720008|instanced|303025698|17|169
12.70551|0.078706|instanced|303025698|17|169
12.59784|0.0793787|instanced|303025698|17|169
13.81479|0.07238621|instanced|303025698|17|169
13.85631|0.0721693|instanced|303025698|17|169
13.81496|0.0723853|instanced|303025698|17|169
13.94679|0.0717011|instanced|303025698|16|169
14.20093|0.0704179|instanced|303025698|17|169
12.615|0.07927071|instanced|303025700|18|169
12.62846|0.07918619|instanced|303025698|17|169
14.20965|0.0703747|instanced|303025698|17|169
13.76652|0.07264|instanced|303025698|17|169
13.68884|0.0730522|instanced|303025698|17|169
13.92502|0.0718132|instanced|303025698|17|169
13.96229|0.0716215|instanced|303025698|17|169
12.67851|0.0788736|instanced|303025698|17|169
12.51106|0.0799293|instanced|303025698|17|169
10.16312|0.098395|instanced|303025698|17|169
15.78682|0.06334399|instanced|303025698|17|169
14.12078|0.0708176|instanced|242420946|16|169
13.71041|0.07293729|instanced|303025698|17|169
11.04592|0.0905312|instanced|303025698|17|169
11.98907|0.0834093|instanced|303025700|18|169
12.00806|0.0832774|instanced|303025698|17|169
15.16107|0.0659584|instanced|303025698|17|169
13.96767|0.0715939|instanced|303025698|17|169
13.79691|0.07248|instanced|303025698|17|169
14.1724|0.0705597|instanced|303025698|17|169
10.65981|0.0938103|instanced|303025698|17|169
15.52494|0.0644125|instanced|303025698|17|169
12.67403|0.0789015|instanced|303025698|17|169
13.82304|0.072343|instanced|303025698|17|169
11.05691|0.0904412|instanced|303025698|17|169
15.05367|0.066429|instanced|303025698|17|169
13.73473|0.07280811|instanced|303025698|17|169
10.90142|0.09173119|instanced|242420946|16|169
15.11341|0.0661664|instanced|242420946|16|169
12.8596|0.07776289|instanced|303025698|17|169
13.50526|0.0740452|instanced|303025700|18|169
13.31365|0.0751109|instanced|303025698|17|169
13.6774|0.0731133|instanced|303025698|17|169
13.39468|0.0746565|instanced|303025698|17|169
14.11594|0.0708419|instanced|303025698|17|169
12.90647|0.0774805|instanced|303025698|17|169
12.77454|0.0782807|instanced|303025698|17|169
13.51739|0.0739788|instanced|303025698|17|169
13.78234|0.0725566|instanced|303025698|17|169
13.95958|0.0716354|instanced|303025698|17|169
10.71887|0.09329341|instanced|303025698|17|169
11.73709|0.0852|instanced|303025698|17|169
15.0562|0.0664178|instanced|303025698|17|169
12.70517|0.0787081|instanced|303025698|17|169
13.61454|0.0734509|instanced|303025698|17|169
13.56801|0.0737028|instanced|303025700|18|169
13.22396|0.0756203|instanced|303025698|17|169
14.05574|0.0711453|instanced|303025698|17|169
14.07878|0.0710289|instanced|303025698|17|169
13.98848|0.0714874|instanced|303025698|17|169
12.93385|0.0773165|instanced|303025698|17|169
12.73229|0.0785405|instanced|303025698|17|169
14.17406|0.0705514|instanced|303025698|17|169
14.21939|0.0703265|instanced|303025698|17|169
13.8347|0.072282|instanced|303025698|17|169
13.77566|0.0725918|instanced|303025698|17|169
14.05335|0.0711574|instanced|303025698|17|169
12.81703|0.07802119|instanced|303025698|17|169
12.74022|0.07849161|instanced|303025698|17|169
13.99008|0.0714792|instanced|303025698|17|169
13.63672|0.0733314|instanced|303025700|18|169
13.83719|0.072269|instanced|303025698|17|169
13.99265|0.0714661|instanced|303025698|17|169
11.13112|0.0898382|instanced|303025698|17|169
12.48036|0.0801259|instanced|303025698|17|169
14.88117|0.067199|instanced|303025698|17|169
13.8286|0.0723139|instanced|303025698|17|169
14.00955|0.0713799|instanced|303025698|17|169
14.00574|0.0713993|instanced|303025698|17|169
13.77382|0.0726015|instanced|303025698|17|169
13.98791|0.0714903|instanced|303025698|17|169
12.78889|0.0781929|instanced|303025698|17|169
12.3451|0.0810038|instanced|303025698|17|169
13.7632|0.0726575|instanced|303025698|17|169
13.86007|0.07214969|instanced|303025698|17|169
13.41425|0.0745476|instanced|303025700|18|169
13.80977|0.0724125|instanced|303025698|17|169
14.16822|0.0705805|instanced|303025698|17|169
12.92723|0.0773561|instanced|303025698|17|169
12.75387|0.07840759|instanced|303025698|17|169
13.69015|0.0730452|instanced|303025698|17|169
13.95101|0.0716794|instanced|303025698|17|169
13.97907|0.0715355|instanced|303025698|17|169
13.80559|0.0724344|instanced|303025698|17|169
13.94403|0.0717153|instanced|303025698|17|169
12.71527|0.0786456|instanced|303025698|17|169
12.71748|0.0786319|instanced|303025698|17|169
13.99851|0.0714362|instanced|303025698|17|169
13.64469|0.0732886|instanced|303025698|17|169
13.93126|0.07178099|instanced|303025698|17|169
9.612418|0.1040321|instanced|303025698|17|169
13.59366|0.0735637|instanced|303025698|17|169
15.00681|0.06663639|instanced|303025698|17|169
12.76363|0.07834761|instanced|303025698|17|169
13.74081|0.0727759|instanced|303025698|17|169
13.60072|0.0735255|instanced|303025698|17|169
14.00399|0.0714082|instanced|303025698|17|169
13.88584|0.0720158|instanced|303025698|17|169
13.82913|0.0723111|instanced|303025698|17|169
8.503141|0.1176036|instanced|303025698|17|169
9.753919|0.1025229|instanced|303025698|17|169
15.34644|0.0651617|instanced|303025698|17|169
13.68914|0.0730506|instanced|303025698|17|169
13.67821|0.073109|instanced|303025698|17|169
13.80312|0.0724474|instanced|303025698|17|169
13.73832|0.0727891|instanced|303025700|18|169
12.74341|0.07847191|instanced|303025698|17|169
12.70228|0.078726|instanced|303025698|17|169
13.96863|0.07158899|instanced|303025698|17|169
14.204|0.0704027|instanced|303025698|17|169
13.95107|0.0716791|instanced|303025698|17|169
13.95374|0.0716654|instanced|303025698|17|169
11.30391|0.088465|instanced|303025698|17|169
15.46472|0.0646633|instanced|303025698|17|169
12.96894|0.0771073|instanced|303025698|17|169
13.54751|0.0738143|instanced|303025698|17|169
13.95909|0.07163791|instanced|303025698|17|169
14.02847|0.07128359|instanced|303025698|17|169
13.82499|0.0723328|instanced|303025698|17|169
14.32679|0.0697993|instanced|303025698|17|169
9.017986|0.1108895|instanced|303025698|17|169
6.555438|0.1525451|instanced|303025698|17|169
55.82132|0.0179143|instanced|303025698|17|169
15.23849|0.0656233|instanced|303025698|17|169
5.765586|0.1734429|instanced|303025698|17|169
21.44013|0.0466415|instanced|303025698|17|169
16.03752|0.0623538|instanced|303025698|17|169
12.88867|0.0775875|instanced|303025698|17|169
14.08068|0.0710193|instanced|303025698|17|169
14.33043|0.0697816|instanced|303025698|17|169
14.18859|0.07047919|instanced|303025698|17|169
14.16938|0.0705747|instanced|303025698|17|169
14.33223|0.0697728|instanced|303025698|17|169
13.65602|0.0732278|instanced|303025698|17|169
14.15002|0.0706713|instanced|303025698|17|169
12.76513|0.0783384|instanced|303025700|18|169
12.78369|0.0782247|instanced|303025698|17|169
14.27495|0.0700528|instanced|242420946|16|169
14.44598|0.0692234|instanced|303025698|17|169
14.34978|0.0696875|instanced|303025698|17|169
14.29341|0.06996229|instanced|303025698|17|169
14.28822|0.06998771|instanced|303025698|17|169
13.1461|0.0760682|instanced|303025698|17|169
13.22932|0.0755897|instanced|303025698|17|169
14.15126|0.07066509|instanced|303025698|17|169
14.1214|0.07081451|instanced|303025698|17|169
14.23895|0.0702299|instanced|303025698|17|169
14.08409|0.0710021|instanced|303025698|17|169
14.39037|0.06949089|instanced|303025698|17|169
13.07304|0.0764933|instanced|303025698|17|169
13.10743|0.0762926|instanced|303025700|18|169
14.1332|0.0707554|instanced|303025698|17|169
14.47088|0.06910429|instanced|303025698|17|169
14.26017|0.0701254|instanced|303025698|17|169
14.03682|0.0712412|instanced|303025698|17|169
5.80558|0.1722481|instanced|303025698|17|169
26.71119|0.0374375|instanced|303025698|17|169
15.60036|0.0641011|instanced|303025698|17|169
14.43289|0.0692862|instanced|303025698|17|169
14.19368|0.0704539|instanced|303025698|17|169
14.1066|0.07088879|instanced|303025698|17|169
14.14775|0.0706826|instanced|303025698|17|169
14.19406|0.070452|instanced|303025698|17|169
13.3785|0.0747468|instanced|303025698|17|169
13.26527|0.0753848|instanced|242420946|16|169
14.26652|0.0700942|instanced|303025700|18|169
14.52922|0.0688268|instanced|303025698|17|169
14.70962|0.0679827|instanced|303025698|17|169
14.42808|0.06930929|instanced|303025698|17|169
14.35849|0.0696452|instanced|303025698|17|169
14.55227|0.0687178|instanced|303025698|17|169
12.98988|0.076983|instanced|303025698|17|169
12.99488|0.0769534|instanced|303025698|16|169
14.11777|0.07083269|instanced|303025698|17|169
14.55899|0.06868611|instanced|303025698|17|169
14.50878|0.06892379|instanced|303025698|17|169
14.304|0.0699105|instanced|303025698|17|169
14.47804|0.0690701|instanced|303025698|17|169
14.50812|0.0689269|instanced|303025698|17|169
13.06232|0.07655609|instanced|303025698|17|169
13.09691|0.07635391|instanced|303025700|18|169
13.89474|0.0719697|instanced|303025698|17|169
14.16746|0.0705843|instanced|303025698|17|169
14.25921|0.0701301|instanced|303025698|17|169
14.03308|0.0712602|instanced|303025698|17|169
11.18656|0.089393|instanced|303025698|17|169
12.68056|0.0788609|instanced|303025698|17|169
15.11807|0.06614599|instanced|303025698|17|169
14.0956|0.0709441|instanced|303025698|17|169
14.01446|0.0713549|instanced|303025698|17|169
14.08609|0.070992|instanced|303025698|17|169
14.02363|0.0713082|instanced|303025698|17|169
14.45586|0.06917611|instanced|303025698|17|169
12.95857|0.077169|instanced|303025698|17|169
13.04478|0.076659|instanced|303025698|17|169
13.6028|0.0735143|instanced|303025700|18|169
14.05313|0.07115851|instanced|303025698|17|169
13.94479|0.07171139|instanced|303025698|17|169
14.20989|0.07037351|instanced|303025698|17|169
11.43853|0.08742379|instanced|303025698|17|169
12.48069|0.0801238|instanced|303025698|17|169
15.14332|0.0660357|instanced|303025698|17|169
13.96705|0.0715971|instanced|303025698|16|169
13.87215|0.0720869|instanced|303025698|17|169
14.55488|0.0687055|instanced|303025698|17|169
13.7099|0.07294|instanced|303025698|17|169
13.86143|0.0721426|instanced|303025698|17|169
13.04924|0.0766328|instanced|303025698|17|169
12.85106|0.0778146|instanced|303025698|17|169
14.03974|0.0712264|instanced|303025698|17|169
14.24629|0.0701937|instanced|303025700|18|169
13.76606|0.0726424|instanced|303025698|17|169
50.00002|0.01999999|non-instanced|1686|7|1
50.00002|0.01999999|non-instanced|1796668|25|1
9.333382|0.1071423|non-instanced|1796914|29|1
22.80393|0.0438521|non-instanced|1794974|17|1
11.52442|0.0867723|non-instanced|1794974|17|1
70.22125|0.0142407|non-instanced|1794974|17|1
88.69971|0.01127399|non-instanced|1794974|17|1
88.41418|0.0113104|non-instanced|1794974|17|1
82.27204|0.0121548|non-instanced|1794974|17|1
67.9454|0.0147177|non-instanced|1794974|17|1
28.55421|0.0350211|non-instanced|1794974|17|1
33.38909|0.0299499|non-instanced|1794974|17|1
80.95661|0.0123523|non-instanced|1794974|17|1
83.40908|0.0119891|non-instanced|1794974|17|1
74.93946|0.0133441|non-instanced|1794974|17|1
72.29978|0.0138313|non-instanced|1794974|17|1
81.86593|0.01221509|non-instanced|1794974|17|1
67.75066|0.01476001|non-instanced|1794973|16|1
68.19747|0.0146633|non-instanced|1794974|17|1
80.35229|0.0124452|non-instanced|1794974|17|1
79.6077|0.0125616|non-instanced|1794974|17|1
81.57339|0.0122589|non-instanced|1794974|17|1
83.21888|0.0120165|non-instanced|1794974|17|1
78.15434|0.0127952|non-instanced|1794974|17|1
83.59803|0.011962|non-instanced|1794974|17|1
78.02444|0.0128165|non-instanced|1794974|17|1
81.16815|0.0123201|non-instanced|1794974|17|1
79.03828|0.0126521|non-instanced|1794974|17|1
75.48994|0.0132468|non-instanced|1794974|17|1
76.19627|0.013124|non-instanced|1794974|17|1
78.57864|0.01272611|non-instanced|1794974|17|1
99.57684|0.0100425|non-instanced|1794976|18|1
80.31548|0.0124509|non-instanced|1794974|17|1
77.98973|0.0128222|non-instanced|1794974|17|1
78.5663|0.0127281|non-instanced|1436366|16|1
66.59874|0.0150153|non-instanced|1794974|17|1
80.23817|0.0124629|non-instanced|1794974|17|1
82.42322|0.0121325|non-instanced|1794974|17|1
71.66715|0.01395339|non-instanced|1794974|17|1
70.69836|0.0141446|non-instanced|1794974|17|1
80.13847|0.0124784|non-instanced|1794974|17|1
75.78052|0.013196|non-instanced|1794974|17|1
81.81766|0.0122223|non-instanced|1794974|17|1
76.71538|0.0130352|non-instanced|1794974|17|1
82.2612|0.0121564|non-instanced|1794974|17|1
64.32026|0.0155472|non-instanced|1794974|17|1
29.10767|0.0343552|non-instanced|1794976|18|1
28.67713|0.034871|non-instanced|1794974|17|1
74.75127|0.0133777|non-instanced|1794974|17|1
77.29227|0.0129379|non-instanced|1794974|17|1
79.33675|0.0126045|non-instanced|1794974|17|1
77.67713|0.0128738|non-instanced|1794974|17|1
78.85503|0.0126815|non-instanced|1794974|17|1
78.17446|0.0127919|non-instanced|1794974|17|1
80.58929|0.0124086|non-instanced|1794974|17|1
73.42088|0.0136201|non-instanced|1794974|17|1
80.89372|0.0123619|non-instanced|1794974|17|1
75.27853|0.013284|non-instanced|1436366|17|1
64.12805|0.0155938|non-instanced|1794974|17|1
66.33191|0.0150757|non-instanced|1794974|17|1
79.2374|0.0126203|non-instanced|1794974|17|1
78.29261|0.0127726|non-instanced|1794976|18|1
65.4506|0.0152787|non-instanced|1794974|17|1
78.23072|0.0127827|non-instanced|1794974|17|1
80.62696|0.0124028|non-instanced|1794974|17|1
77.23677|0.0129472|non-instanced|1436366|16|1
66.33586|0.0150748|non-instanced|1794974|17|1
96.30293|0.0103839|non-instanced|1794974|17|1
97.29428|0.0102781|non-instanced|1794974|17|1
78.01892|0.0128174|non-instanced|1794974|17|1
82.35674|0.0121423|non-instanced|1794974|17|1
77.81312|0.0128513|non-instanced|1794974|17|1
80.78329|0.0123788|non-instanced|1794974|17|1
78.8047|0.0126896|non-instanced|1794974|17|1
100.2657|0.009973498|non-instanced|1794974|17|1
79.08385|0.01264481|non-instanced|1794974|17|1
80.14233|0.0124778|non-instanced|1794976|18|1
73.64095|0.0135794|non-instanced|1794974|17|1
81.09711|0.0123309|non-instanced|1794974|17|1
76.13187|0.0131351|non-instanced|1794974|17|1
79.00333|0.0126577|non-instanced|1794974|17|1
66.37196|0.0150666|non-instanced|1794974|17|1
29.63569|0.0337431|non-instanced|1794974|17|1
30.3192|0.0329824|non-instanced|1794974|17|1
77.59695|0.0128871|non-instanced|1436365|16|1
48.62915|0.0205638|non-instanced|1794974|17|1
82.44022|0.01213|non-instanced|1794974|17|1
80.15645|0.0124756|non-instanced|1794974|17|1
78.12686|0.0127997|non-instanced|1794974|17|1
78.94962|0.01266631|non-instanced|1794974|17|1
74.83801|0.0133622|non-instanced|1794974|17|1
79.93538|0.01251011|non-instanced|1436368|17|1
64.17909|0.0155814|non-instanced|1794974|17|1
78.52747|0.0127344|non-instanced|1794974|17|1
80.11408|0.0124822|non-instanced|1794974|17|1
75.35736|0.0132701|non-instanced|1794974|17|1
80.91664|0.0123584|non-instanced|1794974|17|1
75.13316|0.0133097|non-instanced|1794974|17|1
84.63532|0.0118154|non-instanced|1794974|17|1
77.64576|0.012879|non-instanced|1794974|17|1
81.83374|0.0122199|non-instanced|1794974|17|1
73.95738|0.0135213|non-instanced|1794974|17|1
81.48898|0.0122716|non-instanced|1794974|17|1
69.6214|0.0143634|non-instanced|1794974|17|1
80.98216|0.0123484|non-instanced|1794974|17|1
76.92719|0.01299931|non-instanced|1436366|17|1
76.89294|0.01300509|non-instanced|1794976|18|1
78.0902|0.0128057|non-instanced|1794974|17|1
75.83513|0.0131865|non-instanced|1794974|17|1
97.91732|0.0102127|non-instanced|1794974|17|1
79.12457|0.0126383|non-instanced|1794974|17|1
89.13931|0.0112184|non-instanced|1794974|17|1
82.88573|0.0120648|non-instanced|1794974|17|1
76.43917|0.0130823|non-instanced|1794974|17|1
82.9896|0.0120497|non-instanced|1794974|17|1
77.33654|0.0129305|non-instanced|1794974|17|1
82.31946|0.0121478|non-instanced|1436366|17|1
73.84322|0.01354221|non-instanced|1794974|17|1
30.9294|0.0323317|non-instanced|1794974|17|1
31.62555|0.03162|non-instanced|1794974|17|1
75.23266|0.0132921|non-instanced|1794974|17|1
74.41975|0.01343729|non-instanced|1794976|18|1
80.50944|0.0124209|non-instanced|1794974|17|1
68.19563|0.0146637|non-instanced|1794974|17|1
70.47166|0.0141901|non-instanced|1794974|17|1
81.93965|0.0122041|non-instanced|1794974|17|1
74.99458|0.0133343|non-instanced|1794974|16|1
81.15564|0.012322|non-instanced|1794974|17|1
79.20481|0.0126255|non-instanced|1794974|17|1
79.41421|0.0125922|non-instanced|1794973|16|1
67.57854|0.0147976|non-instanced|1794974|17|1
79.25|0.0126183|non-instanced|1794974|17|1
78.46953|0.0127438|non-instanced|1794974|17|1
79.91175|0.0125138|non-instanced|1794974|17|1
81.20641|0.0123143|non-instanced|1794974|17|1
96.23621|0.0103911|non-instanced|1794974|17|1
77.40296|0.0129194|non-instanced|1794976|18|1
67.64572|0.0147829|non-instanced|1794974|17|1
99.41942|0.0100584|non-instanced|1436366|16|1
80.41428|0.0124356|non-instanced|1794974|17|1
105.3031|0.0094964|non-instanced|1794974|17|1
81.80296|0.0122245|non-instanced|1794974|17|1
80.35934|0.0124441|non-instanced|1794974|17|1
83.842|0.0119272|non-instanced|1794974|17|1
80.00961|0.0124985|non-instanced|1794974|17|1
80.33674|0.0124476|non-instanced|1794974|17|1
80.77483|0.0123801|non-instanced|1794974|17|1
71.56197|0.0139739|non-instanced|1794974|17|1
76.04792|0.0131496|non-instanced|1794974|17|1
82.31946|0.0121478|non-instanced|1794974|17|1
81.46969|0.0122745|non-instanced|1794974|17|1
98.5241|0.0101498|non-instanced|1436368|17|1
66.79|0.0149723|non-instanced|1794974|17|1
82.28015|0.0121536|non-instanced|1794974|17|1
83.31321|0.0120029|non-instanced|1794974|17|1
29.90127|0.0334434|non-instanced|1794974|17|1
33.48748|0.0298619|non-instanced|1794974|17|1
75.84491|0.0131848|non-instanced|1436366|16|1
66.98103|0.0149296|non-instanced|1794974|17|1
80.36648|0.012443|non-instanced|1794974|17|1
82.44498|0.0121293|non-instanced|1794974|17|1
77.27974|0.01294|non-instanced|1794974|17|1
82.84661|0.0120705|non-instanced|1794974|17|1
97.7785|0.0102272|non-instanced|1794974|17|1
97.44975|0.0102617|non-instanced|1794974|17|1
81.4193|0.0122821|non-instanced|1794974|17|1
82.74038|0.012086|non-instanced|1794976|18|1
66.55307|0.0150256|non-instanced|1794974|17|1
73.80618|0.013549|non-instanced|1794974|17|1
73.68764|0.0135708|non-instanced|1794974|17|1
83.25074|0.01201191|non-instanced|1794974|17|1
96.63801|0.0103479|non-instanced|1794974|17|1
96.3354|0.0103804|non-instanced|1794974|17|1
82.38929|0.0121375|non-instanced|1794974|17|1
80.33225|0.0124483|non-instanced|1794974|17|1
95.33428|0.01048941|non-instanced|1794974|17|1
80.62112|0.0124037|non-instanced|1794974|17|1
81.41798|0.0122823|non-instanced|1794974|17|1
101.2146|0.009879996|non-instanced|1794974|17|1
82.03511|0.0121899|non-instanced|1794974|17|1
82.49462|0.012122|non-instanced|1794974|17|1
80.55227|0.0124143|non-instanced|1794976|18|1
68.21609|0.0146593|non-instanced|1794974|17|1
100.1632|0.009983702|non-instanced|1794974|17|1
83.72267|0.0119442|non-instanced|1794974|17|1
82.56886|0.0121111|non-instanced|1794974|17|1
82.01294|0.0121932|non-instanced|1794974|17|1
99.58569|0.0100416|non-instanced|1794974|17|1
57.48515|0.0173958|non-instanced|1794974|17|1
98.5241|0.0101498|non-instanced|1794974|17|1
81.88264|0.0122126|non-instanced|1794974|17|1
79.28517|0.0126127|non-instanced|1794974|17|1
68.82026|0.0145306|non-instanced|1794974|17|1
28.44198|0.0351593|non-instanced|1794974|17|1
31.27962|0.0319697|non-instanced|1794974|17|1
77.71576|0.0128674|non-instanced|1794974|17|1
81.79357|0.0122259|non-instanced|1794976|18|1
65.6724|0.0152271|non-instanced|1794974|17|1
79.39661|0.012595|non-instanced|1794974|17|1
82.49873|0.0121214|non-instanced|1794974|17|1
81.83906|0.0122191|non-instanced|1436366|16|1
67.96526|0.0147134|non-instanced|1794974|17|1
67.19482|0.0148821|non-instanced|1794974|17|1
80.88914|0.0123626|non-instanced|1794974|17|1
81.25919|0.0123063|non-instanced|1794974|17|1
76.94912|0.0129956|non-instanced|1436366|16|1
77.14026|0.0129634|non-instanced|1794974|17|1
82.74586|0.0120852|non-instanced|1794974|17|1
94.272|0.0106076|non-instanced|1077758|15|1
67.26307|0.014867|non-instanced|1794974|17|1
81.82838|0.0122207|non-instanced|1794974|17|1
97.77749|0.0102273|non-instanced|1794976|18|1
79.68636|0.0125492|non-instanced|1794974|17|1
76.47778|0.01307569|non-instanced|1794974|17|1
86.91566|0.01150541|non-instanced|1794974|17|1
75.86966|0.0131805|non-instanced|1794974|17|1
100.4077|0.009959396|non-instanced|1794974|17|1
100.3029|0.009969799|non-instanced|1794974|17|1
82.87132|0.0120669|non-instanced|1794974|17|1
81.22024|0.0123122|non-instanced|1794974|17|1
94.85509|0.0105424|non-instanced|1794974|17|1
81.74609|0.012233|non-instanced|1794974|17|1
79.19285|0.0126274|non-instanced|1794974|17|1
80.46863|0.0124272|non-instanced|1794974|17|1
98.82304|0.0101191|non-instanced|1794974|17|1
82.73557|0.0120867|non-instanced|1794974|17|1
80.17576|0.0124726|non-instanced|1794976|18|1
68.84682|0.014525|non-instanced|1794974|17|1
79.68505|0.0125494|non-instanced|1794974|17|1
82.40492|0.0121352|non-instanced|1794974|17|1
29.5746|0.0338128|non-instanced|1794974|17|1
33.30968|0.0300213|non-instanced|1794974|17|1
77.00123|0.01298681|non-instanced|1794974|17|1
97.40421|0.0102665|non-instanced|1794974|17|1
84.75223|0.0117991|non-instanced|1794974|17|1
79.27636|0.0126141|non-instanced|1436366|16|1
78.72034|0.0127032|non-instanced|1794974|17|1
66.11744|0.0151246|non-instanced|1794974|17|1
99.10314|0.0100905|non-instanced|1794974|17|1
80.29355|0.0124543|non-instanced|1794974|17|1
83.50311|0.0119756|non-instanced|1794974|17|1
81.72872|0.0122356|non-instanced|1794976|18|1
79.66985|0.0125518|non-instanced|1436366|15|1
65.278|0.0153191|non-instanced|1794974|17|1
80.90221|0.0123606|non-instanced|1794974|17|1
99.33943|0.0100665|non-instanced|1794974|17|1
99.43616|0.0100567|non-instanced|1794974|17|1
81.77821|0.0122282|non-instanced|1794974|17|1
96.57822|0.0103543|non-instanced|1794974|17|1
81.32527|0.0122963|non-instanced|1794974|17|1
95.14749|0.01051|non-instanced|1794974|17|1
81.33385|0.012295|non-instanced|1794974|17|1
78.2534|0.012779|non-instanced|1794974|17|1
79.91048|0.012514|non-instanced|1794974|17|1
81.01759|0.012343|non-instanced|1794974|17|1
96.22971|0.0103918|non-instanced|1794974|17|1
80.94347|0.0123543|non-instanced|1794976|18|1
67.96064|0.0147144|non-instanced|1794974|17|1
97.38996|0.010268|non-instanced|1436366|16|1
73.0092|0.0136969|non-instanced|1794974|17|1
81.06753|0.0123354|non-instanced|1794974|17|1
86.78145|0.0115232|non-instanced|1794974|17|1
91.10288|0.0109766|non-instanced|1794974|17|1
92.73686|0.0107832|non-instanced|1794974|17|1
95.88278|0.0104294|non-instanced|1794974|17|1
78.75567|0.0126975|non-instanced|1794974|17|1
98.59403|0.0101426|non-instanced|1794974|17|1
81.93162|0.0122053|non-instanced|1794974|17|1
69.39097|0.0144111|non-instanced|1794974|17|1
29.1371|0.0343205|non-instanced|1794974|17|1
32.62951|0.0306471|non-instanced|1794974|17|1
75.6487|0.013219|non-instanced|1794976|18|1
65.40649|0.015289|non-instanced|1794974|17|1
78.47075|0.0127436|non-instanced|1794974|17|1
81.86722|0.0122149|non-instanced|1794974|17|1
84.09651|0.0118911|non-instanced|1794974|17|1
97.53246|0.010253|non-instanced|1794974|17|1
67.31966|0.0148545|non-instanced|1436366|17|1
68.26916|0.0146479|non-instanced|1436366|16|1
67.01517|0.014922|non-instanced|1794974|17|1
82.63437|0.0121015|non-instanced|1794974|17|1
76.28347|0.013109|non-instanced|1794974|17|1
79.41993|0.0125913|non-instanced|1794974|17|1
71.69282|0.0139484|non-instanced|1794974|17|1
80.44922|0.0124302|non-instanced|1794974|17|1
93.6207|0.0106814|non-instanced|1794974|17|1
83.33471|0.0119998|non-instanced|1794976|18|1
66.95993|0.0149343|non-instanced|1794974|17|1
80.80614|0.0123753|non-instanced|1794974|17|1
79.29961|0.0126104|non-instanced|1794974|17|1
98.0431|0.0101996|non-instanced|1794974|17|1
98.47556|0.0101548|non-instanced|1794974|17|1
78.14455|0.0127968|non-instanced|1794974|17|1
81.32462|0.0122964|non-instanced|1436366|17|1
68.20584|0.0146615|non-instanced|1794974|17|1
81.41864|0.0122822|non-instanced|1794974|17|1
95.56301|0.0104643|non-instanced|1794974|17|1
83.29236|0.0120059|non-instanced|1794974|17|1
97.76611|0.01022849|non-instanced|1794974|17|1
95.74046|0.0104449|non-instanced|1794974|17|1
81.29951|0.0123002|non-instanced|1794974|17|1
82.74858|0.0120848|non-instanced|1794976|18|1
82.13079|0.0121757|non-instanced|1794974|17|1
98.6709|0.0101347|non-instanced|1794974|17|1
98.86314|0.01011499|non-instanced|1794974|17|1
81.71603|0.0122375|non-instanced|1794974|17|1
68.98787|0.0144953|non-instanced|1794974|17|1
31.52943|0.0317164|non-instanced|1794974|17|1
31.1849|0.0320668|non-instanced|1794974|17|1
72.35209|0.0138213|non-instanced|1794974|17|1
82.35602|0.0121424|non-instanced|1436366|17|1
65.05294|0.01537209|non-instanced|1794974|17|1
96.46638|0.01036631|non-instanced|1794974|17|1
83.35976|0.01199619|non-instanced|1794974|17|1
97.88471|0.0102161|non-instanced|1794974|17|1
97.04024|0.010305|non-instanced|1794974|17|1
82.04723|0.0121881|non-instanced|1794976|18|1
66.8418|0.0149607|non-instanced|1794974|17|1
80.55944|0.01241319|non-instanced|1794974|17|1
97.13168|0.0102953|non-instanced|1794974|17|1
98.60085|0.0101419|non-instanced|1794974|17|1
98.38061|0.0101646|non-instanced|1794974|17|1
68.62194|0.0145726|non-instanced|1794974|17|1
72.76485|0.0137429|non-instanced|1794974|17|1
90.41592|0.01106|non-instanced|1794974|17|1
76.80669|0.0130197|non-instanced|1794974|17|1
90.13555|0.0110944|non-instanced|1794974|17|1
89.96368|0.0111156|non-instanced|1794974|17|1
78.69427|0.0127074|non-instanced|1794974|17|1
90.38245|0.01106409|non-instanced|1794974|17|1
77.61143|0.0128847|non-instanced|1794974|17|1
95.02723|0.0105233|non-instanced|1794976|18|1
70.9094|0.0141025|non-instanced|1794974|17|1
66.32398|0.0150775|non-instanced|1794974|17|1
94.12029|0.0106247|non-instanced|1794974|17|1
79.10895|0.01264079|non-instanced|1794974|17|1
92.25091|0.01084|non-instanced|1794974|17|1
94.41176|0.0105919|non-instanced|1436366|16|1
69.24106|0.0144423|non-instanced|1794974|17|1
80.21687|0.01246621|non-instanced|1794974|17|1
102.0658|0.009797598|non-instanced|1794974|17|1
93.54536|0.01069|non-instanced|1794974|17|1
103.5894|0.0096535|non-instanced|1794974|17|1
80.76373|0.0123818|non-instanced|1794974|17|1
97.80141|0.0102248|non-instanced|1794974|17|1
66.52872|0.0150311|non-instanced|1794974|17|1
28.06033|0.0356375|non-instanced|1794976|18|1
27.32091|0.036602|non-instanced|1794974|17|1
79.05324|0.0126497|non-instanced|1794974|17|1
75.42333|0.0132585|non-instanced|1794974|17|1
82.63369|0.0121016|non-instanced|1794974|17|1
79.68636|0.0125492|non-instanced|1794974|17|1
82.52255|0.0121179|non-instanced|1794974|17|1
73.215|0.0136584|non-instanced|1794974|17|1
74.01378|0.013511|non-instanced|1794974|17|1
76.42455|0.0130848|non-instanced|1794974|17|1
94.78043|0.0105507|non-instanced|1794974|17|1
78.9347|0.0126687|non-instanced|1794974|17|1
80.2253|0.01246489|non-instanced|1794974|17|1
74.22856|0.0134719|non-instanced|1794974|17|1
77.90285|0.0128365|non-instanced|1794974|17|1
79.48242|0.0125814|non-instanced|1794976|18|1
76.37901|0.0130926|non-instanced|1794974|17|1
76.01384|0.0131555|non-instanced|1794974|17|1
101.1614|0.009885197|non-instanced|1794974|17|1
98.36518|0.0101662|non-instanced|1794974|17|1
83.1995|0.0120193|non-instanced|1794974|17|1
97.72786|0.0102325|non-instanced|1794974|17|1
83.21334|0.0120173|non-instanced|1794974|17|1
89.79161|0.0111369|non-instanced|1794974|17|1
91.35926|0.0109458|non-instanced|1794974|17|1
78.86681|0.01267961|non-instanced|1794974|17|1
89.48308|0.0111753|non-instanced|1794974|17|1
95.53474|0.0104674|non-instanced|1436366|16|1
62.27541|0.0160577|non-instanced|1794974|17|1
91.72797|0.0109018|non-instanced|1794974|17|1
97.79281|0.0102257|non-instanced|1794976|18|1
75.79318|0.0131938|non-instanced|1794974|17|1
84.71275|0.0118046|non-instanced|1794974|17|1
91.65737|0.0109102|non-instanced|1794974|17|1
97.78515|0.0102265|non-instanced|1794974|17|1
80.80544|0.0123754|non-instanced|1794974|17|1
67.57854|0.0147976|non-instanced|1794974|17|1
29.45248|0.033953|non-instanced|1794974|17|1
28.09494|0.0355936|non-instanced|1794974|17|1
32.45057|0.0308161|non-instanced|1794974|17|1
74.53231|0.013417|non-instanced|1436366|16|1
63.26991|0.0158053|non-instanced|1436366|16|1
79.90094|0.0125155|non-instanced|1794974|17|1
80.80415|0.0123756|non-instanced|1794974|17|1
32.20871|0.0310475|non-instanced|1794974|17|1
30.00597|0.0333267|non-instanced|1794976|18|1
63.97255|0.0156317|non-instanced|1794974|17|1
73.27296|0.0136476|non-instanced|1794974|17|1
70.6574|0.0141528|non-instanced|1794974|17|1
70.62148|0.01416|non-instanced|1794974|17|1
81.37691|0.0122885|non-instanced|1794974|17|1
94.96584|0.0105301|non-instanced|1794974|17|1
79.12833|0.0126377|non-instanced|1794974|17|1
76.6924|0.0130391|non-instanced|1794974|17|1
78.68501|0.0127089|non-instanced|1436366|17|1
63.82396|0.0156681|non-instanced|1794974|17|1
95.10492|0.0105147|non-instanced|1794974|17|1
78.09937|0.0128042|non-instanced|1794974|17|1
73.66702|0.0135746|non-instanced|1794974|17|1
87.39655|0.0114421|non-instanced|1794974|17|1
76.07744|0.0131445|non-instanced|1794976|18|1
72.08974|0.0138716|non-instanced|1794974|17|1
75.47226|0.0132499|non-instanced|1794974|17|1
94.00793|0.0106374|non-instanced|1794974|17|1
83.38405|0.0119927|non-instanced|1794974|17|1
31.16284|0.0320895|non-instanced|1794974|17|1
71.50722|0.0139846|non-instanced|1794974|17|1
28.84272|0.0346708|non-instanced|1794974|17|1
24.20639|0.0413114|non-instanced|1794974|17|1
28.75654|0.0347747|non-instanced|1794974|17|1
29.34514|0.0340772|non-instanced|1436366|16|1
62.82669|0.0159168|non-instanced|1794974|17|1
96.93966|0.0103157|non-instanced|1436366|17|1
73.93549|0.0135253|non-instanced|1794974|17|1
79.67241|0.0125514|non-instanced|1794974|17|1
79.31031|0.0126087|non-instanced|1794976|18|1
60.74153|0.0164632|non-instanced|1794974|17|1
77.84161|0.0128466|non-instanced|1794974|17|1
81.86052|0.0122159|non-instanced|1794974|17|1
71.74786|0.0139377|non-instanced|1794974|17|1
77.94291|0.0128299|non-instanced|1794974|17|1
85.27986|0.0117261|non-instanced|1794974|17|1
77.75202|0.0128614|non-instanced|1794974|16|1
60.14858|0.0166255|non-instanced|1794974|17|1
97.07703|0.0103011|non-instanced|1794974|17|1
78.50214|0.01273851|non-instanced|1794974|17|1
98.51928|0.0101503|non-instanced|1794974|17|1
82.35809|0.0121421|non-instanced|1794974|17|1
81.77883|0.0122281|non-instanced|1794974|17|1
85.09555|0.0117515|non-instanced|1794974|17|1
90.60267|0.0110372|non-instanced|1794976|18|1
77.63192|0.0128813|non-instanced|1794974|17|1
81.78822|0.0122267|non-instanced|1436366|16|1
81.87192|0.0122142|non-instanced|1794974|17|1
82.4056|0.0121351|non-instanced|1794974|17|1
96.75575|0.0103353|non-instanced|1794974|17|1
101.5105|0.009851198|non-instanced|1794974|17|1
61.83068|0.0161732|non-instanced|1794974|17|1
26.24913|0.0380965|non-instanced|1794974|17|1
29.7335|0.0336321|non-instanced|1436366|16|1
27.26259|0.0366803|non-instanced|1794974|17|1
28.21989|0.035436|non-instanced|1794974|17|1
28.6606|0.0348911|non-instanced|1794974|17|1
28.64722|0.0349074|non-instanced|1794974|17|1
26.55803|0.0376534|non-instanced|1794974|17|1
28.13494|0.035543|non-instanced|1436368|17|1
28.49116|0.0350986|non-instanced|1794974|17|1
79.13898|0.012636|non-instanced|1794974|17|1
80.04034|0.0124937|non-instanced|1794974|17|1
83.49965|0.0119761|non-instanced|1794974|17|1
66.2585|0.0150924|non-instanced|1794974|17|1
80.11859|0.0124815|non-instanced|1794974|17|1
79.2456|0.012619|non-instanced|1794974|17|1
31.23351|0.0320169|non-instanced|1794974|17|1
72.55102|0.0137834|non-instanced|1794974|17|1
78.26565|0.012777|non-instanced|1794974|17|1
98.48916|0.0101534|non-instanced|1794974|17|1
85.37814|0.0117126|non-instanced|1794974|17|1
94.77508|0.0105513|non-instanced|1794974|17|1
46.23485|0.02162871|non-instanced|1794974|17|1
102.5116|0.009754996|non-instanced|1794976|18|1
58.68063|0.0170414|non-instanced|1794974|17|1
28.27118|0.03537171|non-instanced|1794974|17|1
29.71336|0.03365489|non-instanced|1794974|17|1
28.55324|0.0350223|non-instanced|1794974|17|1
31.37757|0.0318699|non-instanced|1794974|17|1
75.99018|0.01315959|non-instanced|1794974|17|1
78.99452|0.01265911|non-instanced|1794974|17|1
82.51305|0.0121193|non-instanced|1794974|17|1
80.35806|0.0124443|non-instanced|1794974|17|1
83.13245|0.012029|non-instanced|1794974|17|1
76.80611|0.0130198|non-instanced|1794974|17|1
97.04118|0.0103049|non-instanced|1794974|17|1
78.2142|0.0127854|non-instanced|1794974|17|1
96.30852|0.0103833|non-instanced|1794974|17|1
100.0681|0.009993197|non-instanced|1794976|18|1
73.38316|0.0136271|non-instanced|1794974|17|1
103.13|0.009696499|non-instanced|1794974|17|1
101.5125|0.009850999|non-instanced|1794974|17|1
74.58624|0.0134073|non-instanced|1794974|17|1
89.2045|0.0112102|non-instanced|1794974|17|1
82.99029|0.0120496|non-instanced|1794974|17|1
96.30293|0.0103839|non-instanced|1794974|17|1
81.28826|0.0123019|non-instanced|1794974|17|1
99.35516|0.0100649|non-instanced|1794974|17|1
100.6492|0.009935495|non-instanced|1794974|17|1
81.4949|0.01227071|non-instanced|1794974|17|1
98.7879|0.0101227|non-instanced|1794974|17|1
82.88919|0.0120643|non-instanced|1794974|17|1
76.39129|0.0130905|non-instanced|1794974|17|1
89.76579|0.0111401|non-instanced|1436368|18|1
31.969|0.0312803|non-instanced|1794974|17|1
74.43356|0.0134348|non-instanced|1794974|17|1
77.93624|0.012831|non-instanced|1794974|17|1
94.47421|0.0105849|non-instanced|1794974|17|1
81.60999|0.0122534|non-instanced|1794974|17|1
81.28826|0.0123019|non-instanced|1794974|17|1
79.25063|0.0126182|non-instanced|1794974|17|1
80.45441|0.0124294|non-instanced|1794974|17|1
29.14143|0.0343154|non-instanced|1794974|17|1
31.52645|0.03171939|non-instanced|1794974|17|1
66.81322|0.0149671|non-instanced|1794974|17|1
70.75837|0.0141326|non-instanced|1794974|17|1
81.84514|0.0122182|non-instanced|1794974|17|1
76.85329|0.01301181|non-instanced|1794974|17|1
83.40702|0.0119894|non-instanced|1794976|18|1
60.59763|0.0165023|non-instanced|1794974|17|1
91.92527|0.0108784|non-instanced|1794974|17|1
78.86187|0.0126804|non-instanced|1794974|17|1
80.08199|0.0124872|non-instanced|1794974|17|1
80.32453|0.0124495|non-instanced|1794974|17|1
92.38298|0.0108245|non-instanced|1794974|17|1
94.94061|0.0105329|non-instanced|1794974|17|1
79.74102|0.0125406|non-instanced|1794974|17|1
96.45525|0.0103675|non-instanced|1794974|17|1
94.22851|0.0106125|non-instanced|1794974|17|1
97.42701|0.01026409|non-instanced|1794974|17|1
81.73473|0.0122347|non-instanced|1794974|17|1
96.11874|0.0104038|non-instanced|1794974|17|1
81.85111|0.0122173|non-instanced|1794974|17|1
96.68747|0.0103426|non-instanced|1794976|18|1
78.56634|0.0127281|non-instanced|1794974|17|1
96.32982|0.010381|non-instanced|1794974|17|1
78.95528|0.0126654|non-instanced|1794974|17|1
85.79495|0.0116557|non-instanced|1794974|17|1
92.26961|0.0108378|non-instanced|1794974|17|1
92.10142|0.0108576|non-instanced|1794974|17|1
31.2757|0.0319737|non-instanced|1794974|17|1
64.36996|0.0155352|non-instanced|1794974|17|1
74.20873|0.0134755|non-instanced|1794974|17|1
77.31442|0.0129342|non-instanced|1794974|17|1
78.9596|0.0126647|non-instanced|1794974|17|1
66.23176|0.0150985|non-instanced|1794974|17|1
79.92393|0.0125119|non-instanced|1794974|17|1
66.28311|0.0150868|non-instanced|1794974|17|1
30.54647|0.03273701|non-instanced|1794974|17|1
28.94733|0.0345455|non-instanced|1794974|17|1
76.91008|0.0130022|non-instanced|1794974|17|1
33.89244|0.0295051|non-instanced|1794974|17|1
78.43076|0.0127501|non-instanced|1436366|16|1
63.00838|0.0158709|non-instanced|1794974|17|1
78.94158|0.0126676|non-instanced|1794974|17|1
77.91679|0.01283421|non-instanced|1794974|17|1
77.72487|0.01286589|non-instanced|1794974|17|1
69.57681|0.0143726|non-instanced|1794974|17|1
73.2907|0.0136443|non-instanced|1794974|17|1
79.09826|0.0126425|non-instanced|1794974|17|1
81.38686|0.012287|non-instanced|1794974|17|1
99.73765|0.0100263|non-instanced|1794974|17|1
83.85042|0.011926|non-instanced|1794974|17|1
80.02241|0.0124965|non-instanced|1794976|18|1
75.50816|0.0132436|non-instanced|1794974|17|1
73.81274|0.0135478|non-instanced|1436366|16|1
77.35807|0.0129269|non-instanced|1794974|17|1
94.6199|0.0105686|non-instanced|1794974|17|1
78.56818|0.0127278|non-instanced|1794974|17|1
64.78488|0.0154357|non-instanced|1436366|16|1
68.38823|0.0146224|non-instanced|1436366|15|1
81.11482|0.0123282|non-instanced|1794974|17|1
66.36494|0.0150682|non-instanced|1794974|17|1
77.19203|0.01295471|non-instanced|1794974|17|1
83.596|0.01196229|non-instanced|1794974|17|1
86.96252|0.01149921|non-instanced|1794974|17|1
88.78476|0.01126319|non-instanced|1794974|17|1
65.54453|0.0152568|non-instanced|1436366|16|1
66.78687|0.014973|non-instanced|1794976|18|1
56.69223|0.0176391|non-instanced|1794974|17|1
73.00871|0.013697|non-instanced|1794974|16|1
58.54457|0.017081|non-instanced|1436366|16|1
25.71197|0.0388924|non-instanced|1794974|17|1
33.2386|0.0300855|non-instanced|1794974|17|1
62.1674|0.0160856|non-instanced|1794974|17|1
77.93382|0.0128314|non-instanced|1794974|17|1
79.74097|0.0125406|non-instanced|1794974|17|1
93.80428|0.01066049|non-instanced|1794974|17|1
82.77391|0.0120811|non-instanced|1794974|17|1
79.2399|0.01261991|non-instanced|1794974|16|1
80.29807|0.0124536|non-instanced|1794974|17|1
89.11229|0.0112218|non-instanced|1794974|17|1
82.70546|0.0120911|non-instanced|1794974|17|1
80.94676|0.0123538|non-instanced|1794976|18|1
70.4042|0.0142037|non-instanced|1794974|17|1
63.67519|0.0157047|non-instanced|1794974|17|1
93.67862|0.01067479|non-instanced|1794974|17|1
82.9958|0.0120488|non-instanced|1794974|17|1
97.81388|0.0102235|non-instanced|1794974|17|1
98.50367|0.01015191|non-instanced|1794974|17|1
81.31801|0.0122974|non-instanced|1794974|17|1
55.30851|0.0180804|non-instanced|1794974|17|1
29.72325|0.0336437|non-instanced|1436366|16|1
62.74077|0.0159386|non-instanced|1794974|17|1
80.01792|0.0124972|non-instanced|1794974|17|1
43.25597|0.0231182|non-instanced|1794974|17|1
50.00002|0.01999999|non-instanced|1686|7|1
50.00002|0.01999999|non-instanced|1796668|25|1
10.54769|0.09480751|non-instanced|1794974|17|1
33.66278|0.0297064|non-instanced|1794974|17|1
4.743696|0.2108061|non-instanced|1794974|17|1
19.59924|0.0510224|non-instanced|1794974|17|1
21.25814|0.04704079|non-instanced|1436366|16|1
23.7082|0.0421795|non-instanced|1436366|16|1
43.05166|0.02322791|non-instanced|1794974|17|1
68.119|0.01468019|non-instanced|1436366|16|1
80.69132|0.01239291|non-instanced|1794974|17|1
82.57639|0.01211|non-instanced|1794974|17|1
78.32881|0.01276669|non-instanced|1794974|17|1
85.21225|0.0117354|non-instanced|1794974|17|1
78.46893|0.0127439|non-instanced|1794974|17|1
81.73005|0.0122354|non-instanced|1794974|17|1
77.52538|0.012899|non-instanced|1794974|17|1
77.83797|0.0128472|non-instanced|1794976|18|1
79.55576|0.0125698|non-instanced|1794974|17|1
81.34182|0.0122938|non-instanced|1794974|17|1
76.66419|0.0130439|non-instanced|1794974|17|1
78.53298|0.0127335|non-instanced|1794974|17|1
77.06241|0.0129765|non-instanced|1794974|17|1
76.6172|0.0130519|non-instanced|1794974|17|1
71.10857|0.014063|non-instanced|1794974|17|1
71.55737|0.0139748|non-instanced|1794974|17|1
85.563|0.01168729|non-instanced|1794974|17|1
77.80042|0.0128534|non-instanced|1794974|17|1
78.83698|0.0126844|non-instanced|1794974|17|1
78.34964|0.0127633|non-instanced|1794974|17|1
74.76188|0.0133758|non-instanced|1794974|17|1
78.56512|0.0127283|non-instanced|1794976|18|1
63.51221|0.015745|non-instanced|1794974|17|1
81.22884|0.0123109|non-instanced|1794974|17|1
78.44798|0.0127473|non-instanced|1794974|17|1
79.55389|0.0125701|non-instanced|1794974|17|1
77.09386|0.0129712|non-instanced|1794974|17|1
77.51878|0.0129001|non-instanced|1794974|17|1
64.77858|0.0154372|non-instanced|1794974|17|4
31.76307|0.0314831|non-instanced|7174094|32|4
39.31173|0.0254377|non-instanced|7174094|32|4
65.84882|0.0151863|non-instanced|7174094|32|4
67.21921|0.0148767|non-instanced|7174094|32|4
81.56207|0.0122606|non-instanced|7174094|32|4
77.47134|0.012908|non-instanced|7174094|32|4
66.63468|0.0150072|non-instanced|7174094|32|4
72.35788|0.0138202|non-instanced|7174096|33|4
65.22731|0.015331|non-instanced|6815486|31|4
65.32574|0.0153079|non-instanced|7174094|32|4
76.69769|0.0130382|non-instanced|7174094|32|4
80.27039|0.01245789|non-instanced|7174094|32|4
70.69333|0.01414561|non-instanced|7174094|32|9
59.74004|0.01673919|non-instanced|15780686|56|9
64.59613|0.0154808|non-instanced|16139294|57|9
60.68586|0.0164783|non-instanced|16139294|57|9
68.65302|0.014566|non-instanced|16139294|57|9
78.92538|0.0126702|non-instanced|16139294|56|9
81.55476|0.0122617|non-instanced|16139294|57|9
78.72527|0.0127024|non-instanced|16139294|57|9
83.16631|0.0120241|non-instanced|16139294|57|9
78.07253|0.0128086|non-instanced|16139294|57|9
71.57478|0.0139714|non-instanced|16139296|58|9
66.6978|0.014993|non-instanced|16139294|57|9
70.28347|0.0142281|non-instanced|16139294|57|16
60.56494|0.0165112|non-instanced|28690576|92|16
66.55486|0.0150252|non-instanced|28690576|92|16
79.43633|0.0125887|non-instanced|28690576|92|16
84.85864|0.0117843|non-instanced|28690576|92|16
73.13258|0.0136738|non-instanced|28331968|91|16
75.64922|0.01321891|non-instanced|28690576|92|16
72.36626|0.01381859|non-instanced|28690576|92|16
73.89453|0.0135328|non-instanced|28331968|91|16
78.64169|0.0127159|non-instanced|28690576|92|16
41.36385|0.0241757|non-instanced|28690576|92|16
42.4036|0.0235829|non-instanced|28690576|92|25
50.10172|0.0199594|non-instanced|44827936|135|25
55.61703|0.0179801|non-instanced|44827938|138|25
36.22703|0.0276037|non-instanced|44469328|136|25
56.61263|0.0176639|non-instanced|44827936|137|25
56.6717|0.01764549|non-instanced|44827936|137|25
68.77106|0.014541|non-instanced|44827936|137|25
62.9271|0.0158914|non-instanced|44827936|137|25
59.14325|0.0169081|non-instanced|44827936|137|25
67.68099|0.0147752|non-instanced|44827936|137|25
69.34814|0.01442|non-instanced|44827936|137|25
61.81768|0.0161766|non-instanced|44827936|137|25
61.95286|0.0161413|non-instanced|44827936|137|25
69.00311|0.0144921|non-instanced|44827936|137|25
70.93054|0.0140983|non-instanced|44827936|137|25
70.65291|0.0141537|non-instanced|44827936|137|25
66.83062|0.0149632|non-instanced|44827936|137|36
59.49548|0.016808|non-instanced|64551378|193|36
65.51064|0.0152647|non-instanced|64551378|193|36
56.94922|0.0175595|non-instanced|64551376|192|36
66.22824|0.0150993|non-instanced|64551376|192|36
59.3405|0.0168519|non-instanced|64551376|192|36
59.10688|0.0169185|non-instanced|64551376|192|36
60.00169|0.0166662|non-instanced|64551376|192|36
59.89602|0.0166956|non-instanced|64551376|192|36
59.21785|0.0168868|non-instanced|64192768|191|36
63.26671|0.0158061|non-instanced|64551376|192|36
59.61501|0.0167743|non-instanced|64551376|192|36
52.18634|0.0191621|non-instanced|64551376|192|49
29.4847|0.0339159|non-instanced|87860896|257|49
33.31124|0.0300199|non-instanced|87143680|256|49
54.37562|0.0183906|non-instanced|87143680|256|49
46.09803|0.0216929|non-instanced|87860896|257|49
38.81791|0.0257613|non-instanced|87502290|258|49
45.12452|0.0221609|non-instanced|87502288|257|49
46.64179|0.02144|non-instanced|87143680|256|49
45.80516|0.0218316|non-instanced|87860896|257|49
46.12675|0.02167939|non-instanced|87860896|257|49
45.82803|0.02182071|non-instanced|87860896|257|49
45.75487|0.0218556|non-instanced|87860896|257|49
45.82678|0.0218213|non-instanced|87860896|257|49
46.1525|0.0216673|non-instanced|87143680|255|49
46.0064|0.0217361|non-instanced|87860896|257|49
46.03671|0.0217218|non-instanced|87860896|257|49
44.61776|0.0224126|non-instanced|87143680|255|49
46.17487|0.0216568|non-instanced|87860896|257|49
45.33935|0.0220559|non-instanced|87860896|256|49
45.88292|0.0217946|non-instanced|87860896|257|49
44.28403|0.0225815|non-instanced|87502288|256|64
44.94302|0.0222504|non-instanced|87502288|256|64
35.66602|0.0280379|non-instanced|114756496|332|64
36.19162|0.0276307|non-instanced|114756496|332|64
25.2598|0.0395886|non-instanced|114397888|331|64
34.6077|0.0288953|non-instanced|114756496|332|64
33.47214|0.0298756|non-instanced|114756496|286|81
36.17905|0.02764031|non-instanced|114756496|286|81
29.00106|0.0344815|non-instanced|145238176|415|81
29.317|0.0341099|non-instanced|144162351|414|81
29.36349|0.0340559|non-instanced|144879568|415|81
29.16388|0.03428899|non-instanced|143445136|416|81
29.04064|0.0344345|non-instanced|145238176|417|81
28.80674|0.0347141|non-instanced|145238176|417|81
29.23327|0.0342076|non-instanced|145238176|417|81
28.0512|0.0356491|non-instanced|145238178|418|81
29.01511|0.0344648|non-instanced|145238175|416|81
29.61708|0.0337643|non-instanced|145238176|417|100
29.47636|0.0339255|non-instanced|145238176|417|100
23.64776|0.0422873|non-instanced|178588726|510|100
20.40396|0.0490101|non-instanced|178947334|511|100
20.19724|0.0495117|non-instanced|178230118|509|100
23.55424|0.04245519|non-instanced|178230118|509|100
23.93289|0.0417835|non-instanced|178947334|511|100
24.31859|0.0411208|non-instanced|178588726|511|100
24.1251|0.0414506|non-instanced|178588726|511|100
24.12696|0.0414474|non-instanced|177871508|508|100
24.05217|0.0415763|non-instanced|178947334|511|100
23.90417|0.0418337|non-instanced|178947334|511|100
24.00188|0.0416634|non-instanced|178230118|509|100
23.01713|0.0434459|non-instanced|178947336|512|100
23.90606|0.0418304|non-instanced|178230118|507|100
20.32339|0.0492044|non-instanced|178947334|511|100
19.56561|0.0511101|non-instanced|178947334|511|100
24.16831|0.0413765|non-instanced|178947334|511|100
24.30518|0.0411435|non-instanced|178947334|511|100
24.0137|0.0416429|non-instanced|176078468|501|100
24.25512|0.0412284|non-instanced|178230118|510|100
24.02593|0.0416217|non-instanced|178588726|510|100
23.96444|0.0417285|non-instanced|178588726|509|100
24.15062|0.0414068|non-instanced|178230118|509|100
23.71635|0.042165|non-instanced|178588726|510|100
24.06258|0.0415583|non-instanced|178588726|510|100
24.4078|0.0409705|non-instanced|178230118|511|100
20.59435|0.048557|non-instanced|178588726|511|100
19.57001|0.0510986|non-instanced|178947334|511|100
23.76443|0.04207971|non-instanced|178947334|511|100
24.40971|0.0409673|non-instanced|178947334|511|100
24.27774|0.04119|non-instanced|178947334|511|100
23.97599|0.0417084|non-instanced|178588726|511|100
24.13389|0.0414355|non-instanced|178588726|511|100
24.10684|0.041482|non-instanced|176078470|505|100
24.39524|0.0409916|non-instanced|178230118|509|100
24.04742|0.0415845|non-instanced|178230118|509|100
24.62078|0.0406161|non-instanced|178230118|510|100
24.09679|0.0414993|non-instanced|178230118|510|100
19.90874|0.0502292|non-instanced|178947334|511|100
20.17304|0.0495711|non-instanced|178588725|510|100
23.75077|0.0421039|non-instanced|178947334|511|100
23.77579|0.0420596|non-instanced|177154294|507|100
24.06472|0.0415546|non-instanced|177512904|509|100
23.9486|0.0417561|non-instanced|177871508|509|100
24.17485|0.0413653|non-instanced|178588726|510|121
24.26019|0.0412198|non-instanced|178588726|510|121
20.09226|0.0497704|non-instanced|215166742|612|121
19.87305|0.0503194|non-instanced|215166742|612|121
19.93163|0.0501715|non-instanced|215166742|612|121
20.0603|0.0498497|non-instanced|215166742|613|121
17.62068|0.0567515|non-instanced|215525350|613|121
17.48096|0.0572051|non-instanced|215525350|613|121
20.08528|0.0497877|non-instanced|215525350|613|121
19.89959|0.0502523|non-instanced|214808134|611|121
19.92425|0.0501901|non-instanced|214808133|612|121
19.79124|0.0505274|non-instanced|213732310|609|121
20.23272|0.0494249|non-instanced|213732310|609|121
20.05656|0.049859|non-instanced|215525352|614|121
19.78392|0.0505461|non-instanced|211939270|601|121
19.95307|0.05011759|non-instanced|211939270|601|121
17.66419|0.0566117|non-instanced|210863445|598|121
17.57719|0.0568919|non-instanced|214806454|610|121
20.22719|0.0494384|non-instanced|214449526|608|121
20.36772|0.0490973|non-instanced|214449526|608|121
20.20888|0.04948321|non-instanced|215525350|613|121
20.36502|0.0491038|non-instanced|214808134|611|121
19.76441|0.050596|non-instanced|215525350|613|121
20.05773|0.0498561|non-instanced|214449526|610|121
19.97998|0.0500501|non-instanced|214449526|610|121
20.41253|0.0489895|non-instanced|215525350|613|121
17.09904|0.0584828|non-instanced|214449526|611|121
17.35855|0.0576085|non-instanced|214090918|611|121
19.52355|0.0512202|non-instanced|213732310|608|121
19.60296|0.05101271|non-instanced|213732310|608|121
20.02736|0.0499317|non-instanced|214090918|609|121
19.76797|0.0505869|non-instanced|214808134|613|121
20.10196|0.0497464|non-instanced|214090918|613|144
20.12773|0.0496827|non-instanced|214090918|613|144
16.86915|0.0592798|non-instanced|254972230|724|144
16.69129|0.0599115|non-instanced|254972230|726|144
11.44918|0.0873425|non-instanced|255330838|722|144
18.85597|0.0530336|non-instanced|254972230|725|144
16.95585|0.05897669|non-instanced|254972230|725|144
16.64231|0.0600878|non-instanced|256048054|726|144
16.51337|0.060557|non-instanced|255689446|723|144
16.70671|0.0598562|non-instanced|254970550|723|144
16.65925|0.06002669|non-instanced|254970550|723|144
16.48326|0.0606676|non-instanced|254972232|725|144
15.19835|0.0657966|non-instanced|254972230|723|144
14.95247|0.0668786|non-instanced|256048054|726|144
16.63116|0.0601281|non-instanced|255689446|726|144
16.73049|0.0597711|non-instanced|253896406|721|144
16.6355|0.06011239|non-instanced|252461974|726|144
16.92325|0.05909031|non-instanced|255330838|726|144
16.81076|0.0594857|non-instanced|254255014|724|144
16.74083|0.0597342|non-instanced|255330838|726|144
16.99325|0.05884689|non-instanced|255330838|726|144
15.25732|0.0655423|non-instanced|254972230|725|144
15.09177|0.0662613|non-instanced|256048052|720|144
16.88929|0.0592091|non-instanced|255689446|725|144
16.92941|0.0590688|non-instanced|253537798|723|144
16.59068|0.06027479|non-instanced|253537798|723|144
16.09254|0.0621406|non-instanced|254255013|724|144
16.6652|0.0600053|non-instanced|255330838|725|144
17.07738|0.058557|non-instanced|255330838|723|144
16.94223|0.0590241|non-instanced|255330838|723|144
15.24983|0.0655745|non-instanced|255689446|726|144
15.04332|0.06647471|non-instanced|254613622|724|144
16.85039|0.0593458|non-instanced|255330836|723|144
17.0519|0.0586445|non-instanced|255330836|723|144
16.74338|0.0597251|non-instanced|256048012|725|144
16.78249|0.0595859|non-instanced|256048012|725|144
16.67259|0.0599787|non-instanced|256048054|726|144
17.06901|0.0585857|non-instanced|254613622|725|144
17.03165|0.0587142|non-instanced|254613622|725|144
15.33839|0.0651959|non-instanced|253537798|722|144
14.73075|0.0678852|non-instanced|254972230|722|144
15.9735|0.0626037|non-instanced|255689448|726|144
16.5472|0.0604332|non-instanced|255330837|724|144
17.26642|0.0579159|non-instanced|255330837|724|144
16.7788|0.059599|non-instanced|252820582|719|144
16.95869|0.0589668|non-instanced|252820582|719|144
16.54336|0.0604472|non-instanced|255330838|725|144
16.81616|0.0594666|non-instanced|255689446|725|144
15.07354|0.06634141|non-instanced|252820582|721|144
14.81758|0.0674874|non-instanced|254255014|725|144
16.70805|0.0598514|non-instanced|255689446|724|144
16.79752|0.05953261|non-instanced|254972230|725|144
16.71|0.05984439|non-instanced|255689446|726|144
16.89098|0.0592032|non-instanced|256048053|724|144
16.72926|0.0597755|non-instanced|254255014|724|144
16.90094|0.0591683|non-instanced|254255014|724|144
16.64794|0.0600675|non-instanced|255330840|727|144
15.09689|0.0662388|non-instanced|255689446|724|144
15.04096|0.0664851|instanced|252103366|718|144
16.99544|0.0588393|instanced|252103366|718|144
16.86227|0.059304|instanced|258199698|17|144
16.5507|0.0604204|instanced|258199698|17|144
16.87832|0.0592476|instanced|258199698|17|144
16.41128|0.0609337|instanced|258199698|17|144
16.55426|0.0604074|instanced|258199698|17|144
16.92096|0.0590983|instanced|258199698|17|144
14.86098|0.0672903|instanced|258199698|17|144
14.68323|0.0681049|instanced|258199698|17|144
16.56949|0.0603519|instanced|258199698|17|144
16.42813|0.0608712|instanced|258199698|17|144
15.83667|0.0631446|instanced|258199698|17|144
15.90177|0.0628861|instanced|258199700|18|144
16.48177|0.0606731|instanced|258199698|17|144
15.19948|0.0657917|instanced|258199698|17|144
15.17771|0.0658861|instanced|258199698|17|144
14.82406|0.0674579|instanced|258199698|17|144
16.56279|0.0603763|instanced|258199698|17|144
16.38665|0.0610253|instanced|258199698|17|144
16.60843|0.0602104|instanced|258199698|17|144
16.7216|0.0598029|instanced|258199698|17|144
16.11965|0.0620361|instanced|258199698|17|144
16.688|0.0599233|instanced|258199698|17|144
16.79098|0.0595558|instanced|258199698|17|144
14.68047|0.0681177|instanced|258199698|17|144
14.62405|0.0683805|instanced|258199698|17|144
16.67765|0.0599605|instanced|258199698|17|144
16.18225|0.0617961|instanced|258199700|18|144
16.69482|0.0598988|instanced|258199698|17|144
16.8986|0.05917649|instanced|258199698|17|144
17.04091|0.05868231|instanced|258199698|17|144
16.56682|0.0603616|instanced|258199698|17|144
16.81|0.0594884|instanced|258199698|17|144
15.23568|0.0656354|instanced|258199698|17|144
14.68295|0.0681062|instanced|258199698|17|144
16.62361|0.0601554|instanced|258199698|17|144
16.58573|0.0602928|instanced|258199698|17|144
16.73693|0.0597481|instanced|258199698|17|144
17.10086|0.0584766|instanced|258199698|17|144
17.03087|0.0587169|instanced|258199698|17|144
16.48516|0.0606606|instanced|258199698|17|144
13.63938|0.0733171|instanced|258199700|18|144
13.66191|0.0731962|instanced|258199698|17|144
17.98186|0.05561159|instanced|258199698|17|144
16.26749|0.0614723|instanced|258199698|17|144
16.45213|0.06078241|instanced|258199698|17|144
16.13921|0.0619609|instanced|258199698|17|144
16.21103|0.0616864|instanced|258199698|17|144
16.40197|0.06096829|instanced|258199698|17|144
16.77813|0.0596014|instanced|258199698|17|144
12.12819|0.0824525|instanced|258199698|16|144
18.24311|0.0548152|instanced|258199698|16|144
16.14857|0.061925|instanced|258199698|17|144
16.00371|0.06248549|instanced|258199698|17|144
16.78092|0.0595915|instanced|258199698|17|144
16.61604|0.0601828|instanced|258199698|17|144
16.64763|0.06006859|instanced|258199698|17|144
16.50448|0.0605896|instanced|258199700|18|144
14.95884|0.0668501|instanced|258199698|17|144
14.86987|0.0672501|instanced|258199698|17|144
16.48044|0.060678|instanced|258199698|17|144
16.57083|0.060347|instanced|258199698|17|144
16.5719|0.0603431|instanced|258199698|17|144
16.56674|0.0603619|instanced|258199698|17|144
16.80418|0.059509|instanced|258199698|17|144
16.77036|0.059629|instanced|258199698|17|144
16.42959|0.0608658|instanced|258199698|17|144
14.73948|0.06784499|instanced|258199698|17|144
14.57027|0.0686329|instanced|258199698|17|144
16.71299|0.0598337|instanced|258199698|17|144
16.52292|0.060522|instanced|258199698|17|144
16.74632|0.0597146|instanced|258199698|17|144
16.10285|0.0621008|instanced|258199700|17|144
16.19174|0.0617599|instanced|258199698|17|144
16.72882|0.0597771|instanced|258199698|17|144
14.88144|0.0671978|instanced|258199698|17|144
14.60848|0.0684534|instanced|258199698|17|144
16.31447|0.06129529|instanced|258199698|17|144
16.90103|0.059168|instanced|258199698|17|144
16.66975|0.0599889|instanced|258199698|17|144
16.41198|0.0609311|instanced|258199698|17|144
16.61759|0.0601772|instanced|258199698|17|144
16.67631|0.0599653|instanced|258199698|17|144
16.9082|0.0591429|instanced|258199698|17|144
14.72301|0.0679209|instanced|258199698|17|144
3|0.3333333|instanced|258199698|17|144
40.99705|0.024392|instanced|258199700|18|144
17.64795|0.0566638|instanced|258199700|18|144
14.89274|0.0671468|instanced|258199698|17|144
17.06354|0.0586045|instanced|258199698|17|144
16.83984|0.059383|instanced|258199698|17|144
17.08336|0.05853649|instanced|258199698|17|144
15.00044|0.0666647|instanced|258199698|17|144
14.79955|0.0675696|instanced|258199698|17|144
16.42015|0.0609008|instanced|258199698|17|144
16.69059|0.059914|instanced|258199698|17|144
14.82136|0.0674702|instanced|258199698|17|144
15.01887|0.0665829|instanced|258199698|17|144
15.06548|0.0663769|instanced|258199698|17|144
14.72821|0.0678969|instanced|258199698|17|144
16.71573|0.05982389|instanced|258199698|17|144
16.72926|0.0597755|instanced|258199698|17|144
16.33928|0.0612022|instanced|258199700|18|144
16.32293|0.06126351|instanced|258199698|17|144
11.86756|0.08426329|instanced|258199698|17|144
16.88949|0.0592084|instanced|258199698|17|144
