timestamp|mode|fps|frametime_ms|render_texture_width|render_texture_height|secondary_camera_enabled|secondary_camera_update_rate|draw_calls|batches|tris|visible_object_count
4.235|baseline|50.00002|19.99999|0|0|False|1:1|132|132|40884258|60
5.066754|baseline|50.00002|19.99999|0|0|False|1:1|264|264|81768516|60
5.209619|baseline|6.703393|149.1782|0|0|False|1:1|264|264|81768516|60
5.237426|baseline|35.48402|28.1817|0|0|False|1:1|264|264|81768516|60
5.310623|baseline|13.65225|73.248|0|0|False|1:1|132|132|40884258|60
5.314179|baseline|256.4695|3.8991|0|0|False|1:1|132|132|40884258|60
5.331161|baseline|59.87559|16.7013|0|0|False|1:1|132|132|40884258|60
7.650886|baseline|3|333.3333|0|0|False|1:1|132|132|40884258|60
7.802724|baseline|6.526627|153.2185|0|0|False|1:1|132|132|40884258|60
8.008198|baseline|4.880937|204.8787|0|0|False|1:1|129|129|39808434|60
8.027314|baseline|49.58892|20.1658|0|0|False|1:1|129|129|39808434|60
8.10034|baseline|13.90074|71.93861|0|0|False|1:1|133|133|40884260|60
8.170925|baseline|14.46435|69.1355|0|0|False|1:1|132|132|40884258|60
8.238752|baseline|14.5482|68.73701|0|0|False|1:1|132|132|40884258|60
8.256186|baseline|52.36644|19.0962|0|0|False|1:1|132|132|40884258|60
8.272137|baseline|64.95491|15.3953|0|0|False|1:1|132|132|40884258|60
8.283941|baseline|79.98717|12.50201|0|0|False|1:1|132|132|40884258|60
8.296754|baseline|79.12083|12.6389|0|0|False|1:1|132|132|40884258|60
8.309216|baseline|80.43368|12.4326|0|0|False|1:1|132|132|40884258|60
8.321886|baseline|78.78297|12.6931|0|0|False|1:1|132|132|40884258|60
8.334509|baseline|79.68825|12.5489|0|0|False|1:1|132|132|40884258|60
8.34699|baseline|79.61151|12.561|0|0|False|1:1|132|132|40884258|60
8.361914|baseline|66.14896|15.1174|0|0|False|1:1|132|132|40884258|60
8.377154|baseline|66.25763|15.0926|0|0|False|1:1|132|132|40884258|60
8.392153|baseline|67.07087|14.9096|0|0|False|1:1|132|132|40884258|60
8.40494|baseline|78.2436|12.7806|0|0|False|1:1|132|131|40884258|60
8.418447|baseline|73.74574|13.56011|0|0|False|1:1|133|133|40884260|60
8.431805|baseline|74.75689|13.37669|0|0|False|1:1|132|132|40884258|60
8.442924|baseline|89.29526|11.1988|0|0|False|1:1|132|132|40884258|60
8.453644|baseline|94.18945|10.6169|0|0|False|1:1|132|132|40884258|60
8.464181|baseline|93.54977|10.6895|0|0|False|1:1|132|132|40884258|60
8.475122|baseline|92.86514|10.7683|0|0|False|1:1|132|132|40884258|60
8.485858|baseline|92.80656|10.7751|0|0|False|1:1|132|131|40525650|60
8.4964|baseline|93.57867|10.6862|0|0|False|1:1|132|132|40884258|60
8.507147|baseline|94.37344|10.5962|0|0|False|1:1|132|132|40884258|60
8.517555|baseline|94.43495|10.5893|0|0|False|1:1|132|132|40884258|60
8.528245|baseline|95.10947|10.5142|0|0|False|1:1|132|132|40884258|60
8.53904|baseline|93.733|10.6686|0|0|False|1:1|132|132|40884258|60
8.549439|baseline|94.77145|10.5517|0|0|False|1:1|132|132|40884258|60
8.560534|baseline|89.12417|11.2203|0|0|False|1:1|132|132|40884258|60
8.571312|baseline|94.11501|10.6253|0|0|False|1:1|132|132|40884258|60
8.583203|baseline|83.54567|11.9695|0|0|False|1:1|133|133|40884260|60
8.594222|baseline|91.2101|10.9637|0|0|False|1:1|132|132|40884258|60
8.604986|baseline|93.74707|10.667|0|0|False|1:1|132|132|40884258|60
8.615665|baseline|91.46454|10.9332|0|0|False|1:1|132|132|40884258|60
8.626945|baseline|91.86196|10.8859|0|0|False|1:1|132|132|40884258|60
8.63734|baseline|92.87724|10.7669|0|0|False|1:1|132|132|40884258|60
8.648172|baseline|93.89227|10.6505|0|0|False|1:1|132|132|40884258|60
8.658862|baseline|91.86364|10.8857|0|0|False|1:1|131|131|40525650|60
8.669707|baseline|94.03355|10.6345|0|0|False|1:1|132|132|40884258|60
8.680173|baseline|93.60667|10.683|0|0|False|1:1|132|132|40884258|60
8.690819|baseline|95.4135|10.4807|0|0|False|1:1|132|132|40884258|60
8.701838|baseline|90.94875|10.9952|0|0|False|1:1|132|132|40884258|60
8.712565|baseline|93.0051|10.7521|0|0|False|1:1|132|132|40884258|60
8.725585|baseline|77.31082|12.9348|0|0|False|1:1|132|132|40884258|60
8.736126|baseline|93.54716|10.6898|0|0|False|1:1|132|132|40884258|60
8.748361|baseline|82.53954|12.11541|0|0|False|1:1|133|133|40884260|60
8.75946|baseline|88.42205|11.3094|0|0|False|1:1|132|132|40884258|60
8.770263|baseline|94.02027|10.636|0|0|False|1:1|132|132|40884258|60
8.780765|baseline|93.69355|10.67309|0|0|False|1:1|132|132|40884258|60
8.791582|baseline|93.85968|10.6542|0|0|False|1:1|132|132|40884258|60
8.802801|baseline|88.04834|11.3574|0|0|False|1:1|129|129|39808434|60
8.813681|baseline|93.38546|10.70831|0|0|False|1:1|132|132|40884258|60
8.824142|baseline|93.7814|10.66309|0|0|False|1:1|132|132|40884258|60
8.835719|baseline|89.90946|11.1223|0|0|False|1:1|132|132|40884258|60
8.846635|baseline|90.34971|11.0681|0|0|False|1:1|132|132|40884258|60
8.857059|baseline|93.31494|10.7164|0|0|False|1:1|132|132|40884258|60
8.867866|baseline|94.01852|10.6362|0|0|False|1:1|131|130|40884046|60
8.878516|baseline|92.39841|10.8227|0|0|False|1:1|132|132|40884258|60
8.8895|baseline|92.97049|10.7561|0|0|False|1:1|132|132|40884258|60
8.899925|baseline|93.89234|10.6505|0|0|False|1:1|132|132|40884258|60
8.912108|baseline|83.54983|11.96891|0|0|False|1:1|133|133|40884260|60
8.922901|baseline|90.77956|11.0157|0|0|False|1:1|132|132|40884258|60
8.933871|baseline|93.70313|10.672|0|0|False|1:1|132|132|40884258|60
8.94491|baseline|90.64708|11.0318|0|0|False|1:1|132|132|40884258|60
8.95527|baseline|93.79099|10.662|0|0|False|1:1|132|132|40884258|60
8.966256|baseline|93.15153|10.7352|0|0|False|1:1|132|132|40884258|60
8.977231|baseline|90.68074|11.0277|0|0|False|1:1|132|132|40884258|60
8.988332|baseline|90.18353|11.0885|0|0|False|1:1|132|132|40884258|60
8.99894|baseline|92.71017|10.7863|0|0|False|1:1|132|132|40884258|60
9.009702|baseline|93.99465|10.6389|0|0|False|1:1|132|132|40884258|60
9.02009|baseline|94.99205|10.5272|0|0|False|1:1|132|132|40884258|60
9.030981|baseline|93.25574|10.7232|0|0|False|1:1|132|132|40884258|60
9.041428|baseline|94.061|10.6314|0|0|False|1:1|132|132|40884258|60
9.052697|baseline|91.93288|10.8775|0|0|False|1:1|132|132|40884258|60
9.063355|baseline|90.94958|10.9951|0|0|False|1:1|132|132|40884258|60
9.075519|baseline|83.62463|11.9582|0|0|False|1:1|133|133|40884260|60
9.091937|baseline|60.56642|16.5108|0|0|False|1:1|132|131|40525650|60
9.09888|baseline|139.9521|7.145302|0|0|False|1:1|132|131|40525650|60
9.110924|baseline|86.55163|11.5538|0|0|False|1:1|132|132|40884258|60
9.121663|baseline|89.66359|11.1528|0|0|False|1:1|132|132|40884258|60
9.132401|baseline|94.19479|10.6163|0|0|False|1:1|132|132|40884258|60
9.142941|baseline|93.42825|10.7034|0|0|False|1:1|132|132|40884258|60
9.153657|baseline|95.00555|10.5257|0|0|False|1:1|132|132|40884258|60
9.164109|baseline|94.38593|10.5948|0|0|False|1:1|132|132|40884258|60
9.175131|baseline|92.03018|10.866|0|0|False|1:1|132|132|40884258|60
9.186373|baseline|91.58516|10.9188|0|0|False|1:1|132|132|40884258|60
9.197042|baseline|89.71107|11.1469|0|0|False|1:1|132|132|40884258|60
9.207864|baseline|94.09549|10.6275|0|0|False|1:1|132|132|40884258|60
9.219083|baseline|88.05525|11.35651|0|0|False|1:1|132|132|40884258|60
9.232002|baseline|78.23318|12.7823|0|0|False|1:1|132|132|40884258|60
9.244018|baseline|81.815|12.2227|0|0|False|1:1|133|133|40884260|60
9.25535|baseline|90.3571|11.0672|0|0|False|1:1|132|132|40884258|60
9.265832|baseline|93.92577|10.6467|0|0|False|1:1|132|132|40884258|60
9.276278|baseline|94.62891|10.5676|0|0|False|1:1|132|132|40884258|60
9.286998|baseline|94.81004|10.54741|0|0|False|1:1|132|132|40884258|60
9.297296|baseline|95.32893|10.49|0|0|False|1:1|132|132|40884258|60
9.308199|baseline|93.36019|10.7112|0|0|False|1:1|132|132|40884258|60
9.318682|baseline|93.70406|10.6719|0|0|False|1:1|132|132|40884258|60
9.32953|baseline|94.78132|10.5506|0|0|False|1:1|127|128|39091218|60
9.339972|baseline|93.2149|10.7279|0|0|False|1:1|132|132|40884258|60
9.35088|baseline|94.31471|10.6028|0|0|False|1:1|132|132|40884258|60
9.360996|baseline|95.82946|10.4352|0|0|False|1:1|132|132|40884258|60
9.371977|baseline|92.53175|10.8071|0|0|False|1:1|132|132|40884258|60
9.382397|baseline|94.47244|10.5851|0|0|False|1:1|132|132|40884258|60
9.393386|baseline|92.42056|10.8201|0|0|False|1:1|131|131|40525650|60
9.405149|baseline|84.88676|11.7804|0|0|False|1:1|133|133|40884260|60
9.415714|baseline|93.19231|10.7305|0|0|False|1:1|132|132|40884258|60
9.426613|baseline|92.97398|10.7557|0|0|False|1:1|132|132|40884258|60
9.437963|baseline|87.13457|11.4765|0|0|False|1:1|132|132|40884258|60
9.448896|baseline|92.42655|10.8194|0|0|False|1:1|132|132|40884258|60
9.459168|baseline|96.01169|10.4154|0|0|False|1:1|132|132|40884258|60
9.47003|baseline|93.92228|10.6471|0|0|False|1:1|132|132|40884258|60
9.480474|baseline|94.27206|10.6076|0|0|False|1:1|132|132|40884258|60
9.491254|baseline|93.83241|10.6573|0|0|False|1:1|132|132|40884258|60
9.501681|baseline|94.58857|10.5721|0|0|False|1:1|132|132|40884258|60
9.512315|baseline|95.50002|10.4712|0|0|False|1:1|132|132|40884258|60
9.522797|baseline|94.01676|10.6364|0|0|False|1:1|132|132|40884258|60
9.533635|baseline|94.11677|10.6251|0|0|False|1:1|132|132|40884258|60
9.551887|baseline|55.37957|18.0572|0|0|False|1:1|132|132|40884258|60
9.562099|baseline|94.08847|10.62829|0|0|False|1:1|132|132|40884258|60
9.574798|baseline|80.14807|12.47691|0|0|False|1:1|131|131|40167044|60
9.585691|baseline|91.42442|10.938|0|0|False|1:1|132|132|40884258|60
9.596212|baseline|93.84033|10.6564|0|0|False|1:1|132|132|40884258|60
9.606884|baseline|94.74988|10.5541|0|0|False|1:1|132|132|40884258|60
9.617397|baseline|93.60753|10.6829|0|0|False|1:1|132|132|40884258|60
9.628141|baseline|94.53851|10.5777|0|0|False|1:1|132|132|40884258|60
9.638475|baseline|95.21631|10.5024|0|0|False|1:1|132|132|40884258|60
9.649459|baseline|92.45307|10.8163|0|0|False|1:1|132|132|40884258|60
9.659934|baseline|94.16821|10.6193|0|0|False|1:1|132|132|40884258|60
9.671062|baseline|92.22366|10.8432|0|0|False|1:1|132|132|40884258|60
9.681491|baseline|93.44749|10.7012|0|0|False|1:1|132|132|40884258|60
9.692349|baseline|93.26967|10.7216|0|0|False|1:1|132|132|40884258|60
9.703208|baseline|91.17345|10.96811|0|0|False|1:1|132|132|40884258|60
9.714033|baseline|94.60918|10.5698|0|0|False|1:1|132|132|40884258|60
9.724308|baseline|94.45277|10.5873|0|0|False|1:1|132|132|40884258|60
9.737801|baseline|74.97151|13.3384|0|0|False|1:1|133|133|40884260|60
9.750767|baseline|77.38263|12.9228|0|0|False|1:1|132|132|40884258|60
9.76119|baseline|94.10792|10.6261|0|0|False|1:1|132|132|40884258|60
9.772126|baseline|93.19834|10.7298|0|0|False|1:1|132|132|40884258|60
9.782436|baseline|95.28619|10.4947|0|0|False|1:1|132|132|40884258|60
9.793165|baseline|94.61185|10.5695|0|0|False|1:1|132|132|40884258|60
9.803472|baseline|95.35348|10.4873|0|0|False|1:1|132|132|40884258|60
9.814228|baseline|94.49117|10.583|0|0|False|1:1|132|132|40884258|60
9.824814|baseline|94.37521|10.596|0|0|False|1:1|132|132|40884258|60
9.835208|baseline|94.73195|10.5561|0|0|False|1:1|132|132|40884258|60
9.84607|baseline|93.65226|10.6778|0|0|False|1:1|132|132|40884258|60
9.856341|baseline|95.54205|10.4666|0|0|False|1:1|132|132|40884258|60
9.867106|baseline|94.70683|10.5589|0|0|False|1:1|132|132|40884258|60
9.877862|baseline|91.5114|10.9276|0|0|False|1:1|120|120|36222354|60
9.888517|baseline|95.11851|10.5132|0|0|False|1:1|132|132|40884258|60
9.89962|baseline|89.51429|11.1714|0|0|False|1:1|133|133|40884260|60
9.910701|baseline|91.38097|10.9432|0|0|False|1:1|132|132|40884258|60
9.92101|baseline|94.88201|10.53941|0|0|False|1:1|132|132|40884258|60
9.931748|baseline|94.49027|10.5831|0|0|False|1:1|132|132|40884258|60
9.942151|baseline|94.63786|10.5666|0|0|False|1:1|132|132|40884258|60
9.955916|baseline|73.29066|13.6443|0|0|False|1:1|132|132|40884258|60
9.963458|baseline|130.4444|7.6661|0|0|False|1:1|132|132|40884258|60
9.974504|baseline|92.29435|10.8349|0|0|False|1:1|132|132|40884258|60
9.985424|baseline|91.78101|10.8955|0|0|False|1:1|131|131|40525650|60
9.995971|baseline|92.87033|10.7677|0|0|False|1:1|132|132|40884258|60
10.00681|baseline|93.95585|10.6433|0|0|False|1:1|131|131|40525650|60
10.01706|baseline|95.42982|10.4789|0|0|False|1:1|130|132|40525650|60
10.03046|baseline|75.95726|13.1653|0|0|False|1:1|131|131|40525650|60
10.04082|baseline|94.54123|10.5774|0|0|False|1:1|132|132|40884258|60
10.05148|baseline|95.47812|10.4736|0|0|False|1:1|132|132|40884258|60
10.0628|baseline|87.1088|11.4799|0|0|False|1:1|133|133|40884260|60
10.07414|baseline|89.08051|11.2258|0|0|False|1:1|132|132|40884258|60
10.08508|baseline|91.92779|10.8781|0|0|False|1:1|132|132|40884258|60
10.09585|baseline|91.29089|10.954|0|0|False|1:1|132|132|40884258|60
10.1067|baseline|93.79099|10.662|0|0|False|1:1|132|132|40884258|60
10.11712|baseline|94.03448|10.6344|0|0|False|1:1|132|132|40884258|60
10.12819|baseline|91.88391|10.8833|0|0|False|1:1|132|132|40884258|60
10.13849|baseline|95.31522|10.4915|0|0|False|1:1|132|132|40884258|60
10.14934|baseline|93.76115|10.6654|0|0|False|1:1|132|132|40884258|60
10.16081|baseline|86.48124|11.5632|0|0|False|1:1|132|132|40884258|60
10.17124|baseline|96.49435|10.3633|0|0|False|1:1|132|132|40884258|60
10.18171|baseline|94.92348|10.5348|0|0|False|1:1|132|132|40884258|60
10.19236|baseline|94.767|10.5522|0|0|False|1:1|132|132|40884258|60
10.20269|baseline|95.13839|10.511|0|0|False|1:1|132|132|40884258|60
10.21344|baseline|94.39484|10.5938|0|0|False|1:1|132|132|40884258|60
10.22461|baseline|90.39386|11.0627|0|0|False|1:1|133|133|40884260|60
10.23561|baseline|89.08129|11.2257|0|0|False|1:1|132|132|40884258|60
10.24901|baseline|75.71112|13.2081|0|0|False|1:1|132|132|40884258|60
10.25933|baseline|94.77686|10.5511|0|0|False|1:1|132|132|40884258|60
10.2701|baseline|94.2596|10.609|0|0|False|1:1|132|132|40884258|60
10.28061|baseline|94.12914|10.6237|0|0|False|1:1|132|132|40884258|60
10.29126|baseline|95.17374|10.5071|0|0|False|1:1|132|132|40884258|60
10.30172|baseline|93.97969|10.6406|0|0|False|1:1|132|132|40884258|60
10.31244|baseline|94.50185|10.5818|0|0|False|1:1|132|132|40884258|60
10.32291|baseline|94.36189|10.5975|0|0|False|1:1|132|132|40884258|60
10.33349|baseline|96.01724|10.4148|0|0|False|1:1|132|132|40884258|60
10.344|baseline|93.76638|10.6648|0|0|False|1:1|132|132|40884258|60
10.355|baseline|92.14045|10.853|0|0|False|1:1|132|132|40884258|60
10.36551|baseline|95.20546|10.5036|0|0|False|1:1|132|132|40884258|60
10.37593|baseline|94.76782|10.5521|0|0|False|1:1|132|132|40884258|60
10.3874|baseline|88.81627|11.2592|0|0|False|1:1|133|133|40884260|60
10.39821|baseline|90.61256|11.036|0|0|False|1:1|132|132|40884258|60
10.40886|baseline|94.99199|10.5272|0|0|False|1:1|132|132|40884258|60
10.41924|baseline|94.9884|10.5276|0|0|False|1:1|132|132|40884258|60
10.42997|baseline|95.18735|10.5056|0|0|False|1:1|132|132|40884258|60
10.44029|baseline|94.85057|10.5429|0|0|False|1:1|132|132|40884258|60
10.45101|baseline|94.56892|10.5743|0|0|False|1:1|132|132|40884258|60
10.46152|baseline|93.87729|10.6522|0|0|False|1:1|132|132|40884258|60
10.47236|baseline|93.72248|10.6698|0|0|False|1:1|132|132|40884258|60
10.48278|baseline|94.51527|10.5803|0|0|False|1:1|132|132|40884258|60
10.49365|baseline|93.87117|10.6529|0|0|False|1:1|132|132|40884258|60
10.5039|baseline|95.46811|10.4747|0|0|False|1:1|132|132|40884258|60
10.51485|baseline|93.13327|10.7373|0|0|False|1:1|132|132|40884258|60
10.52532|baseline|94.68714|10.5611|0|0|False|1:1|132|132|40884258|60
10.53578|baseline|94.45815|10.5867|0|0|False|1:1|132|132|40884258|60
10.54721|baseline|88.89522|11.2492|0|0|False|1:1|133|133|40884260|60
10.55803|baseline|90.77869|11.0158|0|0|False|1:1|132|132|40884258|60
10.56884|baseline|93.97437|10.6412|0|0|False|1:1|132|132|40884258|60
10.57929|baseline|94.51882|10.5799|0|0|False|1:1|132|132|40884258|60
10.59016|baseline|93.87647|10.6523|0|0|False|1:1|132|132|40884258|60
10.6005|baseline|94.57247|10.5739|0|0|False|1:1|132|132|40884258|60
10.6112|baseline|94.87939|10.5397|0|0|False|1:1|132|132|40884258|60
10.62175|baseline|93.77429|10.6639|0|0|False|1:1|132|132|40884258|60
10.6323|baseline|95.66083|10.4536|0|0|False|1:1|132|132|40884258|60
10.64269|baseline|94.767|10.5522|0|0|False|1:1|132|132|40884258|60
10.65349|baseline|94.31913|10.6023|0|0|False|1:1|132|132|40884258|60
10.66385|baseline|94.8245|10.5458|0|0|False|1:1|132|132|40884258|60
10.67449|baseline|95.70383|10.4489|0|0|False|1:1|132|132|40884258|60
10.68523|baseline|93.04319|10.7477|0|0|False|1:1|129|131|39808434|60
10.69574|baseline|93.62157|10.6813|0|0|False|1:1|132|132|40884258|60
10.70735|baseline|88.66973|11.27781|0|0|False|1:1|133|133|40884260|60
10.71791|baseline|91.64642|10.9115|0|0|False|1:1|132|132|40884258|60
10.72873|baseline|94.60201|10.5706|0|0|False|1:1|132|132|40884258|60
10.73929|baseline|92.72053|10.7851|0|0|False|1:1|132|132|40884258|60
10.75248|baseline|78.35272|12.7628|0|0|False|1:1|132|132|40884258|60
10.76311|baseline|90.50592|11.049|0|0|False|1:1|131|130|40525650|60
10.7738|baseline|94.64408|10.5659|0|0|False|1:1|132|132|40884258|60
10.78409|baseline|95.95183|10.4219|0|0|False|1:1|132|132|40884258|60
10.79493|baseline|93.93728|10.6454|0|0|False|1:1|132|132|40884258|60
10.80567|baseline|92.98862|10.754|0|0|False|1:1|132|132|40884258|60
10.81596|baseline|95.26536|10.49699|0|0|False|1:1|132|132|40884258|60
10.82668|baseline|95.06065|10.5196|0|0|False|1:1|132|132|40884258|60
10.83702|baseline|94.83253|10.54491|0|0|False|1:1|132|132|40884258|60
10.84781|baseline|94.25871|10.6091|0|0|False|1:1|132|132|40884258|60
10.85823|baseline|94.28359|10.6063|0|0|False|1:1|132|132|40884258|60
10.86969|baseline|88.77448|11.2645|0|0|False|1:1|133|133|40884260|60
10.88043|baseline|91.63886|10.9124|0|0|False|1:1|132|132|40884258|60
10.89145|baseline|92.14213|10.8528|0|0|False|1:1|132|132|40884258|60
10.90211|baseline|92.34634|10.8288|0|0|False|1:1|132|132|40884258|60
10.9129|baseline|94.05298|10.63231|0|0|False|1:1|132|132|40884258|60
10.92329|baseline|94.88839|10.5387|0|0|False|1:1|132|132|40884258|60
10.93398|baseline|95.16648|10.5079|0|0|False|1:1|132|132|40884258|60
10.94454|baseline|94.53674|10.5779|0|0|False|1:1|132|132|40884258|60
10.95509|baseline|93.33494|10.7141|0|0|False|1:1|132|132|40884258|60
10.96595|baseline|93.28009|10.7204|0|0|False|1:1|132|132|40884258|60
10.97645|baseline|93.88791|10.651|0|0|False|1:1|132|132|40884258|60
10.98718|baseline|94.91902|10.5353|0|0|False|1:1|132|132|40884258|60
10.99774|baseline|93.00505|10.7521|0|0|False|1:1|132|132|40884258|60
11.00849|baseline|95.01821|10.5243|0|0|False|1:1|132|132|40884258|60
11.01906|baseline|94.10347|10.6266|0|0|False|1:1|132|132|40884258|60
11.03011|baseline|90.29103|11.0753|0|0|False|1:1|133|133|40884260|60
11.04088|baseline|91.84761|10.8876|0|0|False|1:1|132|132|40884258|60
11.05145|baseline|95.97662|10.4192|0|0|False|1:1|132|132|40884258|60
11.06185|baseline|94.54839|10.57659|0|0|False|1:1|132|132|40884258|60
11.07247|baseline|96.05502|10.4107|0|0|False|1:1|132|132|40884258|60
11.08274|baseline|95.35612|10.487|0|0|False|1:1|132|132|40884258|60
11.09363|baseline|93.74795|10.6669|0|0|False|1:1|132|132|40884258|60
11.10405|baseline|93.91965|10.6474|0|0|False|1:1|132|132|40884258|60
11.11481|baseline|94.60741|10.57|0|0|False|1:1|132|132|40884258|60
11.12578|baseline|90.92807|10.9977|0|0|False|1:1|132|132|40884258|60
11.13609|baseline|95.58767|10.4616|0|0|False|1:1|132|132|40884258|60
11.14702|baseline|94.67366|10.5626|0|0|False|1:1|132|132|40884258|60
11.15721|baseline|94.46978|10.5854|0|0|False|1:1|132|132|40884258|60
11.16786|baseline|95.82302|10.43591|0|0|False|1:1|132|132|40884258|60
11.1783|baseline|94.04333|10.6334|0|0|False|1:1|132|132|40884258|60
11.19026|baseline|85.78171|11.6575|0|0|False|1:1|133|133|40884260|60
11.201|baseline|90.8166|11.0112|0|0|False|1:1|131|131|40525650|60
11.21171|baseline|95.01009|10.5252|0|0|False|1:1|132|132|40884258|60
11.22215|baseline|93.86498|10.6536|0|0|False|1:1|132|132|40884258|60
11.23319|baseline|91.98698|10.8711|0|0|False|1:1|132|132|40884258|60
11.24357|baseline|94.89107|10.5384|0|0|False|1:1|132|132|40884258|60
11.25652|baseline|78.66212|12.7126|0|0|False|1:1|132|132|40884258|60
11.26716|baseline|93.26616|10.722|0|0|False|1:1|132|132|40884258|60
11.2777|baseline|93.48679|10.6967|0|0|False|1:1|132|132|40884258|60
11.28877|baseline|92.26025|10.8389|0|0|False|1:1|132|132|40884258|60
11.29916|baseline|94.14954|10.6214|0|0|False|1:1|132|132|40884258|60
11.30994|baseline|94.2916|10.6054|0|0|False|1:1|132|132|40884258|60
11.32055|baseline|92.94807|10.7587|0|0|False|1:1|132|132|40884258|60
11.33148|baseline|92.66038|10.7921|0|0|False|1:1|132|132|40884258|60
11.34232|baseline|90.83144|11.0094|0|0|False|1:1|132|132|40884258|60
11.35426|baseline|84.97115|11.7687|0|0|False|1:1|133|133|40884260|60
11.36526|baseline|90.85542|11.0065|0|0|False|1:1|131|131|40525650|60
11.37571|baseline|94.19479|10.6163|0|0|False|1:1|132|132|40884258|60
11.38651|baseline|93.96992|10.6417|0|0|False|1:1|132|132|40884258|60
11.39709|baseline|93.04227|10.7478|0|0|False|1:1|132|132|40884258|60
11.41007|baseline|77.99585|12.82119|0|0|False|1:1|132|132|40884258|60
11.42242|baseline|79.98399|12.5025|0|0|False|1:1|132|132|40884258|60
11.43548|baseline|77.84282|12.8464|0|0|False|1:1|132|132|40884258|60
11.44607|baseline|93.99377|10.639|0|0|False|1:1|132|132|40884258|60
11.45653|baseline|94.16821|10.6193|0|0|False|1:1|132|132|40884258|60
11.4676|baseline|91.35423|10.9464|0|0|False|1:1|132|132|40884258|60
11.47806|baseline|94.56442|10.5748|0|0|False|1:1|132|132|40884258|60
11.48944|baseline|89.63785|11.156|0|0|False|1:1|132|132|40884258|60
11.49972|baseline|95.07243|10.5183|0|0|False|1:1|132|132|40884258|60
11.51053|baseline|93.98933|10.63951|0|0|False|1:1|132|132|40884258|60
11.52157|baseline|89.37829|11.1884|0|0|False|1:1|133|133|40884260|60
11.53284|baseline|91.6372|10.9126|0|0|False|1:1|132|132|40884258|60
11.54388|baseline|87.27224|11.4584|0|0|False|1:1|132|132|40884258|60
11.55364|baseline|105.2443|9.5017|0|0|False|1:1|132|132|40884258|60
11.56395|baseline|94.95051|10.5318|0|0|False|1:1|132|132|40884258|60
11.57467|baseline|94.34234|10.5997|0|0|False|1:1|132|132|40884258|60
11.5854|baseline|93.5891|10.68501|0|0|False|1:1|132|132|40884258|60
11.59599|baseline|93.52701|10.6921|0|0|False|1:1|132|132|40884258|60
11.60683|baseline|93.32537|10.7152|0|0|False|1:1|132|132|40884258|60
11.61732|baseline|93.59791|10.684|0|0|False|1:1|132|132|40884258|60
11.62814|baseline|93.75499|10.6661|0|0|False|1:1|132|132|40884258|60
11.63862|baseline|94.41978|10.591|0|0|False|1:1|132|132|40884258|60
11.64935|baseline|94.4885|10.5833|0|0|False|1:1|132|132|40884258|60
11.65973|baseline|94.6898|10.5608|0|0|False|1:1|132|132|40884258|60
11.67083|baseline|91.60698|10.9162|0|0|False|1:1|132|132|40884258|60
11.6818|baseline|89.77625|11.1388|0|0|False|1:1|132|131|40525652|60
11.6931|baseline|90.80427|11.0127|0|0|False|1:1|130|130|40167042|60
11.70358|baseline|92.87553|10.7671|0|0|False|1:1|132|132|40884258|60
11.71464|baseline|93.85175|10.6551|0|0|False|1:1|132|132|40884258|60
11.7251|baseline|93.41952|10.7044|0|0|False|1:1|132|132|40884258|60
11.73547|baseline|94.80565|10.5479|0|0|False|1:1|132|132|40884258|60
11.74825|baseline|79.42748|12.5901|0|0|False|1:1|132|132|40884258|60
11.7608|baseline|78.79969|12.6904|0|0|False|1:1|132|132|40884258|60
11.77179|baseline|92.14213|10.8528|0|0|False|1:1|132|132|40884258|60
11.78225|baseline|94.48585|10.5836|0|0|False|1:1|132|132|40884258|60
11.79294|baseline|94.75797|10.5532|0|0|False|1:1|132|132|40884258|60
11.80347|baseline|93.41606|10.7048|0|0|False|1:1|132|132|40884258|60
11.8143|baseline|93.81126|10.6597|0|0|False|1:1|132|132|40884258|60
11.82493|baseline|93.80952|10.6599|0|0|False|1:1|132|132|40884258|60
11.8372|baseline|80.52758|12.41811|0|0|False|1:1|132|131|40884058|60
11.8491|baseline|85.31987|11.7206|0|0|False|1:1|133|133|40884260|60
11.8602|baseline|88.62735|11.2832|0|0|False|1:1|132|132|40884258|60
11.87121|baseline|92.47446|10.8138|0|0|False|1:1|132|132|40884258|60
11.88169|baseline|93.73126|10.6688|0|0|False|1:1|132|132|40884258|60
11.89443|baseline|79.37512|12.59841|0|0|False|1:1|132|132|40884258|60
11.90695|baseline|79.95526|12.50699|0|0|False|1:1|132|132|40884258|60
11.91746|baseline|93.73649|10.6682|0|0|False|1:1|132|132|40884258|60
11.92834|baseline|93.3184|10.716|0|0|False|1:1|132|132|40884258|60
11.93878|baseline|94.19926|10.6158|0|0|False|1:1|132|132|40884258|60
11.94956|baseline|94.57425|10.5737|0|0|False|1:1|132|132|40884258|60
11.96023|baseline|92.28072|10.8365|0|0|False|1:1|132|132|40884258|60
11.97098|baseline|94.15312|10.621|0|0|False|1:1|132|132|40884258|60
11.98152|baseline|93.34277|10.7132|0|0|False|1:1|132|132|40884258|60
11.99428|baseline|79.47042|12.5833|0|0|False|1:1|132|132|40884258|60
12.00514|baseline|92.30793|10.83331|0|0|False|1:1|132|132|40884258|60
12.01664|baseline|85.47376|11.6995|0|0|False|1:1|133|133|40884260|60
12.02781|baseline|91.08958|10.9782|0|0|False|1:1|132|132|40884258|60
12.03835|baseline|93.18887|10.7309|0|0|False|1:1|132|132|40884258|60
12.04918|baseline|93.75673|10.6659|0|0|False|1:1|132|132|40884258|60
12.05974|baseline|93.22876|10.7263|0|0|False|1:1|132|132|40884258|60
12.07053|baseline|94.07072|10.6303|0|0|False|1:1|132|132|40884258|60
12.08292|baseline|79.87349|12.5198|0|0|False|1:1|132|132|40884258|60
12.09386|baseline|92.74204|10.7826|0|0|False|1:1|132|132|40884258|60
12.10427|baseline|94.28623|10.606|0|0|False|1:1|132|132|40884258|60
12.11708|baseline|79.64066|12.5564|0|0|False|1:1|132|132|40884258|60
12.12774|baseline|93.22445|10.7268|0|0|False|1:1|132|132|40884258|60
12.13819|baseline|94.02121|10.6359|0|0|False|1:1|132|132|40884258|60
12.14927|baseline|91.88559|10.8831|0|0|False|1:1|132|132|40884258|60
12.15972|baseline|93.9558|10.6433|0|0|False|1:1|132|132|40884258|60
12.17077|baseline|91.98531|10.8713|0|0|False|1:1|132|132|40884258|60
12.18193|baseline|88.1811|11.3403|0|0|False|1:1|133|133|40884260|60
12.19302|baseline|91.66743|10.909|0|0|False|1:1|132|132|40884258|60
12.20353|baseline|94.24361|10.6108|0|0|False|1:1|132|132|40884258|60
12.2142|baseline|94.63691|10.5667|0|0|False|1:1|132|132|40884258|60
12.22486|baseline|93.94609|10.6444|0|0|False|1:1|132|132|40884258|60
12.23527|baseline|94.45284|10.58729|0|0|False|1:1|132|132|40884258|60
12.24614|baseline|93.27837|10.7206|0|0|False|1:1|132|132|40884258|60
12.25651|baseline|94.88297|10.5393|0|0|False|1:1|132|132|40884258|60
12.26943|baseline|79.21922|12.6232|0|0|False|1:1|132|132|40884258|60
12.27994|baseline|93.07172|10.7444|0|0|False|1:1|132|132|40884258|60
12.29108|baseline|90.79929|11.0133|0|0|False|1:1|132|132|40884258|60
12.30168|baseline|93.10641|10.7404|0|0|False|1:1|132|132|40884258|60
12.31242|baseline|94.12826|10.6238|0|0|False|1:1|132|132|40884258|60
12.32292|baseline|93.7981|10.6612|0|0|False|1:1|132|132|40884258|60
12.33359|baseline|95.26979|10.49651|0|0|False|1:1|132|132|40884258|60
12.34483|baseline|88.94267|11.2432|0|0|False|1:1|133|133|40884260|60
12.35571|baseline|90.62653|11.0343|0|0|False|1:1|132|132|40884258|60
12.36644|baseline|94.78762|10.5499|0|0|False|1:1|132|132|40884258|60
12.37727|baseline|91.98951|10.8708|0|0|False|1:1|132|132|40884258|60
12.38784|baseline|94.74276|10.5549|0|0|False|1:1|132|132|40884258|60
12.39824|baseline|94.6844|10.5614|0|0|False|1:1|131|131|40525650|60
12.40908|baseline|93.59965|10.6838|0|0|False|1:1|132|132|40884258|60
12.41964|baseline|93.221|10.7272|0|0|False|1:1|132|132|40884258|60
12.43083|baseline|90.99515|10.9896|0|0|False|1:1|132|132|40884258|60
12.44125|baseline|94.18945|10.6169|0|0|False|1:1|132|132|40884258|60
12.45203|baseline|94.312|10.6031|0|0|False|1:1|132|132|40884258|60
12.46252|baseline|93.7576|10.6658|0|0|False|1:1|132|132|40884258|60
12.47348|baseline|92.72656|10.7844|0|0|False|1:1|132|132|40884258|60
12.48411|baseline|92.64408|10.794|0|0|False|1:1|132|132|40884258|60
12.49487|baseline|94.33514|10.6005|0|0|False|1:1|132|132|40884258|60
12.50648|baseline|88.04444|11.3579|0|0|False|1:1|133|133|40884260|60
12.51705|baseline|91.31835|10.9507|0|0|False|1:1|132|132|40884258|60
12.5278|baseline|94.15759|10.62049|0|0|False|1:1|132|132|40884258|60
12.53824|baseline|94.17166|10.61891|0|0|False|1:1|132|132|40884258|60
12.54897|baseline|95.06877|10.5187|0|0|False|1:1|132|132|40884258|60
12.55939|baseline|94.13184|10.6234|0|0|False|1:1|132|132|40884258|60
12.57022|baseline|93.97613|10.641|0|0|False|1:1|132|132|40884258|60
12.58062|baseline|94.40911|10.5922|0|0|False|1:1|132|132|40884258|60
12.59128|baseline|95.29707|10.4935|0|0|False|1:1|132|132|40884258|60
12.6017|baseline|94.671|10.5629|0|0|False|1:1|132|132|40884258|60
12.6126|baseline|93.29051|10.7192|0|0|False|1:1|132|132|40884258|60
12.62325|baseline|92.0751|10.8607|0|0|False|1:1|132|131|40525650|60
12.63428|baseline|93.44749|10.7012|0|0|False|1:1|132|132|40884258|60
12.64501|baseline|93.26098|10.7226|0|0|False|1:1|132|132|40884258|60
12.65551|baseline|92.30884|10.8332|0|0|False|1:1|132|132|40884258|60
12.66691|baseline|89.21239|11.2092|0|0|False|1:1|133|133|40884260|60
12.67787|baseline|90.36035|11.0668|0|0|False|1:1|132|132|40884258|60
12.68882|baseline|93.95141|10.6438|0|0|False|1:1|132|132|40884258|60
12.69907|baseline|94.02121|10.6359|0|0|False|1:1|132|132|40884258|60
12.70997|baseline|93.31056|10.7169|0|0|False|1:1|132|132|40884258|60
12.72059|baseline|92.74461|10.7823|0|0|False|1:1|132|132|40884258|60
12.73158|baseline|92.15314|10.8515|0|0|False|1:1|132|132|40884258|60
12.74205|baseline|94.19479|10.6163|0|0|False|1:1|132|132|40884258|60
12.75319|baseline|92.60116|10.799|0|0|False|1:1|132|132|40884258|60
12.76343|baseline|94.36101|10.5976|0|0|False|1:1|132|132|40884258|60
12.77635|baseline|78.65839|12.7132|0|0|False|1:1|132|132|40884258|60
12.78706|baseline|94.09373|10.6277|0|0|False|1:1|132|132|40884258|60
12.7975|baseline|93.62243|10.6812|0|0|False|1:1|132|132|40884258|60
12.80855|baseline|91.87632|10.8842|0|0|False|1:1|131|131|40525650|60
12.81931|baseline|91.13777|10.9724|0|0|False|1:1|132|132|40884258|60
12.83085|baseline|88.0328|11.3594|0|0|False|1:1|131|131|40525452|60
12.84191|baseline|89.17586|11.2138|0|0|False|1:1|132|132|40884258|60
12.85268|baseline|94.20095|10.6156|0|0|False|1:1|132|132|40884258|60
12.86523|baseline|79.76901|12.5362|0|0|False|1:1|132|132|40884258|60
12.87558|baseline|94.90995|10.5363|0|0|False|1:1|132|132|40884258|60
12.88631|baseline|94.50097|10.5819|0|0|False|1:1|132|132|40884258|60
12.89674|baseline|94.46175|10.5863|0|0|False|1:1|132|132|40884258|60
12.90757|baseline|94.07072|10.6303|0|0|False|1:1|132|132|40884258|60
12.91798|baseline|94.27735|10.607|0|0|False|1:1|132|132|40884258|60
12.92887|baseline|93.66718|10.6761|0|0|False|1:1|132|132|40884258|60
12.93957|baseline|93.84295|10.6561|0|0|False|1:1|132|132|40884258|60
12.94998|baseline|95.0905|10.5163|0|0|False|1:1|131|131|40525650|60
12.96033|baseline|95.24349|10.4994|0|0|False|1:1|132|132|40884258|60
12.97111|baseline|94.18329|10.61759|0|0|False|1:1|132|132|40884258|60
12.98156|baseline|94.29247|10.6053|0|0|False|1:1|132|132|40884258|60
12.99283|baseline|89.85044|11.12961|0|0|False|1:1|133|133|40884260|60
13.00361|baseline|91.67923|10.9076|0|0|False|1:1|132|132|40884258|60
13.01473|baseline|91.18264|10.967|0|0|False|1:1|132|132|40884258|60
13.02534|baseline|94.18323|10.6176|0|0|False|1:1|132|132|40884258|60
13.03597|baseline|94.37704|10.5958|0|0|False|1:1|132|132|40884258|60
13.04661|baseline|93.48326|10.6971|0|0|False|1:1|131|131|40525650|60
13.05709|baseline|93.98057|10.6405|0|0|False|1:1|132|132|40884258|60
13.06807|baseline|92.7145|10.7858|0|0|False|1:1|132|132|40884258|60
13.07847|baseline|94.37698|10.59581|0|0|False|1:1|132|132|40884258|60
13.08951|baseline|92.45737|10.8158|0|0|False|1:1|132|132|40884258|60
13.09997|baseline|93.69348|10.6731|0|0|False|1:1|132|132|40884258|60
13.11167|baseline|93.21922|10.7274|0|0|False|1:1|132|132|40884258|60
13.12319|baseline|80.09422|12.4853|0|0|False|1:1|132|132|40884258|60
13.13384|baseline|95.50913|10.4702|0|0|False|1:1|132|132|40884258|60
13.14435|baseline|94.28894|10.6057|0|0|False|1:1|132|132|40884258|60
13.15606|baseline|88.66349|11.2786|0|0|False|1:1|132|132|40884248|60
13.16659|baseline|91.79026|10.8944|0|0|False|1:1|132|132|40884258|60
13.17715|baseline|93.31927|10.7159|0|0|False|1:1|132|132|40884258|60
13.18821|baseline|92.5172|10.8088|0|0|False|1:1|132|132|40884258|60
13.19861|baseline|93.93378|10.6458|0|0|False|1:1|132|132|40884258|60
13.20959|baseline|93.90108|10.6495|0|0|False|1:1|132|132|40884258|60
13.21999|baseline|93.14114|10.73639|0|0|False|1:1|132|132|40884258|60
13.23093|baseline|92.57115|10.8025|0|0|False|1:1|131|131|40167042|60
13.24133|baseline|94.99474|10.5269|0|0|False|1:1|132|132|40884258|60
13.2521|baseline|94.32985|10.6011|0|0|False|1:1|131|131|40884246|60
13.26244|baseline|95.10581|10.5146|0|0|False|1:1|132|132|40884258|60
13.27329|baseline|93.50079|10.6951|0|0|False|1:1|132|132|40884258|60
13.2859|baseline|79.91433|12.5134|0|0|False|1:1|132|132|40884258|60
13.29642|baseline|93.05092|10.7468|0|0|False|1:1|132|132|40884258|60
13.30881|baseline|82.3479|12.1436|0|0|False|1:1|132|132|40884258|60
13.32026|baseline|85.30532|11.7226|0|0|False|1:1|133|133|40884260|60
13.33367|baseline|75.53043|13.2397|0|0|False|1:1|132|132|40884258|60
13.34631|baseline|79.0089|12.6568|0|0|False|1:1|131|131|40884246|60
13.35984|baseline|74.19995|13.4771|0|0|False|1:1|132|132|40884258|60
13.37377|baseline|71.57631|13.9711|0|0|False|1:1|132|132|40884258|60
13.38696|baseline|75.94974|13.1666|0|0|False|1:1|132|132|40884258|60
13.39978|baseline|76.86103|13.01049|0|0|False|1:1|132|132|40884258|60
13.41316|baseline|76.10464|13.1398|0|0|False|1:1|132|132|40884258|60
13.42594|baseline|77.78348|12.8562|0|0|False|1:1|132|132|40884258|60
13.4388|baseline|77.62769|12.882|0|0|False|1:1|132|132|40884258|60
13.45166|baseline|77.92776|12.8324|0|0|False|1:1|132|132|40884258|60
13.4647|baseline|76.84563|13.0131|0|0|False|1:1|132|132|40884258|60
13.47755|baseline|76.71538|13.0352|0|0|False|1:1|132|132|40884258|60
13.49059|baseline|77.46955|12.9083|0|0|False|1:1|132|132|40884258|60
13.50359|baseline|76.04099|13.1508|0|0|False|1:1|132|132|40884258|60
13.51685|baseline|76.29218|13.1075|0|0|False|1:1|133|133|40884260|60
13.53033|baseline|74.41197|13.4387|0|0|False|1:1|132|132|40884258|60
13.5431|baseline|77.18671|12.9556|0|0|False|1:1|132|132|40884258|60
13.55631|baseline|76.85332|13.0118|0|0|False|1:1|132|132|40884258|60
13.56943|baseline|76.10406|13.1399|0|0|False|1:1|132|132|40884258|60
13.58218|baseline|77.30485|12.9358|0|0|False|1:1|132|132|40884258|60
13.59525|baseline|77.65721|12.8771|0|0|False|1:1|132|132|40884258|60
13.60823|baseline|76.8008|13.0207|0|0|False|1:1|132|132|40884258|60
13.62109|baseline|76.90891|13.00239|0|0|False|1:1|132|132|40884258|60
13.63433|baseline|76.4181|13.08591|0|0|False|1:1|132|132|40884258|60
13.64744|baseline|76.22764|13.1186|0|0|False|1:1|132|132|40884258|60
13.66051|baseline|75.87085|13.18029|0|0|False|1:1|132|132|40884258|60
13.67143|baseline|92.55658|10.8042|0|0|False|1:1|132|132|40884258|60
13.68471|baseline|75.40395|13.2619|0|0|False|1:1|132|132|40884258|60
13.69743|baseline|77.5296|12.8983|0|0|False|1:1|132|132|40884258|60
13.71095|baseline|75.33697|13.2737|0|0|False|1:1|133|133|40884260|60
13.72171|baseline|91.0639|10.9813|0|0|False|1:1|131|131|40884058|60
13.7325|baseline|94.02647|10.6353|0|0|False|1:1|132|132|40884258|60
13.74313|baseline|92.62693|10.796|0|0|False|1:1|132|132|40884258|60
13.75392|baseline|94.31471|10.6028|0|0|False|1:1|132|132|40884258|60
13.76461|baseline|94.01588|10.6365|0|0|False|1:1|132|132|40884258|60
13.77518|baseline|92.42141|10.82|0|0|False|1:1|132|132|40884258|60
13.78831|baseline|77.10102|12.97|0|0|False|1:1|132|132|40884258|60
13.79885|baseline|93.42651|10.7036|0|0|False|1:1|132|132|40884258|60
13.8098|baseline|93.79543|10.6615|0|0|False|1:1|132|132|40884258|60
13.82035|baseline|92.79278|10.7767|0|0|False|1:1|132|132|40884258|60
13.83126|baseline|93.24964|10.7239|0|0|False|1:1|132|132|40884258|60
13.84173|baseline|93.66102|10.6768|0|0|False|1:1|132|132|40884258|60
13.85242|baseline|94.97312|10.52929|0|0|False|1:1|132|132|40884258|60
13.86293|baseline|93.39771|10.7069|0|0|False|1:1|132|132|40884258|60
13.87437|baseline|88.53472|11.295|0|0|False|1:1|133|133|40884260|60
13.88642|baseline|83.58759|11.9635|0|0|False|1:1|132|132|40884258|60
13.89679|baseline|94.22938|10.6124|0|0|False|1:1|132|132|40884258|60
13.90762|baseline|93.58742|10.6852|0|0|False|1:1|132|132|40884258|60
13.92078|baseline|75.41193|13.2605|0|0|False|1:1|131|132|40525650|60
13.932|baseline|90.81829|11.011|0|0|False|1:1|131|131|40884257|60
13.94243|baseline|93.66364|10.6765|0|0|False|1:1|132|132|40884258|60
13.95329|baseline|93.65226|10.6778|0|0|False|1:1|132|132|40884258|60
13.96367|baseline|94.79749|10.5488|0|0|False|1:1|132|132|40884258|60
13.97443|baseline|94.18241|10.61769|0|0|False|1:1|132|132|40884258|60
13.98508|baseline|94.59662|10.5712|0|0|False|1:1|132|132|40884258|60
13.99548|baseline|94.08577|10.6286|0|0|False|1:1|132|132|40884258|60
14.00656|baseline|91.50048|10.9289|0|0|False|1:1|132|132|40884258|60
14.01708|baseline|93.97882|10.6407|0|0|False|1:1|132|132|40884258|60
14.02802|baseline|93.45008|10.7009|0|0|False|1:1|132|132|40884258|60
14.03895|baseline|89.35271|11.1916|0|0|False|1:1|133|133|40884260|60
14.05021|baseline|89.81904|11.1335|0|0|False|1:1|132|132|40884258|60
14.06068|baseline|94.24361|10.6108|0|0|False|1:1|132|132|40884258|60
14.0715|baseline|94.26224|10.6087|0|0|False|1:1|132|132|40884258|60
14.08192|baseline|94.09907|10.6271|0|0|False|1:1|132|132|40884258|60
14.09289|baseline|92.44707|10.817|0|0|False|1:1|131|131|40884246|60
14.10345|baseline|93.40116|10.7065|0|0|False|1:1|132|132|40884258|60
14.11453|baseline|93.39597|10.7071|0|0|False|1:1|132|132|40884258|60
14.12505|baseline|93.24533|10.7244|0|0|False|1:1|132|132|40884258|60
14.1357|baseline|93.98495|10.64|0|0|False|1:1|132|132|40884258|60
14.1463|baseline|93.9991|10.6384|0|0|False|1:1|132|132|40884258|60
14.15692|baseline|92.89191|10.7652|0|0|False|1:1|132|132|40884258|60
14.16823|baseline|92.16843|10.8497|0|0|False|1:1|132|132|40884258|60
14.17856|baseline|92.7954|10.7764|0|0|False|1:1|124|127|38374002|60
14.18956|baseline|92.43854|10.818|0|0|False|1:1|132|132|40884258|60
14.20057|baseline|89.23552|11.2063|0|0|False|1:1|133|133|40884260|60
14.21407|baseline|75.04068|13.32611|0|0|False|1:1|132|132|40884258|60
14.2273|baseline|75.86738|13.1809|0|0|False|1:1|132|132|40884258|60
14.24007|baseline|76.91478|13.0014|0|0|False|1:1|132|132|40884258|60
14.25328|baseline|76.7024|13.0374|0|0|False|1:1|132|132|40884258|60
14.26647|baseline|77.09566|12.9709|0|0|False|1:1|132|132|40884258|60
14.28655|baseline|49.18766|20.3303|0|0|False|1:1|132|132|40884258|60
14.34305|baseline|17.79002|56.2113|0|0|False|1:1|132|132|40884258|60
14.35353|baseline|93.60493|10.6832|0|0|False|1:1|131|131|40884257|60
14.36336|baseline|99.46091|10.0542|0|0|False|1:1|131|131|40884257|60
14.37678|baseline|75.6104|13.22569|0|0|False|1:1|132|132|40884258|60
14.38749|baseline|93.9064|10.6489|0|0|False|1:1|132|132|40884258|60
14.3983|baseline|90.51247|11.0482|0|0|False|1:1|132|132|40884258|60
14.40953|baseline|91.16933|10.9686|0|0|False|1:1|132|132|40884258|60
14.41991|baseline|94.65125|10.5651|0|0|False|1:1|132|132|40884258|60
14.4312|baseline|89.2045|11.2102|0|0|False|1:1|133|133|40884260|60
14.44213|baseline|90.27225|11.0776|0|0|False|1:1|132|132|40884258|60
14.45306|baseline|92.81518|10.7741|0|0|False|1:1|132|132|40884258|60
14.46357|baseline|93.56023|10.6883|0|0|False|1:1|132|132|40884258|60
14.4744|baseline|93.80865|10.66|0|0|False|1:1|132|132|40884258|60
14.48521|baseline|92.98776|10.7541|0|0|False|1:1|132|132|40884258|60
14.49552|baseline|94.91628|10.5356|0|0|False|1:1|132|132|40884258|60
14.50653|baseline|92.6664|10.7914|0|0|False|1:1|132|132|40884258|60
14.51699|baseline|93.61281|10.6823|0|0|False|1:1|132|132|40884258|60
14.52791|baseline|93.506|10.6945|0|0|False|1:1|132|132|40884258|60
14.53864|baseline|91.33336|10.9489|0|0|False|1:1|132|132|40884258|60
14.54952|baseline|93.57339|10.6868|0|0|False|1:1|132|132|40884258|60
14.55987|baseline|94.82176|10.5461|0|0|False|1:1|132|132|40884258|60
14.57075|baseline|93.50693|10.6944|0|0|False|1:1|132|132|40884258|60
14.58116|baseline|94.51438|10.5804|0|0|False|1:1|132|132|40884258|60
14.59261|baseline|88.86437|11.2531|0|0|False|1:1|133|133|40884260|60
14.60329|baseline|91.81976|10.8909|0|0|False|1:1|132|132|40884258|60
14.61411|baseline|94.25871|10.6091|0|0|False|1:1|132|132|40884258|60
14.62483|baseline|94.82896|10.5453|0|0|False|1:1|132|130|40525650|60
14.63508|baseline|94.08401|10.6288|0|0|False|1:1|132|132|40884258|60
14.64593|baseline|93.75324|10.6663|0|0|False|1:1|132|132|40884258|60
14.65636|baseline|94.01413|10.6367|0|0|False|1:1|132|132|40884258|60
14.66723|baseline|93.3271|10.715|0|0|False|1:1|132|132|40884258|60
14.67768|baseline|94.36101|10.5976|0|0|False|1:1|132|132|40884258|60
14.68848|baseline|94.09104|10.62801|0|0|False|1:1|132|132|40884258|60
14.69931|baseline|91.17186|10.9683|0|0|False|1:1|132|132|40884258|60
14.7104|baseline|91.44107|10.936|0|0|False|1:1|132|132|40884258|60
14.72088|baseline|93.98501|10.63999|0|0|False|1:1|132|132|40884258|60
14.73169|baseline|93.87111|10.65291|0|0|False|1:1|132|132|40884258|60
14.74198|baseline|95.4253|10.4794|0|0|False|1:1|132|132|40884258|60
14.75337|baseline|89.3887|11.1871|0|0|False|1:1|133|133|40884260|60
14.7642|baseline|90.97027|10.9926|0|0|False|1:1|132|132|40884258|60
14.77503|baseline|93.81213|10.6596|0|0|False|1:1|132|132|40884258|60
14.78564|baseline|93.88791|10.651|0|0|False|1:1|131|131|40525650|60
14.79848|baseline|77.17958|12.9568|0|0|False|1:1|132|132|40884258|60
14.80932|baseline|93.12374|10.7384|0|0|False|1:1|132|132|40884258|60
14.81979|baseline|94.36183|10.59751|0|0|False|1:1|132|132|40884258|60
14.8306|baseline|94.13271|10.6233|0|0|False|1:1|132|132|40884258|60
14.8413|baseline|92.44453|10.8173|0|0|False|1:1|132|132|40884258|60
14.8521|baseline|94.09286|10.6278|0|0|False|1:1|132|132|40884258|60
14.86275|baseline|92.15572|10.8512|0|0|False|1:1|132|132|40884258|60
14.87355|baseline|93.50513|10.6946|0|0|False|1:1|132|132|40884258|60
14.8841|baseline|93.2931|10.71891|0|0|False|1:1|132|132|40884258|60
14.8948|baseline|95.29166|10.4941|0|0|False|1:1|132|132|40884258|60
14.90566|baseline|93.6961|10.6728|0|0|False|1:1|132|132|40884258|60
14.9163|baseline|90.76309|11.01769|0|0|False|1:1|133|133|40884260|60
14.9276|baseline|90.10631|11.098|0|0|False|1:1|132|132|40884258|60
14.93809|baseline|93.56725|10.6875|0|0|False|1:1|132|132|40884258|60
14.94885|baseline|93.9894|10.6395|0|0|False|1:1|132|132|40884258|60
14.95934|baseline|94.16991|10.6191|0|0|False|1:1|131|131|40884058|60
14.97008|baseline|94.52781|10.5789|0|0|False|1:1|132|132|40884258|60
14.98051|baseline|94.35564|10.5982|0|0|False|1:1|132|132|40884258|60
14.99194|baseline|89.10351|11.2229|0|0|False|1:1|132|132|40884258|60
15.00228|baseline|94.8389|10.5442|0|0|False|1:1|132|132|40884258|60
15.0131|baseline|93.64083|10.6791|0|0|False|1:1|132|132|40884258|60
15.02391|baseline|91.60698|10.9162|0|0|False|1:1|132|132|40884258|60
15.03482|baseline|92.79882|10.776|0|0|False|1:1|131|131|40525650|60
15.0455|baseline|94.55815|10.5755|0|0|False|1:1|132|132|40884258|60
15.05588|baseline|93.82099|10.6586|0|0|False|1:1|132|132|40884258|60
15.06666|baseline|94.73283|10.556|0|0|False|1:1|132|132|40884258|60
15.07763|baseline|89.47184|11.1767|0|0|False|1:1|133|133|40884260|60
15.08882|baseline|91.07883|10.9795|0|0|False|1:1|132|132|40884258|60
15.09908|baseline|95.35799|10.4868|0|0|False|1:1|132|132|40884258|60
15.10977|baseline|94.91807|10.5354|0|0|False|1:1|132|132|40884258|60
15.12018|baseline|94.69876|10.5598|0|0|False|1:1|132|132|40884258|60
15.13105|baseline|93.61455|10.6821|0|0|False|1:1|132|132|40884258|60
15.14144|baseline|94.64591|10.5657|0|0|False|1:1|132|132|40884258|60
15.15231|baseline|93.53221|10.6915|0|0|False|1:1|132|131|40884258|60
15.16269|baseline|94.51173|10.5807|0|0|False|1:1|132|132|40884258|60
15.17358|baseline|93.27664|10.7208|0|0|False|1:1|132|132|40884258|60
15.18388|baseline|95.55111|10.4656|0|0|False|1:1|132|132|40884258|60
15.19456|baseline|94.94603|10.5323|0|0|False|1:1|132|132|40884258|60
15.20525|baseline|93.90815|10.6487|0|0|False|1:1|132|132|40884258|60
15.21604|baseline|92.67158|10.7908|0|0|False|1:1|132|132|40884258|60
15.2267|baseline|93.72335|10.6697|0|0|False|1:1|132|132|40884258|60
15.23775|baseline|89.32635|11.19491|0|0|False|1:1|133|133|40884260|60
15.24906|baseline|90.32854|11.0707|0|0|False|1:1|132|132|40884258|60
15.25929|baseline|95.18099|10.5063|0|0|False|1:1|131|131|40525650|60
15.2702|baseline|93.34975|10.7124|0|0|False|1:1|132|132|40884258|60
15.2811|baseline|91.87039|10.8849|0|0|False|1:1|132|132|40884258|60
15.29195|baseline|91.68006|10.9075|0|0|False|1:1|132|132|40884258|60
15.30504|baseline|76.75952|13.0277|0|0|False|1:1|132|132|40884258|60
15.31554|baseline|93.36717|10.7104|0|0|False|1:1|132|132|40884258|60
15.32655|baseline|92.59344|10.7999|0|0|False|1:1|132|132|40884258|60
15.33733|baseline|91.47373|10.9321|0|0|False|1:1|132|132|40884258|60
15.34826|baseline|92.99297|10.7535|0|0|False|1:1|132|132|40884258|60
15.35894|baseline|92.10478|10.8572|0|0|False|1:1|132|132|40884258|60
15.36991|baseline|92.49239|10.8117|0|0|False|1:1|132|132|40884258|60
15.38027|baseline|94.51173|10.5807|0|0|False|1:1|132|132|40884258|60
15.39113|baseline|93.75499|10.6661|0|0|False|1:1|132|132|40884258|60
15.40214|baseline|89.4558|11.17871|0|0|False|1:1|133|133|40884260|60
15.41331|baseline|90.74249|11.0202|0|0|False|1:1|132|132|40884258|60
15.42393|baseline|93.83154|10.6574|0|0|False|1:1|132|132|40884258|60
15.43473|baseline|93.09683|10.7415|0|0|False|1:1|132|132|40884258|60
15.44536|baseline|93.91521|10.6479|0|0|False|1:1|132|132|40884258|60
15.45595|baseline|92.90744|10.7634|0|0|False|1:1|132|132|40884258|60
15.46673|baseline|94.93703|10.5333|0|0|False|1:1|132|132|40884258|60
15.47704|baseline|94.91717|10.5355|0|0|False|1:1|132|132|40884258|60
15.4881|baseline|92.19908|10.8461|0|0|False|1:1|132|132|40884258|60
15.49854|baseline|93.69261|10.6732|0|0|False|1:1|132|131|40884058|60
15.50948|baseline|92.9359|10.76011|0|0|False|1:1|131|131|40525650|60
15.51992|baseline|94.37438|10.5961|0|0|False|1:1|132|132|40884258|60
15.53086|baseline|93.08989|10.7423|0|0|False|1:1|131|132|40884258|60
15.54135|baseline|93.24102|10.72489|0|0|False|1:1|132|132|40884258|60
15.5524|baseline|92.23216|10.84221|0|0|False|1:1|132|132|40884258|60
15.56343|baseline|89.11707|11.22119|0|0|False|1:1|133|133|40884260|60
15.57456|baseline|91.31752|10.9508|0|0|False|1:1|132|132|40884258|60
15.58519|baseline|93.91783|10.6476|0|0|False|1:1|132|132|40884258|60
15.59666|baseline|85.85832|11.64709|0|0|False|1:1|132|132|40884258|60
15.60895|baseline|82.54162|12.1151|0|0|False|1:1|132|132|40884258|60
15.62213|baseline|75.25642|13.2879|0|0|False|1:1|132|132|40884258|60
15.63587|baseline|73.12296|13.6756|0|0|False|1:1|132|132|40884258|60
15.64632|baseline|96.7651|10.3343|0|0|False|1:1|132|132|40884258|60
15.65681|baseline|93.41433|10.705|0|0|False|1:1|132|132|40884258|60
15.66769|baseline|93.22617|10.7266|0|0|False|1:1|132|132|40884258|60
15.67841|baseline|91.8417|10.8883|0|0|False|1:1|131|131|40525650|60
15.68926|baseline|93.73387|10.6685|0|0|False|1:1|132|132|40884258|60
15.69976|baseline|93.6619|10.6767|0|0|False|1:1|132|132|40884258|60
15.71057|baseline|94.18059|10.6179|0|0|False|1:1|132|132|40884258|60
15.72126|baseline|92.64323|10.7941|0|0|False|1:1|132|132|40884258|60
15.73267|baseline|88.66582|11.2783|0|0|False|1:1|133|133|40884260|60
15.74367|baseline|89.04639|11.2301|0|0|False|1:1|132|132|40884258|60
15.75676|baseline|77.5982|12.8869|0|0|False|1:1|132|132|40884258|60
15.76758|baseline|92.74979|10.7817|0|0|False|1:1|132|132|40884258|60
15.77822|baseline|91.9988|10.86971|0|0|False|1:1|132|132|40884258|60
15.78927|baseline|93.29496|10.71869|0|0|False|1:1|132|132|40884258|60
15.79949|baseline|94.61806|10.56881|0|0|False|1:1|131|131|40525650|60
15.81263|baseline|77.69526|12.8708|0|0|False|1:1|132|132|40884258|60
15.82296|baseline|94.39661|10.5936|0|0|False|1:1|132|132|40884258|60
15.83379|baseline|94.2241|10.613|0|0|False|1:1|132|132|40884258|60
15.84464|baseline|91.91006|10.8802|0|0|False|1:1|132|132|40884258|60
15.85536|baseline|91.69936|10.9052|0|0|False|1:1|132|132|40884258|60
15.86634|baseline|93.42039|10.7043|0|0|False|1:1|132|132|40884258|60
15.8769|baseline|93.142|10.73629|0|0|False|1:1|131|131|40884058|60
15.88807|baseline|90.66344|11.0298|0|0|False|1:1|132|132|40884258|60
15.89923|baseline|87.93761|11.3717|0|0|False|1:1|133|133|40884260|60
15.91042|baseline|90.94794|10.9953|0|0|False|1:1|132|132|40884258|60
15.92092|baseline|93.4152|10.7049|0|0|False|1:1|132|132|40884258|60
15.93172|baseline|94.18234|10.6177|0|0|False|1:1|132|132|40884258|60
15.94233|baseline|92.92041|10.7619|0|0|False|1:1|132|132|40884258|60
15.95314|baseline|93.97613|10.641|0|0|False|1:1|131|132|40525650|60
15.9637|baseline|92.75405|10.7812|0|0|False|1:1|132|132|40884258|60
15.97447|baseline|94.26847|10.608|0|0|False|1:1|132|132|40884258|60
15.98513|baseline|93.84295|10.6561|0|0|False|1:1|132|130|40884258|60
15.99555|baseline|94.68714|10.5611|0|0|False|1:1|132|132|40884258|60
16.00646|baseline|93.27572|10.7209|0|0|False|1:1|132|132|40884258|60
16.01682|baseline|94.61273|10.5694|0|0|False|1:1|132|132|40884258|60
16.02797|baseline|91.17104|10.9684|0|0|False|1:1|132|132|40884258|60
16.0385|baseline|93.5541|10.689|0|0|False|1:1|132|132|40884258|60
16.04956|baseline|91.65148|10.9109|0|0|False|1:1|131|131|40884246|60
16.06055|baseline|89.80773|11.1349|0|0|False|1:1|133|133|40884260|60
16.07171|baseline|91.02907|10.9855|0|0|False|1:1|132|132|40884258|60
16.08216|baseline|93.93553|10.6456|0|0|False|1:1|132|132|40884258|60
16.09306|baseline|93.15325|10.735|0|0|False|1:1|132|132|40884258|60
16.10355|baseline|93.74533|10.6672|0|0|False|1:1|132|132|40884258|60
16.1145|baseline|93.37589|10.7094|0|0|False|1:1|132|132|40884258|60
16.12523|baseline|92.69045|10.7886|0|0|False|1:1|132|132|40884258|60
16.13566|baseline|94.45277|10.5873|0|0|False|1:1|132|132|40884258|60
16.14665|baseline|92.25941|10.839|0|0|False|1:1|132|132|40884258|60
16.15708|baseline|94.34763|10.5991|0|0|False|1:1|132|132|40884258|60
16.16805|baseline|93.76202|10.6653|0|0|False|1:1|132|132|40884258|60
16.17845|baseline|93.41693|10.7047|0|0|False|1:1|132|132|40884258|60
16.18943|baseline|92.30968|10.8331|0|0|False|1:1|132|132|40884258|60
16.19989|baseline|94.1841|10.6175|0|0|False|1:1|132|132|40884258|60
16.21082|baseline|93.70052|10.6723|0|0|False|1:1|132|132|40884258|60
16.22185|baseline|88.72174|11.27119|0|0|False|1:1|133|133|40884260|60
16.23327|baseline|88.817|11.25911|0|0|False|1:1|132|132|40884258|60
16.24391|baseline|93.30969|10.717|0|0|False|1:1|132|132|40884258|60
16.25498|baseline|91.57262|10.92029|0|0|False|1:1|132|132|40884258|60
16.26552|baseline|94.34139|10.5998|0|0|False|1:1|132|132|40884258|60
16.27592|baseline|94.56981|10.5742|0|0|False|1:1|132|132|40884258|60
16.28726|baseline|93.0778|10.7437|0|0|False|1:1|132|132|40884258|60
16.29731|baseline|93.94347|10.6447|0|0|False|1:1|132|132|40884258|60
16.30808|baseline|93.99377|10.639|0|0|False|1:1|132|132|40884258|60
16.32084|baseline|77.50677|12.9021|0|0|False|1:1|132|132|40884258|60
16.33401|baseline|77.10039|12.9701|0|0|False|1:1|132|132|40884258|60
16.34484|baseline|92.70421|10.787|0|0|False|1:1|132|132|40884258|60
16.35522|baseline|94.28088|10.6066|0|0|False|1:1|132|132|40884258|60
16.366|baseline|94.38771|10.5946|0|0|False|1:1|132|132|40884258|60
16.37659|baseline|93.14458|10.736|0|0|False|1:1|132|132|40884258|60
16.38806|baseline|88.42122|11.3095|0|0|False|1:1|133|133|40884260|60
16.39898|baseline|89.97337|11.1144|0|0|False|1:1|132|132|40884258|60
16.40993|baseline|93.92583|10.6467|0|0|False|1:1|132|132|40884258|60
16.42027|baseline|93.71545|10.6706|0|0|False|1:1|132|132|40884258|60
16.43123|baseline|92.98605|10.7543|0|0|False|1:1|132|132|40884258|60
16.44182|baseline|93.11157|10.7398|0|0|False|1:1|132|132|40884258|60
16.45302|baseline|90.6068|11.0367|0|0|False|1:1|132|132|40884258|60
16.46354|baseline|93.21928|10.7274|0|0|False|1:1|132|132|40884258|60
16.47425|baseline|94.84872|10.54311|0|0|False|1:1|132|132|40884258|60
16.48525|baseline|91.59943|10.9171|0|0|False|1:1|132|132|40884258|60
16.49564|baseline|93.98495|10.64|0|0|False|1:1|132|132|40884258|60
16.50649|baseline|93.67333|10.6754|0|0|False|1:1|132|132|40884258|60
16.51711|baseline|92.54803|10.8052|0|0|False|1:1|132|132|40884258|60
16.53021|baseline|77.20517|12.9525|0|0|False|1:1|131|131|40525650|60
16.54311|baseline|76.73244|13.0323|0|0|False|1:1|132|132|40884258|60
16.55632|baseline|76.6366|13.0486|0|0|False|1:1|133|133|40884260|60
16.56945|baseline|76.13593|13.1344|0|0|False|1:1|132|131|40525650|60
16.5827|baseline|74.46239|13.4296|0|0|False|1:1|132|132|40884258|60
16.59644|baseline|73.78442|13.553|0|0|False|1:1|132|132|40884258|60
16.60975|baseline|75.13713|13.309|0|0|False|1:1|132|132|40884258|60
16.62278|baseline|75.89096|13.1768|0|0|False|1:1|132|132|40884258|60
16.63607|baseline|76.00688|13.1567|0|0|False|1:1|132|132|40884258|60
16.64937|baseline|75.23551|13.2916|0|0|False|1:1|132|132|40884258|60
16.6625|baseline|75.4324|13.2569|0|0|False|1:1|132|132|40884258|60
16.6733|baseline|93.66625|10.6762|0|0|False|1:1|132|132|40884258|60
16.68371|baseline|94.54035|10.57749|0|0|False|1:1|132|132|40884258|60
16.69438|baseline|95.0778|10.5177|0|0|False|1:1|132|132|40884258|60
16.70505|baseline|93.90465|10.6491|0|0|False|1:1|132|132|40884258|60
16.71546|baseline|94.45815|10.5867|0|0|False|1:1|132|132|40884258|60
16.72637|baseline|93.48067|10.6974|0|0|False|1:1|132|132|40884258|60
16.73761|baseline|87.5304|11.4246|0|0|False|1:1|133|133|40884260|60
16.74924|baseline|87.23798|11.4629|0|0|False|1:1|132|132|40884258|60
16.76232|baseline|75.63037|13.2222|0|0|False|1:1|132|132|40884258|60
16.77316|baseline|93.25661|10.7231|0|0|False|1:1|132|132|40884258|60
16.78381|baseline|92.5703|10.8026|0|0|False|1:1|132|132|40884258|60
16.79461|baseline|94.17971|10.618|0|0|False|1:1|132|132|40884258|60
16.80519|baseline|94.42244|10.5907|0|0|False|1:1|132|132|40884258|60
16.81572|baseline|93.44835|10.7011|0|0|False|1:1|132|132|40884258|60
16.8292|baseline|75.474|13.2496|0|0|False|1:1|132|132|40884258|60
16.83965|baseline|93.66096|10.67681|0|0|False|1:1|127|130|39091218|60
16.85042|baseline|94.25159|10.6099|0|0|False|1:1|132|132|40884258|60
16.86093|baseline|93.64965|10.6781|0|0|False|1:1|132|132|40884258|60
16.87174|baseline|94.19567|10.6162|0|0|False|1:1|132|132|40884258|60
16.88233|baseline|93.0527|10.7466|0|0|False|1:1|132|132|40884258|60
16.89321|baseline|93.71277|10.6709|0|0|False|1:1|132|132|40884258|60
16.90462|baseline|87.54576|11.4226|0|0|False|1:1|133|133|40884260|60
16.91548|baseline|90.18676|11.0881|0|0|False|1:1|132|132|40884258|60
16.92644|baseline|93.42565|10.7037|0|0|False|1:1|131|131|40525650|60
16.93708|baseline|91.84254|10.8882|0|0|False|1:1|132|132|40884258|60
16.94787|baseline|94.38057|10.5954|0|0|False|1:1|132|132|40884258|60
16.95836|baseline|93.57513|10.6866|0|0|False|1:1|132|132|40884258|60
16.97165|baseline|76.27477|13.11049|0|0|False|1:1|132|132|40884258|60
16.98263|baseline|89.45103|11.1793|0|0|False|1:1|132|132|40884258|60
16.99366|baseline|92.04879|10.8638|0|0|False|1:1|132|132|40884258|60
17.00423|baseline|93.25143|10.7237|0|0|False|1:1|132|132|40884258|60
17.0153|baseline|92.0471|10.864|0|0|False|1:1|132|132|40884258|60
17.0259|baseline|93.88172|10.6517|0|0|False|1:1|132|132|40884258|60
17.03645|baseline|93.4108|10.7054|0|0|False|1:1|132|132|40884258|60
17.04737|baseline|93.29576|10.7186|0|0|False|1:1|132|132|40884258|60
17.05842|baseline|88.9387|11.2437|0|0|False|1:1|132|132|40884258|60
17.0698|baseline|89.18065|11.21319|0|0|False|1:1|132|132|40884060|60
17.08085|baseline|89.61696|11.1586|0|0|False|1:1|132|132|40884258|60
17.09166|baseline|93.37681|10.7093|0|0|False|1:1|132|132|40884258|60
17.10214|baseline|94.03179|10.6347|0|0|False|1:1|132|132|40884258|60
17.11295|baseline|93.89847|10.6498|0|0|False|1:1|132|132|40884258|60
17.12335|baseline|94.52332|10.5794|0|0|False|1:1|132|132|40884258|60
17.1344|baseline|92.45477|10.8161|0|0|False|1:1|132|132|40884258|60
17.14505|baseline|93.66805|10.676|0|0|False|1:1|132|132|40884258|60
17.15549|baseline|94.10347|10.6266|0|0|False|1:1|132|132|40884258|60
17.16636|baseline|93.38638|10.7082|0|0|False|1:1|132|132|40884258|60
17.17678|baseline|94.34403|10.5995|0|0|False|1:1|132|132|40884258|60
17.18781|baseline|93.35587|10.7117|0|0|False|1:1|132|132|40884258|60
17.19905|baseline|86.89382|11.5083|0|0|False|1:1|132|132|40884258|60
17.20977|baseline|94.46529|10.5859|0|0|False|1:1|132|132|40884258|60
17.2202|baseline|94.2916|10.6054|0|0|False|1:1|132|132|40884258|60
17.23157|baseline|89.36629|11.1899|0|0|False|1:1|133|133|40884260|60
17.24236|baseline|91.14359|10.9717|0|0|False|1:1|131|131|40884257|60
17.2535|baseline|91.83411|10.8892|0|0|False|1:1|132|132|40884258|60
17.2641|baseline|92.65436|10.7928|0|0|False|1:1|132|132|40884258|60
17.27486|baseline|93.45794|10.7|0|0|False|1:1|132|132|40884258|60
17.28571|baseline|92.67413|10.7905|0|0|False|1:1|132|132|40884258|60
17.29613|baseline|94.30224|10.6042|0|0|False|1:1|132|132|40884258|60
17.30721|baseline|91.86956|10.885|0|0|False|1:1|132|132|40884258|60
17.31789|baseline|91.89403|10.8821|0|0|False|1:1|132|132|40884258|60
17.33131|baseline|75.84202|13.1853|0|0|False|1:1|132|132|40884258|60
17.34171|baseline|94.33337|10.6007|0|0|False|1:1|132|132|40884258|60
17.35258|baseline|93.46234|10.6995|0|0|False|1:1|132|132|40884258|60
17.36305|baseline|93.80334|10.6606|0|0|False|1:1|132|132|40884258|60
17.37412|baseline|93.51386|10.6936|0|0|False|1:1|132|132|40884258|60
17.38473|baseline|92.42661|10.8194|0|0|False|1:1|132|132|40884258|60
17.39605|baseline|87.41794|11.4393|0|0|False|1:1|133|133|40884260|60
17.40762|baseline|88.06768|11.3549|0|0|False|1:1|132|132|40884258|60
17.41856|baseline|89.38627|11.1874|0|0|False|1:1|132|132|40884258|60
17.42946|baseline|93.23055|10.7261|0|0|False|1:1|132|132|40884258|60
17.43991|baseline|93.95936|10.6429|0|0|False|1:1|132|132|40884258|60
17.45081|baseline|94.00173|10.6381|0|0|False|1:1|132|132|40884258|60
17.46123|baseline|93.61542|10.682|0|0|False|1:1|132|132|40884258|60
17.47226|baseline|92.11242|10.8563|0|0|False|1:1|132|132|40884258|60
17.48277|baseline|94.01413|10.6367|0|0|False|1:1|132|132|40884258|60
17.4937|baseline|92.60802|10.7982|0|0|False|1:1|131|131|40884257|60
17.50423|baseline|93.33932|10.7136|0|0|False|1:1|132|132|40884258|60
17.51507|baseline|93.71986|10.6701|0|0|False|1:1|131|131|40525650|60
17.52632|baseline|88.72247|11.2711|0|0|False|1:1|132|132|40884258|60
17.53699|baseline|92.44707|10.817|0|0|False|1:1|132|132|40884258|60
17.54815|baseline|92.93162|10.7606|0|0|False|1:1|132|132|40884258|60
17.55914|baseline|88.02582|11.3603|0|0|False|1:1|132|132|40525652|60
17.57054|baseline|90.99596|10.9895|0|0|False|1:1|132|132|40884258|60
17.58071|baseline|94.80468|10.548|0|0|False|1:1|132|132|40884258|60
17.59135|baseline|95.01373|10.52479|0|0|False|1:1|132|132|40884258|60
17.60209|baseline|91.5977|10.9173|0|0|False|1:1|132|132|40884258|60
17.61289|baseline|94.31207|10.6031|0|0|False|1:1|132|132|40884258|60
17.62335|baseline|93.8016|10.6608|0|0|False|1:1|132|132|40884258|60
17.63418|baseline|93.65574|10.6774|0|0|False|1:1|132|132|40884258|60
17.64484|baseline|94.15577|10.6207|0|0|False|1:1|132|132|40884258|60
17.65545|baseline|93.23923|10.7251|0|0|False|1:1|132|132|40884258|60
17.66611|baseline|94.55276|10.57611|0|0|False|1:1|132|132|40884258|60
17.67658|baseline|93.9991|10.6384|0|0|False|1:1|132|132|40884258|60
17.68741|baseline|93.57426|10.6867|0|0|False|1:1|132|132|40884258|60
17.69805|baseline|92.83844|10.7714|0|0|False|1:1|132|132|40884258|60
17.70912|baseline|92.06242|10.8622|0|0|False|1:1|132|132|40884258|60
17.72019|baseline|88.70518|11.2733|0|0|False|1:1|133|133|40884260|60
17.73148|baseline|89.96931|11.1149|0|0|False|1:1|132|132|40884258|60
17.74194|baseline|93.96111|10.6427|0|0|False|1:1|132|132|40884258|60
17.75281|baseline|93.90997|10.6485|0|0|False|1:1|132|132|40884258|60
17.7632|baseline|94.40911|10.5922|0|0|False|1:1|132|132|40884258|60
17.77405|baseline|93.47274|10.69831|0|0|False|1:1|132|132|40884258|60
17.78475|baseline|93.65226|10.6778|0|0|False|1:1|132|132|40884258|60
17.79518|baseline|94.33962|10.6|0|0|False|1:1|132|132|40884258|60
17.80617|baseline|93.14544|10.7359|0|0|False|1:1|132|132|40884258|60
17.81685|baseline|91.28503|10.9547|0|0|False|1:1|132|132|40884258|60
17.82759|baseline|94.16814|10.6193|0|0|False|1:1|132|132|40884258|60
17.84098|baseline|75.04239|13.3258|0|0|False|1:1|132|132|40884258|60
17.85176|baseline|92.64755|10.79359|0|0|False|1:1|132|132|40884258|60
17.86234|baseline|93.4413|10.70191|0|0|False|1:1|132|132|40884258|60
17.87319|baseline|93.35674|10.7116|0|0|False|1:1|132|132|40884258|60
17.88425|baseline|89.02583|11.2327|0|0|False|1:1|128|129|39449827|60
17.89538|baseline|91.04234|10.9839|0|0|False|1:1|132|132|40884258|60
17.90612|baseline|93.94697|10.6443|0|0|False|1:1|132|132|40884258|60
17.91665|baseline|93.08646|10.7427|0|0|False|1:1|124|126|38374002|60
17.92768|baseline|91.85269|10.887|0|0|False|1:1|131|130|40525650|60
17.93823|baseline|93.1428|10.7362|0|0|False|1:1|132|131|40884058|60
17.9492|baseline|92.56435|10.8033|0|0|False|1:1|132|132|40884258|60
17.96017|baseline|90.0325|11.1071|0|0|False|1:1|132|132|40884258|60
17.97108|baseline|92.89277|10.7651|0|0|False|1:1|132|132|40884058|60
17.98158|baseline|93.75848|10.6657|0|0|False|1:1|132|132|40884258|60
17.99313|baseline|88.01654|11.3615|0|0|False|1:1|132|132|40884258|60
18.00359|baseline|93.73126|10.6688|0|0|False|1:1|132|132|40884258|60
18.01448|baseline|93.52441|10.6924|0|0|False|1:1|132|132|40884258|60
18.02514|baseline|93.50073|10.6951|0|0|False|1:1|132|132|40884258|60
18.03557|baseline|94.50547|10.5814|0|0|False|1:1|132|132|40884258|60
18.04692|baseline|89.61297|11.1591|0|0|False|1:1|133|133|40884260|60
18.05757|baseline|92.53091|10.8072|0|0|False|1:1|132|132|40884258|60
18.06837|baseline|93.73387|10.6685|0|0|False|1:1|127|127|39091218|60
18.07885|baseline|93.92583|10.6467|0|0|False|1:1|131|130|40525450|60
18.08968|baseline|93.8914|10.6506|0|0|False|1:1|132|132|40884258|60
18.10016|baseline|93.83067|10.6575|0|0|False|1:1|132|132|40884258|60
18.11089|baseline|94.54295|10.5772|0|0|False|1:1|132|132|40884258|60
18.1215|baseline|92.97141|10.756|0|0|False|1:1|132|132|40884258|60
18.13238|baseline|93.31315|10.7166|0|0|False|1:1|132|132|40884258|60
18.14286|baseline|93.89847|10.6498|0|0|False|1:1|132|132|40884258|60
18.1539|baseline|91.7979|10.89349|0|0|False|1:1|132|132|40884258|60
18.16529|baseline|88.4517|11.3056|0|0|False|1:1|132|132|40884258|60
18.17571|baseline|93.89672|10.65|0|0|False|1:1|132|132|40884258|60
18.18656|baseline|93.68297|10.6743|0|0|False|1:1|132|132|40884258|60
18.19711|baseline|93.3271|10.715|0|0|False|1:1|132|132|40884258|60
18.20851|baseline|88.97906|11.2386|0|0|False|1:1|133|133|40884260|60
18.21941|baseline|90.36364|11.0664|0|0|False|1:1|132|132|40884258|60
18.23021|baseline|94.33603|10.6004|0|0|False|1:1|132|132|40884258|60
18.24063|baseline|94.11765|10.625|0|0|False|1:1|132|132|40884258|60
18.25145|baseline|94.09549|10.6275|0|0|False|1:1|132|132|40884258|60
18.26198|baseline|93.46494|10.6992|0|0|False|1:1|132|132|40884258|60
18.27283|baseline|93.69174|10.6733|0|0|False|1:1|132|132|40884258|60
18.28338|baseline|93.53748|10.6909|0|0|False|1:1|132|132|40884258|60
18.29412|baseline|94.20812|10.6148|0|0|False|1:1|132|132|40884258|60
18.305|baseline|92.33693|10.8299|0|0|False|1:1|132|132|40884258|60
18.31543|baseline|93.85181|10.6551|0|0|False|1:1|132|132|40884258|60
18.32654|baseline|92.58998|10.8003|0|0|False|1:1|132|132|40884258|60
18.3413|baseline|66.38651|15.0633|0|0|False|1:1|132|132|40884258|60
18.36341|baseline|45.62065|21.9199|0|0|False|1:1|132|132|40884258|60
18.3739|baseline|94.51261|10.5806|0|0|False|1:1|132|132|40884258|60
18.38601|baseline|83.19122|12.0205|0|0|False|1:1|133|133|40884260|60
18.39674|baseline|91.57173|10.9204|0|0|False|1:1|132|132|40884258|60
18.40759|baseline|94.44563|10.5881|0|0|False|1:1|132|132|40884258|60
18.41807|baseline|93.33148|10.7145|0|0|False|1:1|132|132|40884258|60
18.42923|baseline|91.27753|10.9556|0|0|False|1:1|132|132|40884258|60
18.43987|baseline|92.2526|10.8398|0|0|False|1:1|132|132|40884258|60
18.45058|baseline|94.75713|10.5533|0|0|False|1:1|132|132|40884258|60
18.4611|baseline|93.99641|10.6387|0|0|False|1:1|132|132|40884258|60
18.47177|baseline|94.56442|10.5748|0|0|False|1:1|132|132|40884258|60
18.48228|baseline|93.62859|10.6805|0|0|False|1:1|132|132|40884258|60
18.49321|baseline|93.01032|10.7515|0|0|False|1:1|132|132|40884258|60
18.50372|baseline|93.43343|10.70281|0|0|False|1:1|132|132|40884258|60
18.51453|baseline|94.1611|10.6201|0|0|False|1:1|132|132|40884258|60
18.52538|baseline|92.12517|10.8548|0|0|False|1:1|132|132|40884258|60
18.53577|baseline|94.52598|10.5791|0|0|False|1:1|132|132|40884258|60
18.54709|baseline|89.64832|11.1547|0|0|False|1:1|133|133|40884260|60
18.5578|baseline|91.9109|10.8801|0|0|False|1:1|132|132|40884258|60
18.56881|baseline|92.76094|10.7804|0|0|False|1:1|132|132|40884258|60
18.5794|baseline|92.51635|10.8089|0|0|False|1:1|132|132|40884258|60
18.59064|baseline|92.92733|10.7611|0|0|False|1:1|132|132|40884258|60
18.60073|baseline|94.64941|10.56531|0|0|False|1:1|128|128|39449826|60
18.61145|baseline|94.58414|10.5726|0|0|False|1:1|132|132|40884258|60
18.62214|baseline|93.66102|10.6768|0|0|False|1:1|132|132|40884258|60
18.63267|baseline|94.7966|10.5489|0|0|False|1:1|132|132|40884258|60
18.6431|baseline|94.65309|10.5649|0|0|False|1:1|132|131|40884258|60
18.65413|baseline|93.27572|10.7209|0|0|False|1:1|132|132|40884258|60
18.66478|baseline|93.36372|10.7108|0|0|False|1:1|132|132|40884258|60
18.67529|baseline|92.84448|10.7707|0|0|False|1:1|132|132|40884258|60
18.6862|baseline|93.74446|10.6673|0|0|False|1:1|132|132|40884258|60
18.69703|baseline|90.44369|11.0566|0|0|False|1:1|131|131|40525650|60
18.70829|baseline|90.26411|11.0786|0|0|False|1:1|133|133|40884260|60
18.7192|baseline|90.10631|11.098|0|0|False|1:1|132|132|40884258|60
18.72996|baseline|94.16996|10.6191|0|0|False|1:1|132|132|40884258|60
18.74045|baseline|93.99647|10.6387|0|0|False|1:1|132|132|40884258|60
18.75123|baseline|94.17436|10.6186|0|0|False|1:1|132|132|40884258|60
18.76187|baseline|92.60632|10.7984|0|0|False|1:1|132|132|40884258|60
18.77315|baseline|89.9685|11.115|0|0|False|1:1|132|132|40884258|60
18.7836|baseline|94.15306|10.621|0|0|False|1:1|132|132|40884258|60
18.79434|baseline|94.94157|10.53279|0|0|False|1:1|132|132|40884258|60
18.80502|baseline|93.24182|10.7248|0|0|False|1:1|132|132|40884258|60
18.81545|baseline|94.39572|10.5937|0|0|False|1:1|132|132|40884258|60
18.82684|baseline|93.04577|10.7474|0|0|False|1:1|132|132|40884258|60
18.83714|baseline|91.54155|10.924|0|0|False|1:1|132|132|40884258|60
18.84922|baseline|83.83707|11.9279|0|0|False|1:1|132|132|40884258|60
18.8611|baseline|83.24731|12.0124|0|0|False|1:1|132|132|40884258|60
18.87265|baseline|89.24105|11.20561|0|0|False|1:1|133|133|40884260|60
18.88333|baseline|90.37099|11.0655|0|0|False|1:1|132|132|40884258|60
18.89415|baseline|93.71719|10.6704|0|0|False|1:1|131|131|40525650|60
18.9049|baseline|93.41606|10.7048|0|0|False|1:1|132|132|40884258|60
18.91543|baseline|93.22704|10.7265|0|0|False|1:1|132|132|40884258|60
18.9264|baseline|93.04491|10.7475|0|0|False|1:1|132|132|40884258|60
18.93675|baseline|94.75351|10.5537|0|0|False|1:1|132|132|40884258|60
18.9479|baseline|92.53091|10.8072|0|0|False|1:1|132|132|40884258|60
18.9583|baseline|93.40295|10.7063|0|0|False|1:1|132|132|40884258|60
18.96956|baseline|90.7663|11.0173|0|0|False|1:1|132|132|40884258|60
18.98009|baseline|92.64408|10.794|0|0|False|1:1|132|132|40884258|60
18.9909|baseline|93.75149|10.6665|0|0|False|1:1|132|132|40884258|60
19.00131|baseline|94.5546|10.5759|0|0|False|1:1|132|132|40884258|60
19.0122|baseline|93.54095|10.69051|0|0|False|1:1|132|132|40884258|60
19.02258|baseline|94.65665|10.5645|0|0|False|1:1|132|132|40884258|60
19.03383|baseline|90.08118|11.1011|0|0|False|1:1|133|133|40884260|60
19.04478|baseline|91.3634|10.9453|0|0|False|1:1|132|132|40884258|60
19.0553|baseline|93.89584|10.6501|0|0|False|1:1|132|132|40884258|60
19.06599|baseline|94.45543|10.587|0|0|False|1:1|132|132|40884258|60
19.07644|baseline|94.51261|10.5806|0|0|False|1:1|132|132|40884258|60
19.08963|baseline|76.63892|13.0482|0|0|False|1:1|132|132|40884258|60
19.1026|baseline|76.4409|13.082|0|0|False|1:1|132|132|40884258|60
19.11344|baseline|93.74446|10.6673|0|0|False|1:1|132|132|40884258|60
19.12388|baseline|93.91608|10.6478|0|0|False|1:1|132|132|40884258|60
19.13497|baseline|91.88733|10.88289|0|0|False|1:1|132|132|40884258|60
19.1455|baseline|94.59751|10.5711|0|0|False|1:1|132|132|40884258|60
19.15593|baseline|94.27911|10.6068|0|0|False|1:1|132|132|40884258|60
19.1667|baseline|94.23473|10.6118|0|0|False|1:1|132|132|40884258|60
19.1772|baseline|93.96555|10.6422|0|0|False|1:1|132|132|40884258|60
19.18805|baseline|93.60493|10.6832|0|0|False|1:1|132|132|40884258|60
19.19923|baseline|88.1655|11.34231|0|0|False|1:1|133|133|40884260|60
19.21027|baseline|91.78185|10.8954|0|0|False|1:1|132|132|40884258|60
19.22082|baseline|93.46847|10.6988|0|0|False|1:1|132|132|40884258|60
19.23169|baseline|93.71015|10.6712|0|0|False|1:1|132|132|40884258|60
19.242|baseline|94.94693|10.5322|0|0|False|1:1|132|132|40884258|60
19.25292|baseline|93.20708|10.7288|0|0|False|1:1|132|132|40884258|60
19.26334|baseline|94.35564|10.5982|0|0|False|1:1|132|132|40884258|60
19.27432|baseline|92.27135|10.8376|0|0|False|1:1|132|132|40884258|60
19.28507|baseline|93.12288|10.7385|0|0|False|1:1|132|132|40884258|60
19.29562|baseline|93.37502|10.7095|0|0|False|1:1|132|132|40884258|60
19.30655|baseline|93.24533|10.7244|0|0|False|1:1|132|132|40884258|60
19.3172|baseline|92.33439|10.8302|0|0|False|1:1|132|132|40884258|60
19.32803|baseline|93.47713|10.6978|0|0|False|1:1|132|132|40884258|60
19.33904|baseline|89.71107|11.1469|0|0|False|1:1|132|132|40884258|60
19.34982|baseline|93.96992|10.6417|0|0|False|1:1|132|132|40884258|60
19.36355|baseline|72.01705|13.8856|0|0|False|1:1|133|133|40884260|60
19.37651|baseline|78.52499|12.7348|0|0|False|1:1|132|132|40884258|60
19.38715|baseline|93.33408|10.7142|0|0|False|1:1|132|132|40884258|60
19.39773|baseline|93.20708|10.7288|0|0|False|1:1|132|132|40884258|60
19.40873|baseline|92.37361|10.8256|0|0|False|1:1|132|132|40884258|60
19.41923|baseline|94.00443|10.6378|0|0|False|1:1|132|132|40884258|60
19.43023|baseline|92.19312|10.8468|0|0|False|1:1|132|132|40884258|60
19.44073|baseline|93.46315|10.6994|0|0|False|1:1|132|132|40884258|60
19.45165|baseline|94.90816|10.5365|0|0|False|1:1|132|132|40884258|60
19.46239|baseline|89.88116|11.1258|0|0|False|1:1|132|132|40884258|60
19.47345|baseline|92.7008|10.78739|0|0|False|1:1|132|132|40884258|60
19.48404|baseline|92.71102|10.7862|0|0|False|1:1|132|132|40884258|60
19.49503|baseline|92.13197|10.854|0|0|False|1:1|132|132|40884258|60
19.50575|baseline|92.87981|10.7666|0|0|False|1:1|132|132|40884258|60
19.51612|baseline|94.87486|10.5402|0|0|False|1:1|131|131|40525650|60
19.52771|baseline|89.03054|11.2321|0|0|False|1:1|133|133|40884260|60
19.53845|baseline|90.28612|11.0759|0|0|False|1:1|132|132|40884258|60
19.54932|baseline|93.36458|10.7107|0|0|False|1:1|132|132|40884258|60
19.55981|baseline|93.84914|10.6554|0|0|False|1:1|132|132|40884258|60
19.57086|baseline|92.24072|10.8412|0|0|False|1:1|132|132|40884258|60
19.58129|baseline|94.09995|10.627|0|0|False|1:1|132|132|40884258|60
19.59211|baseline|94.0415|10.6336|0|0|False|1:1|132|132|40884258|60
19.60268|baseline|93.06651|10.745|0|0|False|1:1|132|132|40884258|60
19.61368|baseline|92.45307|10.8163|0|0|False|1:1|132|132|40884258|60
19.62407|baseline|94.83616|10.5445|0|0|False|1:1|132|132|40884258|60
19.63484|baseline|93.87029|10.653|0|0|False|1:1|132|132|40884258|60
19.64548|baseline|94.14245|10.6222|0|0|False|1:1|132|132|40884258|60
19.65607|baseline|92.79363|10.7766|0|0|False|1:1|132|132|40884258|60
19.66808|baseline|84.12765|11.8867|0|0|False|1:1|132|132|40884258|60
19.6797|baseline|85.07888|11.7538|0|0|False|1:1|132|132|40884258|60
19.69317|baseline|75.27399|13.2848|0|0|False|1:1|133|133|40884260|60
19.7039|baseline|91.77509|10.8962|0|0|False|1:1|132|132|40884258|60
19.71468|baseline|94.28806|10.6058|0|0|False|1:1|132|132|40884258|60
19.72529|baseline|93.58562|10.6854|0|0|False|1:1|132|132|40884258|60
19.73576|baseline|94.53763|10.5778|0|0|False|1:1|132|132|40884258|60
19.74653|baseline|94.25871|10.6091|0|0|False|1:1|132|132|40884258|60
19.75715|baseline|92.68697|10.789|0|0|False|1:1|132|132|40884258|60
19.76816|baseline|92.47785|10.8134|0|0|False|1:1|132|132|40884258|60
19.77861|baseline|94.17883|10.6181|0|0|False|1:1|132|132|40884258|60
19.78964|baseline|91.84678|10.8877|0|0|False|1:1|131|131|40884257|60
19.80012|baseline|93.88878|10.6509|0|0|False|1:1|132|132|40884258|60
19.81106|baseline|93.0492|10.747|0|0|False|1:1|132|132|40884258|60
19.82141|baseline|94.95773|10.531|0|0|False|1:1|132|132|40884258|60
19.83224|baseline|93.95054|10.6439|0|0|False|1:1|132|132|40884258|60
19.84286|baseline|92.64146|10.7943|0|0|False|1:1|132|132|40884258|60
19.85509|baseline|82.7527|12.0842|0|0|False|1:1|133|133|40884260|60
19.86814|baseline|78.07318|12.8085|0|0|False|1:1|132|132|40884258|60
19.87837|baseline|94.68796|10.56101|0|0|False|1:1|132|132|40884258|60
19.8896|baseline|91.7238|10.9023|0|0|False|1:1|132|132|40884258|60
19.89978|baseline|94.52059|10.57971|0|0|False|1:1|132|132|40884258|60
19.9106|baseline|93.71196|10.671|0|0|False|1:1|132|132|40884258|60
19.92107|baseline|94.40728|10.5924|0|0|False|1:1|132|132|40884258|60
19.93181|baseline|94.83801|10.5443|0|0|False|1:1|132|132|40884258|60
19.94215|baseline|94.60113|10.5707|0|0|False|1:1|132|132|40884258|60
19.95318|baseline|92.24326|10.8409|0|0|False|1:1|132|132|40884258|60
19.96361|baseline|94.39307|10.594|0|0|False|1:1|132|132|40884258|60
19.97456|baseline|92.95408|10.758|0|0|False|1:1|132|132|40884258|60
19.98522|baseline|93.68559|10.674|0|0|False|1:1|132|132|40884258|60
19.99591|baseline|92.36079|10.8271|0|0|False|1:1|132|132|40884258|60
20.00676|baseline|92.99297|10.7535|0|0|False|1:1|132|132|40884258|60
20.01774|baseline|89.85216|11.12939|0|0|False|1:1|133|133|40884260|60
20.02886|baseline|91.34087|10.948|0|0|False|1:1|132|132|40884258|60
20.03938|baseline|93.49899|10.6953|0|0|False|1:1|132|132|40884258|60
20.05023|baseline|93.66451|10.6764|0|0|False|1:1|132|132|40884258|60
20.06063|baseline|94.55283|10.5761|0|0|False|1:1|131|131|40525650|60
20.07148|baseline|93.95498|10.6434|0|0|False|1:1|132|132|40884258|60
20.08197|baseline|93.5585|10.6885|0|0|False|1:1|132|132|40884258|60
20.09283|baseline|93.6619|10.6767|0|0|False|1:1|132|132|40884258|60
20.1033|baseline|93.81918|10.6588|0|0|False|1:1|132|132|40884258|60
20.11426|baseline|92.82465|10.773|0|0|False|1:1|132|132|40884258|60
20.12488|baseline|93.85356|10.6549|0|0|False|1:1|132|132|40884258|60
20.13541|baseline|93.59877|10.6839|0|0|False|1:1|132|132|40884258|60
20.14651|baseline|93.16881|10.73321|0|0|False|1:1|132|132|40884258|60
20.1569|baseline|93.03975|10.74809|0|0|False|1:1|132|132|40884258|60
20.16784|baseline|93.0154|10.75091|0|0|False|1:1|132|132|40884258|60
20.17897|baseline|88.61483|11.28479|0|0|False|1:1|133|133|40884260|60
20.19014|baseline|90.73998|11.0205|0|0|False|1:1|132|132|40884258|60
20.20076|baseline|93.20702|10.72881|0|0|False|1:1|132|132|40884258|60
20.21149|baseline|94.1265|10.624|0|0|False|1:1|132|132|40884258|60
20.22199|baseline|93.513|10.6937|0|0|False|1:1|132|132|40884258|60
20.23288|baseline|93.39164|10.7076|0|0|False|1:1|132|132|40884258|60
20.24322|baseline|95.16469|10.5081|0|0|False|1:1|132|132|40884258|60
20.25394|baseline|94.50547|10.5814|0|0|False|1:1|132|132|40884258|60
20.26463|baseline|93.91258|10.6482|0|0|False|1:1|132|131|40884058|60
20.27517|baseline|93.14365|10.7361|0|0|False|1:1|132|132|40884258|60
20.28616|baseline|92.54547|10.8055|0|0|False|1:1|132|132|40884258|60
20.29664|baseline|93.81569|10.6592|0|0|False|1:1|132|132|40884258|60
20.3074|baseline|94.29424|10.6051|0|0|False|1:1|132|132|40884258|60
20.31798|baseline|93.18449|10.7314|0|0|False|1:1|132|132|40884258|60
20.3288|baseline|94.30048|10.6044|0|0|False|1:1|131|131|40525650|60
20.33988|baseline|88.51361|11.2977|0|0|False|1:1|130|132|40525652|60
20.35145|baseline|87.81094|11.3881|0|0|False|1:1|132|132|40884258|60
20.36421|baseline|77.13967|12.9635|0|0|False|1:1|132|132|40884258|60
20.37548|baseline|90.47401|11.0529|0|0|False|1:1|131|131|40525650|60
20.38634|baseline|93.07344|10.7442|0|0|False|1:1|132|132|40884258|60
20.3968|baseline|92.80053|10.7758|0|0|False|1:1|132|132|40884258|60
20.40763|baseline|94.07693|10.6296|0|0|False|1:1|132|132|40884258|60
20.41814|baseline|93.4361|10.7025|0|0|False|1:1|132|132|40884258|60
20.42922|baseline|91.59104|10.9181|0|0|False|1:1|132|132|40884258|60
20.43976|baseline|93.32883|10.7148|0|0|False|1:1|132|132|40884258|60
20.4509|baseline|93.82979|10.6576|0|0|False|1:1|132|132|40884258|60
20.46112|baseline|93.45008|10.7009|0|0|False|1:1|132|132|40884258|60
20.47227|baseline|92.08693|10.8593|0|0|False|1:1|132|132|40884258|60
20.48279|baseline|93.08044|10.7434|0|0|False|1:1|132|132|40884258|60
20.49376|baseline|92.3054|10.8336|0|0|False|1:1|132|132|40884258|60
20.50501|baseline|88.74534|11.2682|0|0|False|1:1|133|133|40884260|60
20.51592|baseline|90.25597|11.0796|0|0|False|1:1|132|132|40884258|60
20.52678|baseline|93.54362|10.6902|0|0|False|1:1|132|132|40884258|60
20.53733|baseline|93.28181|10.7202|0|0|False|1:1|132|132|40884258|60
20.54815|baseline|94.44923|10.5877|0|0|False|1:1|132|132|40884258|60
20.55846|baseline|94.7481|10.5543|0|0|False|1:1|131|131|40884246|60
20.56939|baseline|93.12811|10.7379|0|0|False|1:1|132|132|40884258|60
20.57983|baseline|94.15395|10.6209|0|0|False|1:1|132|132|40884258|60
20.59072|baseline|93.62859|10.6805|0|0|False|1:1|132|132|40884258|60
20.60136|baseline|92.44538|10.8172|0|0|False|1:1|132|132|40884258|60
20.61213|baseline|94.29688|10.6048|0|0|False|1:1|132|132|40884258|60
20.6226|baseline|93.66718|10.6761|0|0|False|1:1|132|132|40884258|60
20.63372|baseline|91.32338|10.9501|0|0|False|1:1|132|132|40884258|60
20.6445|baseline|92.84876|10.7702|0|0|False|1:1|132|132|40884258|60
20.65505|baseline|93.11772|10.73909|0|0|False|1:1|132|130|40884258|60
20.66709|baseline|89.13767|11.2186|0|0|False|1:1|132|132|40884258|60
20.67735|baseline|90.2983|11.0744|0|0|False|1:1|132|132|40884258|60
20.68828|baseline|93.01897|10.7505|0|0|False|1:1|132|132|40884258|60
20.69881|baseline|93.91433|10.648|0|0|False|1:1|132|132|40884258|60
20.70959|baseline|94.14069|10.6224|0|0|False|1:1|132|132|40884258|60
20.72002|baseline|93.9029|10.6493|0|0|False|1:1|132|132|40884258|60
20.7311|baseline|93.7963|10.6614|0|0|False|1:1|132|132|40884258|60
20.74145|baseline|92.84876|10.7702|0|0|False|1:1|132|132|40884258|60
20.75258|baseline|91.2884|10.95429|0|0|False|1:1|132|132|40884258|60
20.76297|baseline|94.7544|10.5536|0|0|False|1:1|132|132|40884258|60
20.77388|baseline|92.89277|10.7651|0|0|False|1:1|131|130|40525650|60
20.7843|baseline|94.68796|10.56101|0|0|False|1:1|132|132|40884258|60
20.7952|baseline|93.25925|10.7228|0|0|False|1:1|132|132|40884258|60
20.8059|baseline|93.14974|10.7354|0|0|False|1:1|132|132|40884258|60
20.8164|baseline|93.83591|10.6569|0|0|False|1:1|132|132|40884258|60
20.82763|baseline|90.54117|11.0447|0|0|False|1:1|133|133|40884260|60
20.83896|baseline|89.50873|11.17209|0|0|False|1:1|132|132|40884258|60
20.84958|baseline|92.5018|10.8106|0|0|False|1:1|132|132|40884258|60
20.86019|baseline|93.08646|10.7427|0|0|False|1:1|132|132|40884258|60
20.87344|baseline|76.01036|13.1561|0|0|False|1:1|132|132|40884258|60
20.88416|baseline|92.71706|10.7855|0|0|False|1:1|132|132|40884258|60
20.89512|baseline|92.98605|10.7543|0|0|False|1:1|132|132|40884258|60
20.90582|baseline|93.32803|10.7149|0|0|False|1:1|132|132|40884258|60
20.91616|baseline|94.67455|10.5625|0|0|False|1:1|131|132|40884258|60
20.92696|baseline|94.08577|10.6286|0|0|False|1:1|132|132|40884258|60
20.93742|baseline|93.84557|10.6558|0|0|False|1:1|132|132|40884258|60
20.94848|baseline|92.28754|10.8357|0|0|False|1:1|132|132|40884258|60
20.95899|baseline|93.15933|10.7343|0|0|False|1:1|132|132|40884258|60
20.9699|baseline|93.45181|10.7007|0|0|False|1:1|131|131|40884058|60
20.98032|baseline|94.22586|10.6128|0|0|False|1:1|132|132|40884258|60
20.99184|baseline|88.4486|11.306|0|0|False|1:1|133|133|40884260|60
21.0029|baseline|89.34553|11.1925|0|0|False|1:1|132|132|40884258|60
21.01381|baseline|92.76698|10.7797|0|0|False|1:1|132|132|40884258|60
21.02498|baseline|89.52951|11.1695|0|0|False|1:1|132|132|40884258|60
21.03559|baseline|92.46677|10.8147|0|0|False|1:1|132|132|40884258|60
21.04641|baseline|93.77785|10.6635|0|0|False|1:1|132|132|40884258|60
21.0569|baseline|93.76376|10.6651|0|0|False|1:1|132|132|40884258|60
21.06761|baseline|94.73551|10.5557|0|0|False|1:1|132|132|40884258|60
21.07817|baseline|93.38027|10.7089|0|0|False|1:1|132|132|40884258|60
21.08907|baseline|93.49466|10.6958|0|0|False|1:1|132|132|40884258|60
21.09951|baseline|93.81039|10.6598|0|0|False|1:1|132|132|40884258|60
21.11032|baseline|94.19121|10.6167|0|0|False|1:1|132|132|40884258|60
21.12087|baseline|93.31846|10.71599|0|0|False|1:1|132|132|40884258|60
21.13181|baseline|93.25224|10.7236|0|0|False|1:1|132|132|40884258|60
21.14212|baseline|94.87218|10.5405|0|0|False|1:1|132|132|40884258|60
21.15337|baseline|90.13716|11.0942|0|0|False|1:1|133|133|40884260|60
21.16411|baseline|91.8105|10.892|0|0|False|1:1|132|132|40884258|60
21.17484|baseline|94.38953|10.59439|0|0|False|1:1|132|132|40884258|60
21.18556|baseline|93.90552|10.649|0|0|False|1:1|132|132|40884258|60
21.19618|baseline|92.94453|10.75911|0|0|False|1:1|132|132|40884258|60
21.20684|baseline|94.57431|10.5737|0|0|False|1:1|132|132|40884258|60
21.21717|baseline|95.21721|10.5023|0|0|False|1:1|132|132|40884258|60
21.22785|baseline|95.0878|10.5166|0|0|False|1:1|132|132|40884258|60
21.23839|baseline|93.49899|10.6953|0|0|False|1:1|132|132|40884258|60
21.24917|baseline|94.24896|10.6102|0|0|False|1:1|132|132|40884258|60
21.25961|baseline|94.68262|10.5616|0|0|False|1:1|132|132|40884258|60
21.27046|baseline|93.28965|10.7193|0|0|False|1:1|132|132|40884258|60
21.28091|baseline|94.27023|10.6078|0|0|False|1:1|132|132|40884258|60
21.29175|baseline|94.00793|10.6374|0|0|False|1:1|132|132|40884258|60
21.30234|baseline|92.60887|10.7981|0|0|False|1:1|132|132|40884258|60
21.31379|baseline|89.78355|11.1379|0|0|False|1:1|133|133|40884260|60
21.32469|baseline|91.03406|10.9849|0|0|False|1:1|132|132|40884258|60
21.33505|baseline|94.34498|10.5994|0|0|False|1:1|132|131|40884258|60
21.34596|baseline|93.30877|10.71711|0|0|False|1:1|132|132|40884258|60
21.35641|baseline|94.02829|10.6351|0|0|False|1:1|132|132|40884258|60
21.36728|baseline|93.17496|10.7325|0|0|False|1:1|132|132|40884258|60
21.38021|baseline|76.5058|13.0709|0|0|False|1:1|132|132|40884258|60
21.39297|baseline|79.49505|12.5794|0|0|False|1:1|132|132|40884258|60
21.40534|baseline|80.46674|12.42749|0|0|False|1:1|132|132|40884258|60
21.41708|baseline|84.67899|11.8093|0|0|False|1:1|132|132|40884258|60
21.43043|baseline|75.72603|13.2055|0|0|False|1:1|129|129|40166842|60
21.44097|baseline|93.54189|10.6904|0|0|False|1:1|132|132|40884258|60
21.45198|baseline|94.02121|10.6359|0|0|False|1:1|132|132|40884258|60
21.46264|baseline|90.4576|11.0549|0|0|False|1:1|132|132|40884258|60
21.4735|baseline|93.4684|10.6988|0|0|False|1:1|132|132|40884258|60
21.4851|baseline|87.2989|11.4549|0|0|False|1:1|133|133|40884260|60
21.49582|baseline|90.93557|10.9968|0|0|False|1:1|132|132|40884258|60
21.50665|baseline|93.37502|10.7095|0|0|False|1:1|132|132|40884258|60
21.51711|baseline|93.97963|10.6406|0|0|False|1:1|132|132|40884258|60
21.52796|baseline|94.03624|10.6342|0|0|False|1:1|132|132|40884258|60
21.53852|baseline|93.31927|10.7159|0|0|False|1:1|132|132|40884258|60
21.54972|baseline|91.12282|10.9742|0|0|False|1:1|132|132|40884258|60
21.56017|baseline|93.42305|10.704|0|0|False|1:1|132|132|40884258|60
21.57118|baseline|92.5677|10.80291|0|0|False|1:1|132|132|40884258|60
21.58155|baseline|94.34763|10.5991|0|0|False|1:1|132|132|40884258|60
21.59241|baseline|93.30711|10.7173|0|0|False|1:1|132|132|40884258|60
21.603|baseline|93.45008|10.7009|0|0|False|1:1|132|132|40884258|60
21.61403|baseline|91.73304|10.9012|0|0|False|1:1|132|132|40884258|60
21.62457|baseline|95.01277|10.5249|0|0|False|1:1|132|132|40884258|60
21.63519|baseline|92.71877|10.7853|0|0|False|1:1|132|132|40884258|60
21.6466|baseline|88.97593|11.23899|0|0|False|1:1|133|133|40884260|60
21.65732|baseline|91.68167|10.90731|0|0|False|1:1|132|132|40884258|60
21.66794|baseline|95.74695|10.4442|0|0|False|1:1|132|132|40884258|60
21.6783|baseline|94.8398|10.5441|0|0|False|1:1|132|132|40884258|60
21.68918|baseline|93.6084|10.6828|0|0|False|1:1|132|132|40884258|60
21.69963|baseline|94.12299|10.6244|0|0|False|1:1|132|132|40884258|60
21.71037|baseline|94.41265|10.5918|0|0|False|1:1|132|132|40884258|60
21.7209|baseline|93.91696|10.6477|0|0|False|1:1|132|132|40884258|60
21.73157|baseline|94.85146|10.5428|0|0|False|1:1|132|132|40884258|60
21.74192|baseline|94.9037|10.537|0|0|False|1:1|132|132|40884258|60
21.75276|baseline|94.01676|10.6364|0|0|False|1:1|132|132|40884258|60
21.76309|baseline|95.05072|10.5207|0|0|False|1:1|132|132|40884258|60
21.77393|baseline|93.62946|10.6804|0|0|False|1:1|132|132|40884258|60
21.78455|baseline|94.18945|10.6169|0|0|False|1:1|132|132|40884258|60
21.79501|baseline|94.51977|10.5798|0|0|False|1:1|132|132|40884258|60
21.8064|baseline|89.06623|11.2276|0|0|False|1:1|133|133|40884260|60
21.81719|baseline|91.26248|10.95741|0|0|False|1:1|131|131|40525650|60
21.82775|baseline|95.89661|10.4279|0|0|False|1:1|132|132|40884258|60
21.83842|baseline|92.5215|10.8083|0|0|False|1:1|132|132|40884258|60
21.84919|baseline|94.27471|10.6073|0|0|False|1:1|132|132|40884258|60
21.85967|baseline|93.80683|10.6602|0|0|False|1:1|132|132|40884258|60
21.87056|baseline|92.98869|10.754|0|0|False|1:1|132|132|40884258|60
21.88419|baseline|72.81993|13.7325|0|0|False|1:1|132|132|40884258|60
21.8944|baseline|99.24378|10.0762|0|0|False|1:1|132|132|40884258|60
21.90532|baseline|91.9557|10.8748|0|0|False|1:1|132|132|40884258|60
21.91591|baseline|93.92409|10.6469|0|0|False|1:1|132|132|40884258|60
21.92677|baseline|92.35995|10.8272|0|0|False|1:1|132|132|40884258|60
21.93734|baseline|92.84106|10.7711|0|0|False|1:1|132|132|40884258|60
21.94817|baseline|93.84645|10.6557|0|0|False|1:1|132|132|40884258|60
21.95871|baseline|93.29144|10.7191|0|0|False|1:1|132|132|40884258|60
21.97015|baseline|88.5779|11.2895|0|0|False|1:1|133|133|40884260|60
21.98097|baseline|91.42603|10.9378|0|0|False|1:1|132|132|40884258|60
21.99187|baseline|93.29057|10.7192|0|0|False|1:1|132|132|40884258|60
22.00239|baseline|93.34451|10.713|0|0|False|1:1|132|132|40884258|60
22.01328|baseline|93.24095|10.7249|0|0|False|1:1|132|132|40884258|60
22.02454|baseline|88.97352|11.2393|0|0|False|1:1|132|132|40884258|60
22.03515|baseline|92.92041|10.7619|0|0|False|1:1|132|132|40884258|60
22.04609|baseline|93.00076|10.7526|0|0|False|1:1|132|132|40884258|60
22.05673|baseline|92.08273|10.8598|0|0|False|1:1|132|132|40884258|60
22.06762|baseline|93.34717|10.7127|0|0|False|1:1|132|132|40884258|60
22.07821|baseline|92.8324|10.7721|0|0|False|1:1|132|132|40884258|60
22.08956|baseline|92.42831|10.8192|0|0|False|1:1|132|132|40884258|60
22.0997|baseline|94.4572|10.58681|0|0|False|1:1|132|132|40884258|60
22.11046|baseline|93.54015|10.6906|0|0|False|1:1|132|132|40884258|60
22.12102|baseline|93.23837|10.7252|0|0|False|1:1|132|132|40884258|60
22.13249|baseline|88.61082|11.2853|0|0|False|1:1|133|133|40884260|60
22.14322|baseline|91.71957|10.9028|0|0|False|1:1|132|132|40884258|60
22.15405|baseline|93.65313|10.6777|0|0|False|1:1|132|132|40884258|60
22.16489|baseline|92.52836|10.8075|0|0|False|1:1|132|132|40884258|60
22.17534|baseline|94.11853|10.6249|0|0|False|1:1|132|132|40884258|60
22.18645|baseline|93.59351|10.6845|0|0|False|1:1|132|132|40884258|60
22.19667|baseline|93.76551|10.6649|0|0|False|1:1|132|132|40884258|60
22.20758|baseline|93.11508|10.7394|0|0|False|1:1|132|132|40884258|60
22.21811|baseline|93.40295|10.7063|0|0|False|1:1|132|132|40884258|60
22.2294|baseline|93.07|10.7446|0|0|False|1:1|132|132|40884258|60
22.2397|baseline|92.26031|10.8389|0|0|False|1:1|131|131|40525650|60
22.25052|baseline|93.65046|10.678|0|0|False|1:1|132|132|40884258|60
22.2612|baseline|93.90377|10.6492|0|0|False|1:1|132|132|40884258|60
22.27177|baseline|94.58236|10.5728|0|0|False|1:1|132|132|40884258|60
22.28233|baseline|93.25747|10.723|0|0|False|1:1|132|132|40884258|60
22.29396|baseline|88.75081|11.2675|0|0|False|1:1|133|133|40884260|60
22.3052|baseline|87.60326|11.4151|0|0|False|1:1|132|132|40884258|60
22.31575|baseline|93.09862|10.7413|0|0|False|1:1|132|132|40884258|60
22.32652|baseline|94.20454|10.6152|0|0|False|1:1|132|132|40884258|60
22.33714|baseline|92.6501|10.7933|0|0|False|1:1|132|132|40884258|60
22.34815|baseline|92.79705|10.77621|0|0|False|1:1|132|132|40884258|60
22.3587|baseline|92.7532|10.7813|0|0|False|1:1|132|132|40884258|60
22.36944|baseline|94.7598|10.553|0|0|False|1:1|132|132|40884258|60
22.37997|baseline|93.33494|10.7141|0|0|False|1:1|132|132|40884258|60
22.39312|baseline|77.32815|12.9319|0|0|False|1:1|132|132|40884258|60
22.40396|baseline|90.82735|11.0099|0|0|False|1:1|132|132|40884258|60
22.41514|baseline|92.04459|10.8643|0|0|False|1:1|132|132|40884258|60
22.42558|baseline|93.76289|10.6652|0|0|False|1:1|132|132|40884258|60
22.43621|baseline|93.07172|10.7444|0|0|False|1:1|132|132|40884258|60
22.44746|baseline|90.21853|11.0842|0|0|False|1:1|132|132|40884258|60
22.45905|baseline|84.88099|11.7812|0|0|False|1:1|133|133|40884260|60
22.47033|baseline|90.32772|11.0708|0|0|False|1:1|132|131|40525650|60
22.48084|baseline|93.48766|10.6966|0|0|False|1:1|132|132|40884258|60
22.4918|baseline|92.5677|10.80291|0|0|False|1:1|132|132|40884258|60
22.50238|baseline|93.16543|10.73359|0|0|False|1:1|132|132|40884258|60
22.51333|baseline|92.52406|10.808|0|0|False|1:1|132|132|40884258|60
22.5239|baseline|93.10814|10.7402|0|0|False|1:1|132|132|40884258|60
22.53478|baseline|93.43437|10.7027|0|0|False|1:1|132|132|40884258|60
22.54553|baseline|93.67152|10.6756|0|0|False|1:1|132|132|40884258|60
22.55623|baseline|92.22372|10.8432|0|0|False|1:1|132|132|40884258|60
22.56738|baseline|90.38483|11.0638|0|0|False|1:1|132|132|40884258|60
22.57786|baseline|93.80602|10.6603|0|0|False|1:1|132|132|40884258|60
22.58896|baseline|91.25169|10.9587|0|0|False|1:1|132|132|40884258|60
22.59936|baseline|94.71401|10.5581|0|0|False|1:1|132|132|40884258|60
22.61053|baseline|93.79281|10.6618|0|0|False|1:1|132|132|40884258|60
22.6213|baseline|88.9039|11.2481|0|0|False|1:1|133|133|40884260|60
22.6326|baseline|89.64188|11.1555|0|0|False|1:1|132|132|40884258|60
22.64301|baseline|94.61273|10.5694|0|0|False|1:1|132|132|40884258|60
22.65389|baseline|93.54536|10.69|0|0|False|1:1|132|132|40884258|60
22.66518|baseline|88.50029|11.2994|0|0|False|1:1|132|132|40884258|60
22.67545|baseline|95.59953|10.4603|0|0|False|1:1|132|132|40884258|60
22.68635|baseline|93.41952|10.7044|0|0|False|1:1|132|131|40884258|60
22.6967|baseline|94.93882|10.5331|0|0|False|1:1|132|132|40884258|60
22.7076|baseline|93.32623|10.7151|0|0|False|1:1|132|132|40884258|60
22.71818|baseline|92.97919|10.75509|0|0|False|1:1|132|132|40884258|60
22.72899|baseline|93.89847|10.6498|0|0|False|1:1|132|132|40884258|60
22.73947|baseline|93.89759|10.6499|0|0|False|1:1|132|132|40884258|60
22.75037|baseline|94.47775|10.5845|0|0|False|1:1|132|132|40884258|60
22.76075|baseline|93.50866|10.6942|0|0|False|1:1|132|132|40884258|60
22.77152|baseline|94.00705|10.6375|0|0|False|1:1|132|132|40884258|60
22.78263|baseline|88.83836|11.2564|0|0|False|1:1|133|133|40884260|60
22.79382|baseline|90.97854|10.9916|0|0|False|1:1|132|132|40884258|60
22.80435|baseline|93.88878|10.6509|0|0|False|1:1|132|132|40884258|60
22.81511|baseline|94.06012|10.6315|0|0|False|1:1|132|132|40884258|60
22.82573|baseline|93.66978|10.6758|0|0|False|1:1|132|132|40884258|60
22.83623|baseline|94.11853|10.6249|0|0|False|1:1|132|132|40884258|60
22.84706|baseline|93.70841|10.6714|0|0|False|1:1|132|132|40884258|60
22.85742|baseline|94.79482|10.5491|0|0|False|1:1|132|132|40884258|60
22.86815|baseline|94.66109|10.564|0|0|False|1:1|132|132|40884258|60
22.87867|baseline|93.65052|10.678|0|0|False|1:1|132|132|40884258|60
22.88963|baseline|93.15755|10.7345|0|0|False|1:1|132|132|40884258|60
22.90291|baseline|73.93774|13.52489|0|0|False|1:1|132|132|40884258|60
22.91337|baseline|97.59424|10.24651|0|0|False|1:1|132|132|40884258|60
22.92387|baseline|93.4938|10.6959|0|0|False|1:1|132|132|40884258|60
22.9348|baseline|93.01025|10.7515|0|0|False|1:1|132|132|40884258|60
22.94621|baseline|88.04834|11.3574|0|0|False|1:1|133|133|40884260|60
22.95703|baseline|90.71036|11.0241|0|0|False|1:1|132|132|40884258|60
22.96798|baseline|92.58658|10.8007|0|0|False|1:1|130|130|40525450|60
22.97847|baseline|94.37079|10.5965|0|0|False|1:1|132|132|40884258|60
22.98989|baseline|88.35639|11.3178|0|0|False|1:1|132|132|40884258|60
23.00044|baseline|93.39164|10.7076|0|0|False|1:1|131|131|40884058|60
23.01165|baseline|91.28333|10.9549|0|0|False|1:1|132|132|40884258|60
23.02199|baseline|94.30943|10.60339|0|0|False|1:1|132|132|40884258|60
23.03285|baseline|93.4361|10.7025|0|0|False|1:1|132|132|40884258|60
23.04334|baseline|94.36807|10.5968|0|0|False|1:1|132|132|40884258|60
23.05441|baseline|91.70693|10.9043|0|0|False|1:1|132|132|40884258|60
23.06516|baseline|93.16715|10.7334|0|0|False|1:1|132|132|40884258|60
23.07553|baseline|94.25784|10.6092|0|0|False|1:1|132|132|40884258|60
23.08643|baseline|93.26702|10.7219|0|0|False|1:1|132|132|40884258|60
23.097|baseline|93.05356|10.7465|0|0|False|1:1|132|132|40884258|60
23.10866|baseline|89.08292|11.2255|0|0|False|1:1|133|133|40884260|60
23.11932|baseline|90.23641|11.082|0|0|False|1:1|132|132|40884258|60
23.12995|baseline|95.50002|10.4712|0|0|False|1:1|132|132|40884258|60
23.14042|baseline|93.94966|10.644|0|0|False|1:1|132|132|40884258|60
23.15138|baseline|94.39036|10.5943|0|0|False|1:1|132|132|40884258|60
23.16162|baseline|94.37968|10.5955|0|0|False|1:1|132|132|40884258|60
23.17229|baseline|95.13569|10.5113|0|0|False|1:1|132|132|40884258|60
23.18275|baseline|94.00092|10.63819|0|0|False|1:1|132|132|40884258|60
23.19353|baseline|94.33962|10.6|0|0|False|1:1|132|132|40884258|60
23.20402|baseline|93.74003|10.6678|0|0|False|1:1|132|132|40884258|60
23.21494|baseline|93.16537|10.7336|0|0|False|1:1|132|132|40884258|60
23.22565|baseline|93.51913|10.693|0|0|False|1:1|132|132|40884258|60
23.23606|baseline|94.34675|10.5992|0|0|False|1:1|132|132|40884258|60
23.24679|baseline|94.57963|10.5731|0|0|False|1:1|132|132|40884258|60
23.25771|baseline|90.18111|11.0888|0|0|False|1:1|132|132|40884258|60
23.26896|baseline|90.56818|11.0414|0|0|False|1:1|131|130|40167044|60
23.27985|baseline|90.28773|11.0757|0|0|False|1:1|132|132|40884258|60
23.29063|baseline|94.22675|10.6127|0|0|False|1:1|132|132|40884258|60
23.30107|baseline|94.13096|10.6235|0|0|False|1:1|132|132|40884258|60
23.31191|baseline|94.09104|10.62801|0|0|False|1:1|132|132|40884258|60
23.32275|baseline|90.51004|11.0485|0|0|False|1:1|132|132|40884258|60
23.33348|baseline|94.69698|10.56|0|0|False|1:1|132|132|40884258|60
23.34395|baseline|93.92315|10.647|0|0|False|1:1|132|132|40884258|60
23.35529|baseline|91.53401|10.9249|0|0|False|1:1|132|132|40884258|60
23.36564|baseline|94.25871|10.6091|0|0|False|1:1|132|132|40884258|60
23.37604|baseline|94.75713|10.5533|0|0|False|1:1|132|132|40884258|60
23.38703|baseline|92.36079|10.8271|0|0|False|1:1|132|132|40884258|60
23.39763|baseline|93.07264|10.7443|0|0|False|1:1|132|132|40884258|60
23.41105|baseline|75.49847|13.2453|0|0|False|1:1|132|132|40884258|60
23.42147|baseline|94.26847|10.608|0|0|False|1:1|132|132|40884258|60
23.43294|baseline|88.79654|11.2617|0|0|False|1:1|133|133|40884260|60
23.4437|baseline|91.18346|10.9669|0|0|False|1:1|132|132|40884258|60
23.45459|baseline|93.59791|10.684|0|0|False|1:1|132|132|40884258|60
23.46519|baseline|94.50274|10.5817|0|0|False|1:1|132|132|40884258|60
23.47561|baseline|93.97613|10.641|0|0|False|1:1|132|132|40884258|60
23.48672|baseline|91.52481|10.926|0|0|False|1:1|132|132|40884258|60
23.49716|baseline|94.27735|10.607|0|0|False|1:1|132|132|40884258|60
23.50801|baseline|93.75411|10.6662|0|0|False|1:1|132|132|40884258|60
23.51834|baseline|95.04169|10.5217|0|0|False|1:1|132|132|40884258|60
23.52949|baseline|91.06554|10.9811|0|0|False|1:1|132|132|40884258|60
23.53996|baseline|94.00529|10.6377|0|0|False|1:1|132|130|40525650|60
23.55077|baseline|94.42604|10.5903|0|0|False|1:1|132|132|40884258|60
23.56139|baseline|92.57201|10.8024|0|0|False|1:1|132|132|40884258|60
23.5723|baseline|92.54462|10.8056|0|0|False|1:1|132|132|40884258|60
23.58273|baseline|94.33962|10.6|0|0|False|1:1|131|131|40525650|60
23.59409|baseline|89.48466|11.1751|0|0|False|1:1|133|133|40884260|60
23.605|baseline|91.79701|10.8936|0|0|False|1:1|132|132|40884258|60
23.6155|baseline|93.67152|10.6756|0|0|False|1:1|132|132|40884258|60
23.62633|baseline|93.9576|10.6431|0|0|False|1:1|132|132|40884258|60
23.63681|baseline|93.58829|10.6851|0|0|False|1:1|132|132|40884258|60
23.64792|baseline|91.99035|10.87071|0|0|False|1:1|132|132|40884258|60
23.65837|baseline|93.56291|10.688|0|0|False|1:1|132|132|40884258|60
23.66924|baseline|94.75797|10.5532|0|0|False|1:1|132|132|40884258|60
23.67954|baseline|94.26048|10.6089|0|0|False|1:1|132|132|40884258|60
23.69043|baseline|94.6907|10.5607|0|0|False|1:1|132|131|40884258|60
23.70064|baseline|94.69158|10.5606|0|0|False|1:1|132|132|40884258|60
23.71137|baseline|94.83711|10.5444|0|0|False|1:1|132|132|40884258|60
23.72195|baseline|93.20271|10.7293|0|0|False|1:1|132|132|40884258|60
23.73285|baseline|93.27399|10.7211|0|0|False|1:1|132|132|40884258|60
23.74329|baseline|94.14157|10.6223|0|0|False|1:1|132|132|40884258|60
23.75474|baseline|88.87943|11.2512|0|0|False|1:1|133|133|40884260|60
23.76571|baseline|90.87853|11.0037|0|0|False|1:1|132|132|40884258|60
23.77638|baseline|92.14465|10.8525|0|0|False|1:1|132|132|40884258|60
23.78929|baseline|78.09875|12.8043|0|0|False|1:1|132|132|40884258|60
23.80028|baseline|89.98956|11.1124|0|0|False|1:1|132|132|40884258|60
23.81094|baseline|96.52234|10.3603|0|0|False|1:1|132|132|40884258|60
23.8215|baseline|92.56514|10.8032|0|0|False|1:1|132|132|40884258|60
23.83233|baseline|93.46494|10.6992|0|0|False|1:1|132|132|40884258|60
23.84275|baseline|94.52869|10.5788|0|0|False|1:1|132|132|40884258|60
23.85365|baseline|92.93418|10.7603|0|0|False|1:1|132|132|40884258|60
23.86422|baseline|93.29144|10.7191|0|0|False|1:1|132|132|40884258|60
23.87505|baseline|93.77081|10.6643|0|0|False|1:1|132|132|40884258|60
23.88581|baseline|92.99383|10.7534|0|0|False|1:1|132|132|40884258|60
23.89665|baseline|90.76963|11.0169|0|0|False|1:1|132|132|40884258|60
23.90732|baseline|95.13479|10.5114|0|0|False|1:1|132|132|40884258|60
23.92205|baseline|67.08395|14.9067|0|0|False|1:1|132|132|40884258|60
23.93204|baseline|102.5526|9.751099|0|0|False|1:1|132|132|40884258|60
23.94239|baseline|94.66198|10.5639|0|0|False|1:1|132|132|40884258|60
23.95338|baseline|92.36684|10.8264|0|0|False|1:1|132|132|40884258|60
23.96398|baseline|92.92555|10.7613|0|0|False|1:1|132|132|40884258|60
23.97502|baseline|92.57285|10.8023|0|0|False|1:1|131|131|40882578|60
23.98565|baseline|93.67333|10.6754|0|0|False|1:1|132|132|40884258|60
23.99626|baseline|92.89534|10.7648|0|0|False|1:1|132|132|40884258|60
24.00721|baseline|92.80656|10.7751|0|0|False|1:1|132|132|40884258|60
24.0176|baseline|94.4885|10.5833|0|0|False|1:1|132|132|40884258|60
24.0288|baseline|91.15767|10.97|0|0|False|1:1|132|132|40884258|60
24.03932|baseline|92.95236|10.7582|0|0|False|1:1|132|131|40884058|60
24.05039|baseline|92.9904|10.7538|0|0|False|1:1|132|132|40884258|60
24.06075|baseline|93.94434|10.6446|0|0|False|1:1|131|132|40884258|60
24.0719|baseline|91.8316|10.8895|0|0|False|1:1|132|132|40884258|60
24.08288|baseline|88.7272|11.2705|0|0|False|1:1|132|132|40884248|60
24.0941|baseline|90.64702|11.0318|0|0|False|1:1|132|132|40884258|60
24.1047|baseline|93.95673|10.6432|0|0|False|1:1|132|132|40884258|60
24.11527|baseline|93.12897|10.7378|0|0|False|1:1|132|132|40884258|60
24.12633|baseline|92.21432|10.8443|0|0|False|1:1|132|132|40884258|60
24.13675|baseline|94.14954|10.6214|0|0|False|1:1|132|132|40884258|60
24.14769|baseline|92.83154|10.7722|0|0|False|1:1|132|132|40884258|60
24.1583|baseline|92.80827|10.7749|0|0|False|1:1|131|131|40525650|60
24.16908|baseline|93.93815|10.6453|0|0|False|1:1|132|132|40884258|60
24.17966|baseline|93.22796|10.7264|0|0|False|1:1|132|132|40884258|60
24.19041|baseline|94.4885|10.5833|0|0|False|1:1|132|132|40884258|60
24.20105|baseline|92.9247|10.7614|0|0|False|1:1|132|132|40884258|60
24.21192|baseline|93.23055|10.7261|0|0|False|1:1|132|132|40884258|60
24.22254|baseline|92.92121|10.76181|0|0|False|1:1|132|132|40884258|60
24.23347|baseline|92.46422|10.81499|0|0|False|1:1|132|132|40884258|60
24.24465|baseline|89.59687|11.1611|0|0|False|1:1|133|133|40884260|60
24.2555|baseline|90.61582|11.0356|0|0|False|1:1|132|132|40884258|60
24.26646|baseline|93.31142|10.7168|0|0|False|1:1|132|132|40884258|60
24.27697|baseline|93.05878|10.7459|0|0|False|1:1|132|132|40884258|60
24.28797|baseline|92.81261|10.7744|0|0|False|1:1|132|132|40884258|60
24.29843|baseline|93.62505|10.6809|0|0|False|1:1|132|132|40884258|60
24.3093|baseline|93.79369|10.6617|0|0|False|1:1|132|132|40884258|60
24.31983|baseline|94.03091|10.6348|0|0|False|1:1|132|132|40884258|60
24.33065|baseline|93.94172|10.6449|0|0|False|1:1|132|132|40884258|60
24.3413|baseline|91.84928|10.8874|0|0|False|1:1|132|132|40884258|60
24.35209|baseline|93.5541|10.689|0|0|False|1:1|132|132|40884258|60
24.3627|baseline|93.0891|10.7424|0|0|False|1:1|132|132|40884258|60
24.37366|baseline|92.42316|10.8198|0|0|False|1:1|132|132|40884258|60
24.38396|baseline|95.5566|10.465|0|0|False|1:1|132|132|40884258|60
24.39467|baseline|94.90816|10.5365|0|0|False|1:1|132|132|40884258|60
24.40591|baseline|89.03211|11.2319|0|0|False|1:1|133|133|40884260|60
24.41857|baseline|77.98731|12.8226|0|0|False|1:1|132|132|40884258|60
24.43206|baseline|74.53286|13.4169|0|0|False|1:1|132|132|40884258|60
24.44249|baseline|95.21181|10.5029|0|0|False|1:1|132|132|40884258|60
24.4533|baseline|94.03799|10.634|0|0|False|1:1|132|132|40884258|60
24.46378|baseline|93.79362|10.66171|0|0|False|1:1|132|132|40884258|60
24.47461|baseline|94.12562|10.6241|0|0|False|1:1|131|131|40525650|60
24.48515|baseline|94.79845|10.5487|0|0|False|1:1|132|132|40884258|60
24.49574|baseline|93.02497|10.7498|0|0|False|1:1|132|132|40884258|60
24.50711|baseline|92.33101|10.8306|0|0|False|1:1|132|132|40884258|60
24.5172|baseline|93.8623|10.6539|0|0|False|1:1|132|132|40884258|60
24.52843|baseline|91.00013|10.989|0|0|False|1:1|132|132|40884258|60
24.5388|baseline|94.44475|10.5882|0|0|False|1:1|132|132|40884258|60
24.54972|baseline|93.14889|10.7355|0|0|False|1:1|132|132|40884258|60
24.56019|baseline|93.95498|10.6434|0|0|False|1:1|132|132|40884258|60
24.57173|baseline|88.6548|11.27971|0|0|False|1:1|133|133|40884260|60
24.58242|baseline|90.90663|11.0003|0|0|False|1:1|131|131|40884058|60
24.59326|baseline|93.52614|10.6922|0|0|False|1:1|132|132|40884258|60
24.60373|baseline|94.19656|10.6161|0|0|False|1:1|132|132|40884258|60
24.61467|baseline|92.96529|10.7567|0|0|False|1:1|132|132|40884258|60
24.62532|baseline|93.83328|10.6572|0|0|False|1:1|132|132|40884258|60
24.63614|baseline|91.06637|10.981|0|0|False|1:1|132|132|40884258|60
24.647|baseline|95.0074|10.5255|0|0|False|1:1|132|132|40884258|60
24.65725|baseline|94.34851|10.599|0|0|False|1:1|132|132|40884258|60
24.66812|baseline|93.64083|10.6791|0|0|False|1:1|132|132|40884258|60
24.67849|baseline|94.66294|10.5638|0|0|False|1:1|132|132|40884258|60
24.68983|baseline|89.39986|11.1857|0|0|False|1:1|132|132|40884258|60
24.70016|baseline|95.35799|10.4868|0|0|False|1:1|132|132|40884258|60
24.71097|baseline|93.88435|10.6514|0|0|False|1:1|132|132|40884258|60
24.72158|baseline|92.87382|10.7673|0|0|False|1:1|131|131|40884058|60
24.73312|baseline|88.37354|11.3156|0|0|False|1:1|133|133|40884260|60
24.74388|baseline|91.13859|10.9723|0|0|False|1:1|132|132|40884258|60
24.75476|baseline|94.11589|10.6252|0|0|False|1:1|132|132|40884258|60
24.76533|baseline|93.69174|10.6733|0|0|False|1:1|132|132|40884258|60
24.77584|baseline|93.6979|10.6726|0|0|False|1:1|132|132|40884258|60
24.78689|baseline|92.56429|10.8033|0|0|False|1:1|132|132|40884258|60
24.79767|baseline|90.66676|11.0294|0|0|False|1:1|132|132|40884258|60
24.8086|baseline|92.88072|10.7665|0|0|False|1:1|132|132|40884258|60
24.81909|baseline|93.91171|10.6483|0|0|False|1:1|132|132|40884258|60
24.83004|baseline|93.62591|10.6808|0|0|False|1:1|132|132|40884258|60
24.8406|baseline|92.36938|10.8261|0|0|False|1:1|132|132|40884258|60
24.85189|baseline|94.03267|10.6346|0|0|False|1:1|132|132|40884258|60
24.86182|baseline|94.35829|10.5979|0|0|False|1:1|132|132|40884258|60
24.87269|baseline|93.74707|10.667|0|0|False|1:1|132|132|40884258|60
24.88323|baseline|93.09862|10.7413|0|0|False|1:1|132|132|40884258|60
24.89486|baseline|87.82565|11.3862|0|0|False|1:1|133|133|40884260|60
24.90587|baseline|90.1047|11.0982|0|0|False|1:1|132|132|40884258|60
24.91664|baseline|91.6943|10.9058|0|0|False|1:1|132|132|40884258|60
24.92762|baseline|92.72395|10.7847|0|0|False|1:1|130|130|40525450|60
24.94063|baseline|75.757|13.2001|0|0|False|1:1|132|132|40884258|60
24.95139|baseline|94.27735|10.607|0|0|False|1:1|132|132|40884258|60
24.962|baseline|92.64067|10.79439|0|0|False|1:1|132|132|40884258|60
24.97296|baseline|93.34105|10.7134|0|0|False|1:1|132|132|40884258|60
24.98347|baseline|93.04834|10.7471|0|0|False|1:1|132|132|40884258|60
24.99437|baseline|93.36285|10.7109|0|0|False|1:1|132|131|40884058|60
25.00501|baseline|93.90465|10.6491|0|0|False|1:1|132|132|40884258|60
25.01585|baseline|90.85706|11.0063|0|0|False|1:1|132|132|40884258|60
25.0266|baseline|94.65747|10.56441|0|0|False|1:1|131|131|40882578|60
25.07675|baseline|20.00124|49.9969|0|0|False|1:1|132|132|40884258|60
25.0906|baseline|71.21543|14.0419|0|0|False|1:1|133|133|40884260|60
25.10358|baseline|75.97803|13.1617|0|0|False|1:1|132|132|40884258|60
25.11311|baseline|108.0473|9.255201|0|0|False|1:1|132|132|40884258|60
25.12359|baseline|93.20795|10.7287|0|0|False|1:1|132|132|40884258|60
25.13442|baseline|93.94347|10.6447|0|0|False|1:1|132|132|40884258|60
25.14519|baseline|92.85738|10.7692|0|0|False|1:1|132|132|40884258|60
25.1556|baseline|94.34763|10.5991|0|0|False|1:1|132|132|40884258|60
25.16662|baseline|92.41463|10.8208|0|0|False|1:1|132|132|40884258|60
25.17708|baseline|94.26136|10.6088|0|0|False|1:1|131|131|40884058|60
25.18791|baseline|93.69529|10.6729|0|0|False|1:1|132|132|40884258|60
25.19838|baseline|93.67588|10.67511|0|0|False|1:1|132|132|40884258|60
25.20956|baseline|93.61369|10.6822|0|0|False|1:1|132|132|40884258|60
25.21978|baseline|93.3925|10.7075|0|0|False|1:1|132|132|40884258|60
25.23082|baseline|92.30968|10.8331|0|0|False|1:1|132|132|40884258|60
25.24166|baseline|92.24072|10.8412|0|0|False|1:1|132|132|40884258|60
25.25229|baseline|93.74003|10.6678|0|0|False|1:1|131|130|40167042|60
25.28414|baseline|31.46009|31.7863|0|0|False|1:1|132|132|40884258|60
25.29869|baseline|69.11758|14.4681|0|0|False|1:1|132|132|40884258|60
25.31358|baseline|66.38211|15.0643|0|0|False|1:1|132|132|40884258|60
25.32863|baseline|67.09157|14.905|0|0|False|1:1|132|132|40884258|60
25.34196|baseline|73.35307|13.6327|0|0|False|1:1|132|132|40884258|60
25.35567|baseline|73.6659|13.5748|0|0|False|1:1|132|132|40884258|60
25.36973|baseline|71.13237|14.0583|0|0|False|1:1|132|132|40884258|60
25.38377|baseline|70.46618|14.19121|0|0|False|1:1|132|132|40884258|60
25.39827|baseline|70.25384|14.2341|0|0|False|1:1|132|132|40884258|60
25.41262|baseline|69.77493|14.3318|0|0|False|1:1|132|132|40884258|60
25.42765|baseline|66.31959|15.0785|0|0|False|1:1|132|132|40884258|60
25.44124|baseline|72.55997|13.7817|0|0|False|1:1|130|131|40525638|60
25.45488|baseline|73.80128|13.5499|0|0|False|1:1|132|132|40884258|60
25.46852|baseline|73.57323|13.5919|0|0|False|1:1|132|132|40884258|60
25.4819|baseline|73.77134|13.5554|0|0|False|1:1|133|133|40884260|60
25.49669|baseline|68.2692|14.6479|0|0|False|1:1|131|131|40525650|60
25.5106|baseline|71.94762|13.899|0|0|False|1:1|132|132|40884258|60
25.52521|baseline|68.39943|14.62|0|0|False|1:1|132|132|40884258|60
25.53845|baseline|74.74291|13.3792|0|0|False|1:1|132|132|40884258|60
25.55294|baseline|70.59953|14.1644|0|0|False|1:1|132|132|40884258|60
25.56722|baseline|69.0517|14.4819|0|0|False|1:1|132|132|40884258|60
25.58179|baseline|68.05221|14.6946|0|0|False|1:1|131|131|40525650|60
25.59578|baseline|72.34582|13.8225|0|0|False|1:1|132|132|40884258|60
25.60916|baseline|74.69485|13.3878|0|0|False|1:1|132|132|40884258|60
25.6224|baseline|74.62185|13.4009|0|0|False|1:1|132|132|40884258|60
25.63743|baseline|67.07403|14.9089|0|0|False|1:1|132|132|40884258|60
25.65208|baseline|68.60359|14.5765|0|0|False|1:1|132|131|40884058|60
25.66608|baseline|71.53586|13.979|0|0|False|1:1|132|132|40884258|60
25.68006|baseline|70.66041|14.1522|0|0|False|1:1|132|132|40884258|60
25.69433|baseline|70.51191|14.182|0|0|False|1:1|133|133|40884260|60
25.70762|baseline|75.11341|13.3132|0|0|False|1:1|132|132|40884258|60
25.72163|baseline|70.77143|14.13|0|0|False|1:1|132|132|40884258|60
25.73541|baseline|73.56348|13.5937|0|0|False|1:1|132|132|40884258|60
25.7496|baseline|70.40318|14.2039|0|0|False|1:1|132|132|40884258|60
25.76349|baseline|71.15665|14.0535|0|0|False|1:1|132|132|40884258|60
25.77718|baseline|73.6556|13.5767|0|0|False|1:1|132|132|40884258|60
25.79087|baseline|73.48676|13.60789|0|0|False|1:1|131|130|40525650|60
25.80454|baseline|73.19247|13.66261|0|0|False|1:1|132|132|40884258|60
25.81832|baseline|72.53003|13.78739|0|0|False|1:1|132|132|40884258|60
25.8326|baseline|69.55698|14.3767|0|0|False|1:1|131|131|40884257|60
25.8475|baseline|67.9643|14.71361|0|0|False|1:1|132|132|40884258|60
25.86085|baseline|73.34982|13.6333|0|0|False|1:1|132|132|40884258|60
25.87433|baseline|74.72668|13.3821|0|0|False|1:1|132|132|40884258|60
25.88773|baseline|74.81055|13.3671|0|0|False|1:1|132|132|40884258|60
25.90213|baseline|68.8819|14.5176|0|0|False|1:1|133|133|40884260|60
25.91587|baseline|73.36058|13.6313|0|0|False|1:1|132|132|40884258|60
25.92486|baseline|111.8556|8.940101|0|0|False|1:1|132|132|40884258|60
25.94029|baseline|64.23846|15.567|0|0|False|1:1|132|132|40884258|60
25.95457|baseline|71.26722|14.0317|0|0|False|1:1|131|132|40525650|60
25.96313|baseline|113.9666|8.774504|0|0|False|1:1|131|132|40525650|60
25.97608|baseline|77.73875|12.8636|0|0|False|1:1|132|132|40884258|60
25.98712|baseline|91.06554|10.9811|0|0|False|1:1|132|132|40884258|60
25.99775|baseline|92.44538|10.8172|0|0|False|1:1|132|132|40884246|60
26.00887|baseline|92.64493|10.7939|0|0|False|1:1|132|132|40884258|60
26.01987|baseline|88.93549|11.2441|0|0|False|1:1|132|132|40884258|60
26.03082|baseline|92.15826|10.8509|0|0|False|1:1|132|132|40884258|60
26.04137|baseline|93.81482|10.6593|0|0|False|1:1|132|132|40884258|60
26.05225|baseline|92.57631|10.8019|0|0|False|1:1|132|132|40884258|60
26.06285|baseline|93.30014|10.7181|0|0|False|1:1|132|132|40884258|60
26.07367|baseline|93.99553|10.6388|0|0|False|1:1|132|132|40884258|60
26.08516|baseline|87.65778|11.408|0|0|False|1:1|133|133|40884260|60
26.09888|baseline|71.23826|14.0374|0|0|False|1:1|132|132|40884258|60
26.11238|baseline|74.69654|13.3875|0|0|False|1:1|132|132|40884258|60
26.1221|baseline|101.7854|9.824596|0|0|False|1:1|132|132|40884258|60
26.13305|baseline|93.59704|10.6841|0|0|False|1:1|132|132|40884258|60
26.14706|baseline|70.74035|14.1362|0|0|False|1:1|132|132|40884258|60
26.15641|baseline|105.4608|9.4822|0|0|False|1:1|132|132|40884258|60
26.16745|baseline|91.76836|10.897|0|0|False|1:1|132|132|40884258|60
26.17797|baseline|93.67595|10.6751|0|0|False|1:1|132|132|40884258|60
26.18889|baseline|93.03276|10.7489|0|0|False|1:1|132|132|40884258|60
26.19935|baseline|94.49027|10.5831|0|0|False|1:1|132|132|40884258|60
26.20991|baseline|95.67821|10.4517|0|0|False|1:1|132|132|40884258|60
26.22062|baseline|92.17613|10.84879|0|0|False|1:1|132|132|40884258|60
26.2316|baseline|92.3182|10.8321|0|0|False|1:1|132|132|40884258|60
26.24206|baseline|94.15752|10.6205|0|0|False|1:1|132|132|40884258|60
26.25355|baseline|89.20766|11.2098|0|0|False|1:1|133|133|40884260|60
26.26459|baseline|89.58487|11.1626|0|0|False|1:1|132|132|40884258|60
26.27504|baseline|94.19209|10.6166|0|0|False|1:1|132|132|40884258|60
26.28592|baseline|93.53574|10.6911|0|0|False|1:1|132|132|40884258|60
26.2964|baseline|93.81482|10.6593|0|0|False|1:1|132|132|40884258|60
26.30719|baseline|94.25512|10.6095|0|0|False|1:1|132|132|40884258|60
26.31798|baseline|92.20667|10.8452|0|0|False|1:1|132|132|40884258|60
26.32903|baseline|91.04569|10.9835|0|0|False|1:1|132|132|40884258|60
26.33958|baseline|93.10292|10.7408|0|0|False|1:1|132|132|40884258|60
26.35048|baseline|93.13763|10.7368|0|0|False|1:1|132|132|40884258|60
26.3616|baseline|88.6572|11.2794|0|0|False|1:1|132|132|40884258|60
26.37259|baseline|92.11837|10.8556|0|0|False|1:1|131|131|40884246|60
26.38309|baseline|93.9399|10.6451|0|0|False|1:1|132|132|40884258|60
26.39384|baseline|94.77145|10.5517|0|0|False|1:1|132|132|40884258|60
26.40469|baseline|91.95319|10.8751|0|0|False|1:1|132|132|40884258|60
26.41776|baseline|75.57209|13.2324|0|0|False|1:1|133|133|40884260|60
26.42929|baseline|88.36032|11.3173|0|0|False|1:1|132|132|40884258|60
26.44336|baseline|70.00007|14.2857|0|0|False|1:1|132|132|40884258|60
26.45938|baseline|62.98816|15.876|0|0|False|1:1|132|132|40884258|60
26.47342|baseline|70.97282|14.0899|0|0|False|1:1|132|132|40884258|60
26.48892|baseline|65.91393|15.1713|0|0|False|1:1|132|132|40884258|60
26.50369|baseline|65.95438|15.162|0|0|False|1:1|132|132|40884258|60
26.51947|baseline|64.99625|15.3855|0|0|False|1:1|132|132|40884258|60
26.53443|baseline|65.65685|15.2307|0|0|False|1:1|132|132|40884258|60
26.54931|baseline|67.74655|14.7609|0|0|False|1:1|132|132|40884258|60
26.56405|baseline|66.50881|15.0356|0|0|False|1:1|130|130|40167042|60
26.57778|baseline|73.96944|13.5191|0|0|False|1:1|132|132|40884258|60
26.58702|baseline|108.2462|9.238201|0|0|False|1:1|132|132|40884258|60
26.59753|baseline|93.95673|10.6432|0|0|False|1:1|132|132|40884258|60
26.60842|baseline|93.11244|10.7397|0|0|False|1:1|132|132|40884258|60
26.61978|baseline|86.60783|11.5463|0|0|False|1:1|133|133|40884260|60
26.63104|baseline|90.07146|11.1023|0|0|False|1:1|132|132|40884258|60
26.64151|baseline|93.82885|10.6577|0|0|False|1:1|132|132|40884258|60
26.65269|baseline|93.0813|10.7433|0|0|False|1:1|132|132|40884258|60
26.66316|baseline|92.25007|10.8401|0|0|False|1:1|132|132|40884258|60
26.67727|baseline|71.06309|14.072|0|0|False|1:1|132|132|40884258|60
26.69139|baseline|70.8607|14.1122|0|0|False|1:1|132|132|40884258|60
26.70737|baseline|63.04574|15.8615|0|0|False|1:1|132|132|40884258|60
26.72202|baseline|67.2979|14.8593|0|0|False|1:1|132|132|40884258|60
26.73631|baseline|70.45678|14.1931|0|0|False|1:1|132|132|40884258|60
26.7508|baseline|69.65535|14.3564|0|0|False|1:1|132|132|40884258|60
26.76569|baseline|66.65556|15.0025|0|0|False|1:1|132|132|40884258|60
26.78383|baseline|54.85073|18.2313|0|0|False|1:1|132|132|40884258|60
26.79834|baseline|69.13096|14.4653|0|0|False|1:1|132|132|40884258|60
26.81354|baseline|65.79162|15.1995|0|0|False|1:1|133|133|40884260|60
26.82934|baseline|64.08737|15.6037|0|0|False|1:1|132|132|40884258|60
26.84332|baseline|70.0771|14.27|0|0|False|1:1|132|132|40884258|60
26.85803|baseline|69.33274|14.4232|0|0|False|1:1|132|132|40884258|60
26.87287|baseline|66.69868|14.9928|0|0|False|1:1|132|132|40884258|60
26.8814|baseline|115.4481|8.661898|0|0|False|1:1|132|132|40884258|60
26.89483|baseline|76.12665|13.13601|0|0|False|1:1|132|132|40884258|60
26.90553|baseline|92.65868|10.7923|0|0|False|1:1|132|132|40884258|60
26.91606|baseline|93.17841|10.7321|0|0|False|1:1|132|132|40884258|60
26.92711|baseline|91.9735|10.8727|0|0|False|1:1|132|132|40884258|60
26.93763|baseline|93.5182|10.6931|0|0|False|1:1|132|132|40884258|60
26.9489|baseline|90.92649|10.9979|0|0|False|1:1|132|132|40884258|60
26.9647|baseline|62.68726|15.9522|0|0|False|1:1|132|132|40884258|60
26.98044|baseline|63.26191|15.8073|0|0|False|1:1|132|131|40525650|60
26.99533|baseline|67.75527|14.759|0|0|False|1:1|132|132|40884258|60
27.00958|baseline|70.12624|14.26|0|0|False|1:1|133|133|40884260|60
27.02348|baseline|70.96275|14.0919|0|0|False|1:1|131|131|40525650|60
27.03283|baseline|109.7695|9.109998|0|0|False|1:1|131|131|40525650|60
27.04333|baseline|93.68993|10.6735|0|0|False|1:1|132|132|40884258|60
27.05431|baseline|92.7025|10.7872|0|0|False|1:1|132|132|40884258|60
27.06505|baseline|92.37361|10.8256|0|0|False|1:1|132|132|40884258|60
27.07561|baseline|93.93728|10.6454|0|0|False|1:1|132|132|40884258|60
27.08669|baseline|91.46117|10.9336|0|0|False|1:1|132|132|40884258|60
27.09726|baseline|93.06657|10.745|0|0|False|1:1|132|132|40884258|60
27.10817|baseline|93.27837|10.7206|0|0|False|1:1|131|131|40525650|60
27.11861|baseline|93.71283|10.6709|0|0|False|1:1|132|132|40884258|60
27.12945|baseline|93.84208|10.6562|0|0|False|1:1|132|131|40884258|60
27.14012|baseline|92.39835|10.8227|0|0|False|1:1|132|132|40884258|60
27.15108|baseline|92.89796|10.7645|0|0|False|1:1|132|132|40884258|60
27.16195|baseline|90.19898|11.0866|0|0|False|1:1|132|132|40884258|60
27.17538|baseline|74.90974|13.3494|0|0|False|1:1|132|132|40884258|60
27.18581|baseline|96.84944|10.3253|0|0|False|1:1|133|133|40884260|60
27.1967|baseline|90.28369|11.0762|0|0|False|1:1|132|132|40884258|60
27.20742|baseline|94.60023|10.5708|0|0|False|1:1|132|132|40884258|60
27.21789|baseline|94.08395|10.62881|0|0|False|1:1|132|132|40884258|60
27.22864|baseline|94.52692|10.579|0|0|False|1:1|132|132|40884258|60
27.23933|baseline|92.10478|10.8572|0|0|False|1:1|132|132|40884258|60
27.25023|baseline|93.15239|10.7351|0|0|False|1:1|132|132|40884258|60
27.26093|baseline|92.30962|10.83311|0|0|False|1:1|132|132|40884258|60
27.27187|baseline|92.5078|10.8099|0|0|False|1:1|132|132|40884258|60
27.28249|baseline|93.22882|10.7263|0|0|False|1:1|132|132|40884258|60
27.29332|baseline|93.59177|10.6847|0|0|False|1:1|132|132|40884258|60
27.30387|baseline|92.92041|10.7619|0|0|False|1:1|132|132|40884258|60
27.31481|baseline|92.81347|10.7743|0|0|False|1:1|132|132|40884258|60
27.32548|baseline|94.07335|10.63|0|0|False|1:1|132|132|40884258|60
27.33609|baseline|92.58402|10.801|0|0|False|1:1|132|132|40884258|60
27.34736|baseline|90.03899|11.1063|0|0|False|1:1|133|133|40884260|60
27.35836|baseline|89.94505|11.1179|0|0|False|1:1|132|132|40884258|60
27.36944|baseline|92.06321|10.8621|0|0|False|1:1|132|132|40884258|60
27.37977|baseline|94.34322|10.5996|0|0|False|1:1|131|131|40884058|60
27.39068|baseline|92.91002|10.7631|0|0|False|1:1|132|132|40884258|60
27.40135|baseline|93.69087|10.6734|0|0|False|1:1|132|132|40884258|60
27.412|baseline|94.2365|10.6116|0|0|False|1:1|132|132|40884258|60
27.4226|baseline|92.69904|10.7876|0|0|False|1:1|132|132|40884258|60
27.43348|baseline|93.19225|10.73051|0|0|False|1:1|132|132|40884258|60
27.44418|baseline|92.228|10.84269|0|0|False|1:1|132|132|40884258|60
27.45526|baseline|91.85013|10.8873|0|0|False|1:1|132|132|40884258|60
27.46914|baseline|71.86851|13.9143|0|0|False|1:1|132|132|40884258|60
27.47852|baseline|104.8416|9.538201|0|0|False|1:1|132|132|40884258|60
27.4896|baseline|92.20667|10.8452|0|0|False|1:1|132|132|40884258|60
27.49999|baseline|94.06275|10.6312|0|0|False|1:1|132|132|40884258|60
27.51145|baseline|88.43302|11.30799|0|0|False|1:1|133|133|40884260|60
27.52239|baseline|90.28693|11.0758|0|0|False|1:1|132|132|40884258|60
27.53331|baseline|93.02061|10.75031|0|0|False|1:1|132|132|40884258|60
27.54637|baseline|76.68244|13.0408|0|0|False|1:1|132|132|40884258|60
27.55467|baseline|118.1614|8.463003|0|0|False|1:1|132|132|40884258|60
27.56849|baseline|72.80933|13.7345|0|0|False|1:1|132|132|40884258|60
27.57837|baseline|100.7273|9.927799|0|0|False|1:1|132|132|40884258|60
27.58948|baseline|91.54743|10.9233|0|0|False|1:1|132|132|40884258|60
27.60036|baseline|89.85536|11.129|0|0|False|1:1|132|132|40884258|60
27.61124|baseline|93.20099|10.7295|0|0|False|1:1|132|132|40884258|60
27.62173|baseline|93.96024|10.6428|0|0|False|1:1|132|132|40884258|60
27.63272|baseline|92.39835|10.8227|0|0|False|1:1|132|132|40884258|60
27.64327|baseline|93.09518|10.74169|0|0|False|1:1|132|132|40884258|60
27.65439|baseline|91.49799|10.9292|0|0|False|1:1|132|132|40884258|60
27.66793|baseline|74.25723|13.4667|0|0|False|1:1|133|133|40884260|60
27.67802|baseline|96.63893|10.3478|0|0|False|1:1|133|133|40884260|60
27.68927|baseline|90.68814|11.0268|0|0|False|1:1|132|132|40884258|60
27.69964|baseline|94.33161|10.6009|0|0|False|1:1|132|132|40884258|60
27.71072|baseline|91.65648|10.9103|0|0|False|1:1|131|131|40884257|60
27.72134|baseline|93.05184|10.7467|0|0|False|1:1|132|132|40884258|60
27.73215|baseline|93.66016|10.6769|0|0|False|1:1|132|132|40884258|60
27.74258|baseline|94.64586|10.5657|0|0|False|1:1|132|132|40884258|60
27.75336|baseline|94.16726|10.6194|0|0|False|1:1|132|132|40884258|60
27.76391|baseline|93.33586|10.71399|0|0|False|1:1|132|132|40884258|60
27.77484|baseline|92.51119|10.8095|0|0|False|1:1|132|132|40884258|60
29.10964|baseline|3|333.3333|0|0|False|1:1|132|132|40884258|60
29.12749|baseline|52.22749|19.147|0|0|False|1:1|132|132|40884258|60
29.14494|baseline|57.37532|17.4291|0|0|False|1:1|132|132|40884258|60
29.16167|baseline|58.94488|16.965|0|0|False|1:1|132|132|40884258|60
29.17196|baseline|102.4034|9.765299|0|0|False|1:1|132|132|40884258|60
29.18394|baseline|80.34063|12.447|0|0|False|1:1|133|133|40884260|60
29.19633|baseline|83.81387|11.9312|0|0|False|1:1|132|132|40884258|60
29.20742|baseline|87.91674|11.3744|0|0|False|1:1|132|132|40884258|60
29.21799|baseline|93.01804|10.7506|0|0|False|1:1|132|132|40884258|60
29.23033|baseline|84.6031|11.8199|0|0|False|1:1|132|132|40884258|60
29.24116|baseline|88.06768|11.3549|0|0|False|1:1|132|132|40884258|60
29.25251|baseline|92.16849|10.8497|0|0|False|1:1|132|132|40884258|60
29.26352|baseline|88.8123|11.2597|0|0|False|1:1|132|132|40884258|60
29.27475|baseline|88.46112|11.3044|0|0|False|1:1|132|132|40884258|60
29.28624|baseline|86.83041|11.5167|0|0|False|1:1|132|132|40884258|60
29.29682|baseline|93.09603|10.7416|0|0|False|1:1|132|132|40884258|60
29.30766|baseline|93.57861|10.6862|0|0|False|1:1|132|132|40884258|60
29.31822|baseline|93.35413|10.7119|0|0|False|1:1|132|132|40884258|60
29.32906|baseline|94.28359|10.6063|0|0|False|1:1|131|131|40884257|60
29.33958|baseline|92.91436|10.7626|0|0|False|1:1|132|132|40884258|60
29.35108|baseline|88.4267|11.3088|0|0|False|1:1|133|133|40884260|60
29.36183|baseline|91.46786|10.9328|0|0|False|1:1|132|132|40884258|60
29.37275|baseline|93.11766|10.7391|0|0|False|1:1|132|132|40884258|60
29.38338|baseline|92.34381|10.8291|0|0|False|1:1|132|132|40884258|60
29.39432|baseline|93.14538|10.73591|0|0|False|1:1|132|132|40884258|60
29.40524|baseline|92.80486|10.7753|0|0|False|1:1|132|132|40884258|60
29.41904|baseline|70.63993|14.1563|0|0|False|1:1|132|132|40884258|60
29.4346|baseline|65.28736|15.3169|0|0|False|1:1|132|132|40884258|60
29.44991|baseline|64.99796|15.3851|0|0|False|1:1|132|132|40884258|60
29.46527|baseline|64.9646|15.393|0|0|False|1:1|132|132|40884258|60
29.48006|baseline|66.99178|14.9272|0|0|False|1:1|131|130|40167042|60
29.4947|baseline|69.04599|14.4831|0|0|False|1:1|131|131|40884246|60
29.50876|baseline|71.23725|14.0376|0|0|False|1:1|132|132|40884258|60
29.52393|baseline|65.10585|15.3596|0|0|False|1:1|132|132|40884258|60
29.53822|baseline|71.3715|14.0112|0|0|False|1:1|133|133|40884260|60
29.55197|baseline|72.07413|13.8746|0|0|False|1:1|132|132|40884258|60
29.56641|baseline|69.21851|14.447|0|0|False|1:1|132|132|40884258|60
29.58092|baseline|68.31536|14.638|0|0|False|1:1|132|132|40884258|60
29.59528|baseline|70.48656|14.1871|0|0|False|1:1|132|132|40884258|60
29.61124|baseline|62.90614|15.8967|0|0|False|1:1|132|132|40884258|60
29.62474|baseline|73.63012|13.5814|0|0|False|1:1|132|132|40884258|60
29.63395|baseline|106.9255|9.352304|0|0|False|1:1|132|132|40884258|60
29.64505|baseline|91.33005|10.9493|0|0|False|1:1|132|132|40884258|60
29.65547|baseline|94.49477|10.5826|0|0|False|1:1|132|132|40884258|60
29.66658|baseline|92.08693|10.8593|0|0|False|1:1|132|132|40884258|60
29.6769|baseline|94.61635|10.569|0|0|False|1:1|132|132|40884258|60
29.68801|baseline|91.34755|10.9472|0|0|False|1:1|132|132|40884258|60
29.69849|baseline|93.96642|10.6421|0|0|False|1:1|132|132|40884258|60
29.70943|baseline|92.91779|10.7622|0|0|False|1:1|132|132|40884258|60
29.71981|baseline|94.75707|10.5533|0|0|False|1:1|132|132|40884258|60
29.73119|baseline|89.31363|11.1965|0|0|False|1:1|133|133|40884260|60
29.74194|baseline|91.42774|10.9376|0|0|False|1:1|132|132|40884258|60
29.75321|baseline|91.44113|10.936|0|0|False|1:1|132|132|40884258|60
29.76344|baseline|94.76693|10.5522|0|0|False|1:1|132|132|40884258|60
29.77432|baseline|93.20622|10.7289|0|0|False|1:1|132|132|40884258|60
29.7851|baseline|93.50866|10.6942|0|0|False|1:1|132|132|40884258|60
29.79565|baseline|92.61057|10.7979|0|0|False|1:1|132|132|40884258|60
29.80654|baseline|93.26702|10.7219|0|0|False|1:1|132|132|40884258|60
29.81715|baseline|92.75063|10.7816|0|0|False|1:1|132|132|40884258|60
29.82804|baseline|94.90006|10.5374|0|0|False|1:1|132|132|40884258|60
29.83881|baseline|89.86663|11.1276|0|0|False|1:1|132|132|40884258|60
29.8497|baseline|93.05442|10.7464|0|0|False|1:1|132|132|40884258|60
29.86364|baseline|71.05604|14.0734|0|0|False|1:1|132|132|40884258|60
29.87314|baseline|107.2283|9.3259|0|0|False|1:1|132|132|40884258|60
29.8839|baseline|92.0378|10.8651|0|0|False|1:1|131|131|40525650|60
29.89526|baseline|88.71304|11.2723|0|0|False|1:1|133|133|40884260|60
29.9061|baseline|92.4257|10.8195|0|0|False|1:1|132|132|40884258|60
29.91663|baseline|93.3245|10.7153|0|0|False|1:1|132|132|40884258|60
29.93041|baseline|73.46893|13.6112|0|0|False|1:1|132|132|40884258|60
29.94037|baseline|98.89236|10.112|0|0|False|1:1|132|132|40884258|60
29.95138|baseline|92.14213|10.8528|0|0|False|1:1|132|132|40884258|60
29.96196|baseline|93.15933|10.7343|0|0|False|1:1|132|132|40884258|60
29.97281|baseline|93.40116|10.7065|0|0|False|1:1|132|132|40884258|60
29.98342|baseline|93.23055|10.7261|0|0|False|1:1|132|132|40884258|60
29.9943|baseline|93.12632|10.7381|0|0|False|1:1|132|132|40884258|60
30.0049|baseline|94.24008|10.6112|0|0|False|1:1|132|132|40884258|60
30.0187|baseline|71.65838|13.9551|0|0|False|1:1|132|132|40884258|60
30.02869|baseline|103.0365|9.7053|0|0|False|1:1|132|132|40884258|60
30.03909|baseline|93.41866|10.7045|0|0|False|1:1|132|132|40884258|60
30.04993|baseline|93.58829|10.6851|0|0|False|1:1|132|132|40884258|60
30.06159|baseline|85.16293|11.7422|0|0|False|1:1|133|133|40884260|60
30.07282|baseline|89.78191|11.1381|0|0|False|1:1|132|132|40884258|60
30.08341|baseline|93.10814|10.7402|0|0|False|1:1|132|132|40884258|60
30.09438|baseline|92.9083|10.7633|0|0|False|1:1|132|132|40884258|60
30.10518|baseline|92.05647|10.8629|0|0|False|1:1|132|132|40884258|60
30.11575|baseline|93.06564|10.7451|0|0|False|1:1|131|131|40525650|60
30.13081|baseline|67.31425|14.8557|0|0|False|1:1|132|132|40884258|60
30.14401|baseline|75.00638|13.3322|0|0|False|1:1|132|132|40884258|60
30.1538|baseline|103.584|9.654004|0|0|False|1:1|132|132|40884258|60
30.16458|baseline|92.47361|10.8139|0|0|False|1:1|131|131|40525650|60
30.17561|baseline|89.83511|11.13151|0|0|False|1:1|132|132|40884258|60
30.18693|baseline|89.91113|11.12209|0|0|False|1:1|132|132|40884258|60
30.19757|baseline|91.89738|10.8817|0|0|False|1:1|132|132|40884258|60
30.20852|baseline|92.61745|10.7971|0|0|False|1:1|132|132|40884258|60
30.21902|baseline|94.35123|10.5987|0|0|False|1:1|130|129|40166842|60
30.23051|baseline|87.61245|11.4139|0|0|False|1:1|133|133|40884260|60
30.24133|baseline|91.32922|10.9494|0|0|False|1:1|132|132|40884258|60
30.2521|baseline|94.52154|10.5796|0|0|False|1:1|132|132|40884258|60
30.26244|baseline|94.84967|10.543|0|0|False|1:1|132|132|40884258|60
31.55432|baseline|3|333.3333|0|0|False|1:1|132|132|40884258|60
31.57172|baseline|52.47966|19.055|0|0|False|1:1|132|132|40884258|60
31.58672|baseline|66.62047|15.0104|0|0|False|1:1|132|132|40884258|60
31.59511|baseline|118.174|8.462095|0|0|False|1:1|132|132|40884258|60
31.6061|baseline|92.25429|10.8396|0|0|False|1:1|132|132|40884258|60
31.61668|baseline|92.89796|10.7645|0|0|False|1:1|132|132|40884258|60
31.62779|baseline|92.36509|10.8266|0|0|False|1:1|132|132|40884258|60
31.64284|baseline|65.81027|15.1952|0|0|False|1:1|132|131|40884258|60
31.65159|baseline|112.6672|8.875702|0|0|False|1:1|132|131|40884258|60
31.6627|baseline|91.39263|10.9418|0|0|False|1:1|132|132|40884258|60
31.6736|baseline|90.32119|11.0716|0|0|False|1:1|132|132|40884258|60
31.68535|baseline|86.40652|11.5732|0|0|False|1:1|130|129|39449828|60
31.69633|baseline|90.05358|11.1045|0|0|False|1:1|132|132|40884258|60
31.70712|baseline|94.00793|10.6374|0|0|False|1:1|132|132|40884258|60
31.71807|baseline|90.04387|11.1057|0|0|False|1:1|132|132|40884258|60
31.72903|baseline|92.83666|10.77161|0|0|False|1:1|132|132|40884258|60
31.73948|baseline|93.67775|10.67489|0|0|False|1:1|131|131|40884257|60
31.75445|baseline|67.41631|14.83321|0|0|False|1:1|132|132|40884258|60
31.76938|baseline|66.8968|14.9484|0|0|False|1:1|132|132|40884258|60
31.78445|baseline|66.36847|15.0674|0|0|False|1:1|132|132|40884258|60
31.79978|baseline|64.61243|15.4769|0|0|False|1:1|132|132|40884258|60
31.81457|baseline|68.23005|14.6563|0|0|False|1:1|132|132|40884258|60
31.82939|baseline|67.35501|14.8467|0|0|False|1:1|132|132|40884258|60
31.84464|baseline|65.61292|15.2409|0|0|False|1:1|132|132|40884258|60
31.85924|baseline|67.92326|14.7225|0|0|False|1:1|132|132|40884258|60
31.87444|baseline|66.45933|15.0468|0|0|False|1:1|133|133|40884260|60
31.88995|baseline|64.44919|15.5161|0|0|False|1:1|132|132|40884258|60
31.90481|baseline|67.22689|14.875|0|0|False|1:1|132|132|40884258|60
31.91878|baseline|70.88376|14.1076|0|0|False|1:1|132|132|40884258|60
31.92775|baseline|113.8991|8.779698|0|0|False|1:1|132|132|40884258|60
31.93886|baseline|88.84389|11.2557|0|0|False|1:1|132|132|40884258|60
31.94972|baseline|93.63293|10.68|0|0|False|1:1|132|132|40884258|60
31.96033|baseline|92.61745|10.7971|0|0|False|1:1|132|132|40884258|60
31.97131|baseline|92.73344|10.7836|0|0|False|1:1|132|132|40884258|60
31.98223|baseline|91.07049|10.98051|0|0|False|1:1|132|132|40884258|60
31.99282|baseline|93.15933|10.7343|0|0|False|1:1|132|132|40884258|60
32.00373|baseline|93.55497|10.6889|0|0|False|1:1|132|132|40884258|60
32.01445|baseline|91.64475|10.9117|0|0|False|1:1|132|132|40884258|60
32.02531|baseline|93.14114|10.73639|0|0|False|1:1|132|132|40884258|60
32.0358|baseline|93.9364|10.6455|0|0|False|1:1|132|132|40884258|60
32.0465|baseline|94.77234|10.5516|0|0|False|1:1|132|132|40884258|60
32.05751|baseline|89.50629|11.1724|0|0|False|1:1|133|133|40884260|60
32.06903|baseline|88.30801|11.324|0|0|False|1:1|132|132|40884258|60
32.08339|baseline|69.43672|14.4016|0|0|False|1:1|132|132|40884258|60
32.09256|baseline|107.3261|9.317396|0|0|False|1:1|132|132|40884258|60
32.10363|baseline|92.05725|10.86281|0|0|False|1:1|132|132|40884258|60
32.11425|baseline|92.43854|10.818|0|0|False|1:1|132|132|40884258|60
32.12543|baseline|90.76718|11.0172|0|0|False|1:1|131|131|40525650|60
32.13581|baseline|94.7427|10.5549|0|0|False|1:1|132|132|40884258|60
32.14656|baseline|94.24808|10.6103|0|0|False|1:1|132|132|40884258|60
32.15712|baseline|93.5585|10.6885|0|0|False|1:1|132|132|40884258|60
32.16798|baseline|93.48413|10.697|0|0|False|1:1|132|132|40884258|60
32.17843|baseline|94.17172|10.6189|0|0|False|1:1|132|132|40884258|60
32.18966|baseline|90.44125|11.0569|0|0|False|1:1|132|132|40884258|60
32.20013|baseline|94.11055|10.6258|0|0|False|1:1|132|132|40884258|60
32.21099|baseline|93.51213|10.6938|0|0|False|1:1|132|132|40884258|60
32.22239|baseline|88.58185|11.28899|0|0|False|1:1|133|133|40884260|60
32.23321|baseline|90.2307|11.0827|0|0|False|1:1|132|132|40884258|60
32.24416|baseline|92.44962|10.8167|0|0|False|1:1|132|132|40884258|60
32.25519|baseline|89.3328|11.1941|0|0|False|1:1|132|132|40884258|60
32.2662|baseline|94.30582|10.6038|0|0|False|1:1|132|132|40884258|60
32.27645|baseline|93.77342|10.664|0|0|False|1:1|132|132|40884258|60
32.28742|baseline|92.79711|10.7762|0|0|False|1:1|132|132|40884258|60
32.29802|baseline|92.74715|10.782|0|0|False|1:1|132|132|40884258|60
32.3092|baseline|90.80339|11.0128|0|0|False|1:1|132|132|40884258|60
32.31958|baseline|94.63068|10.5674|0|0|False|1:1|132|132|40884258|60
32.33038|baseline|94.1513|10.6212|0|0|False|1:1|132|132|40884258|60
32.34095|baseline|93.15239|10.7351|0|0|False|1:1|132|132|40884258|60
33.35771|baseline|3|333.3333|0|0|False|1:1|130|131|40525650|60
33.82218|baseline|3|333.3333|0|0|False|1:1|132|132|40884258|60
33.83815|baseline|59.3331|16.854|0|0|False|1:1|133|133|40884260|60
33.85414|baseline|60.99271|16.3954|0|0|False|1:1|131|131|40525650|60
33.87095|baseline|60.13661|16.62881|0|0|False|1:1|132|132|40884258|60
33.88661|baseline|63.82314|15.6683|0|0|False|1:1|131|131|40884058|60
33.89593|baseline|106.4804|9.391397|0|0|False|1:1|131|131|40884058|60
33.90652|baseline|92.99641|10.7531|0|0|False|1:1|132|132|40884258|60
33.91749|baseline|92.58573|10.8008|0|0|False|1:1|132|132|40884258|60
33.92804|baseline|93.82979|10.6576|0|0|False|1:1|132|132|40884258|60
33.93897|baseline|92.44023|10.8178|0|0|False|1:1|132|131|40884258|60
33.94966|baseline|92.10731|10.8569|0|0|False|1:1|132|132|40884258|60
33.96069|baseline|92.4035|10.8221|0|0|False|1:1|132|132|40884258|60
33.97488|baseline|69.98244|14.2893|0|0|False|1:1|132|132|40884258|60
33.98426|baseline|107.9704|9.261798|0|0|False|1:1|132|132|40884258|60
33.99477|baseline|94.5707|10.5741|0|0|False|1:1|132|132|40884258|60
34.00529|baseline|93.48766|10.6966|0|0|False|1:1|132|132|40884258|60
34.01613|baseline|93.90552|10.649|0|0|False|1:1|132|132|40884258|60
34.02728|baseline|88.7847|11.2632|0|0|False|1:1|133|133|40884260|60
34.03843|baseline|90.94963|10.9951|0|0|False|1:1|132|132|40884258|60
34.049|baseline|92.69988|10.7875|0|0|False|1:1|132|132|40884258|60
34.05978|baseline|94.45012|10.5876|0|0|False|1:1|132|132|40884258|60
34.07033|baseline|92.9247|10.7614|0|0|False|1:1|132|132|40884258|60
34.08117|baseline|93.77785|10.6635|0|0|False|1:1|132|132|40884258|60
34.09182|baseline|92.5266|10.8077|0|0|False|1:1|132|131|40525650|60
34.10276|baseline|94.16996|10.6191|0|0|False|1:1|129|128|39808434|60
34.11314|baseline|93.35149|10.7122|0|0|False|1:1|132|132|40884258|60
34.12436|baseline|92.37875|10.825|0|0|False|1:1|132|132|40884258|60
34.13531|baseline|91.91934|10.8791|0|0|False|1:1|132|132|40884258|60
34.14567|baseline|92.52321|10.8081|0|0|False|1:1|132|132|40884258|60
34.15659|baseline|93.18536|10.7313|0|0|False|1:1|132|132|40884258|60
34.16713|baseline|93.09082|10.7422|0|0|False|1:1|132|132|40884258|60
34.17818|baseline|93.34717|10.7127|0|0|False|1:1|132|132|40884258|60
34.18884|baseline|91.05727|10.9821|0|0|False|1:1|133|133|40884260|60
34.2003|baseline|89.88684|11.1251|0|0|False|1:1|132|132|40884258|60
34.21056|baseline|94.63513|10.5669|0|0|False|1:1|132|132|40884258|60
34.22129|baseline|94.25871|10.6091|0|0|False|1:1|132|132|40884258|60
34.23196|baseline|92.42225|10.81991|0|0|False|1:1|132|132|40884258|60
34.2429|baseline|92.65697|10.7925|0|0|False|1:1|132|132|40884258|60
34.25328|baseline|94.87486|10.5402|0|0|False|1:1|132|132|40884258|60
34.26439|baseline|92.20155|10.8458|0|0|False|1:1|132|132|40884258|60
34.27497|baseline|93.66892|10.6759|0|0|False|1:1|132|132|40884258|60
34.28934|baseline|68.69219|14.5577|0|0|False|1:1|132|132|40884258|60
34.32527|baseline|28.04451|35.6576|0|0|False|1:1|132|132|40884258|60
34.34116|baseline|62.49375|16.0016|0|0|False|1:1|132|132|40884258|60
34.35707|baseline|63.25511|15.809|0|0|False|1:1|132|132|40884258|60
34.36534|baseline|117.4826|8.511898|0|0|False|1:1|132|132|40884258|60
34.37645|baseline|91.50054|10.9289|0|0|False|1:1|132|132|40884258|60
34.39144|baseline|65.78168|15.2018|0|0|False|1:1|132|132|40884258|60
34.4009|baseline|108.3717|9.227501|0|0|False|1:1|132|132|40884258|60
34.4113|baseline|94.28623|10.606|0|0|False|1:1|132|132|40884258|60
34.42256|baseline|92.7162|10.7856|0|0|False|1:1|132|132|40884258|60
34.43296|baseline|92.16849|10.8497|0|0|False|1:1|132|132|40884258|60
34.44412|baseline|91.76077|10.8979|0|0|False|1:1|132|132|40884258|60
34.45511|baseline|90.9827|10.9911|0|0|False|1:1|132|132|40884258|60
34.46562|baseline|92.86777|10.768|0|0|False|1:1|132|132|40884258|60
34.47668|baseline|91.79701|10.8936|0|0|False|1:1|132|132|40884258|60
34.48712|baseline|94.0442|10.6333|0|0|False|1:1|132|132|40884258|60
34.49826|baseline|91.7911|10.8943|0|0|False|1:1|132|132|40884258|60
34.50872|baseline|93.27226|10.7213|0|0|False|1:1|131|130|40167042|60
34.51983|baseline|91.83751|10.8888|0|0|False|1:1|132|132|40884258|60
34.53035|baseline|93.5541|10.689|0|0|False|1:1|132|132|40884258|60
34.54124|baseline|92.98434|10.7545|0|0|False|1:1|131|131|40884246|60
34.55258|baseline|86.90816|11.5064|0|0|False|1:1|133|133|40884260|60
34.56437|baseline|88.85889|11.2538|0|0|False|1:1|132|132|40884258|60
34.57487|baseline|92.60371|10.7987|0|0|False|1:1|132|129|40884258|60
34.5854|baseline|92.72479|10.7846|0|0|False|1:1|132|132|40884258|60
34.59616|baseline|94.71223|10.5583|0|0|False|1:1|132|132|40884258|60
34.6067|baseline|93.23141|10.726|0|0|False|1:1|132|132|40884258|60
34.61765|baseline|92.67584|10.7903|0|0|False|1:1|132|132|40884258|60
34.62821|baseline|93.26093|10.7226|0|0|False|1:1|132|132|40884258|60
34.63949|baseline|91.70192|10.9049|0|0|False|1:1|132|132|40884258|60
34.6498|baseline|93.79369|10.6617|0|0|False|1:1|132|132|40884258|60
34.66084|baseline|91.82903|10.8898|0|0|False|1:1|132|132|40884258|60
34.67133|baseline|93.6979|10.6726|0|0|False|1:1|132|132|40884258|60
34.68279|baseline|88.56455|11.2912|0|0|False|1:1|132|132|40884258|60
34.69352|baseline|91.94048|10.8766|0|0|False|1:1|132|132|40884258|60
34.70453|baseline|92.47615|10.8136|0|0|False|1:1|132|132|40884258|60
34.71577|baseline|88.77917|11.2639|0|0|False|1:1|133|133|40884260|60
34.72676|baseline|89.46867|11.1771|0|0|False|1:1|132|132|40884258|60
34.73778|baseline|92.16247|10.8504|0|0|False|1:1|132|132|40884258|60
34.74858|baseline|91.86956|10.885|0|0|False|1:1|132|132|40884258|60
34.75924|baseline|94.54123|10.5774|0|0|False|1:1|132|132|40884258|60
34.77008|baseline|90.91401|10.9994|0|0|False|1:1|131|131|40525650|60
34.78131|baseline|90.56824|11.0414|0|0|False|1:1|132|132|40884258|60
34.79225|baseline|89.85937|11.1285|0|0|False|1:1|132|132|40884258|60
34.80322|baseline|92.50434|10.8103|0|0|False|1:1|132|132|40884258|60
34.81383|baseline|92.99475|10.75329|0|0|False|1:1|132|132|40884258|60
34.82477|baseline|92.9359|10.76011|0|0|False|1:1|132|132|40884258|60
34.83539|baseline|93.88441|10.6514|0|0|False|1:1|132|132|40884258|60
34.84597|baseline|93.2627|10.7224|0|0|False|1:1|132|132|40884258|60
34.85696|baseline|92.10647|10.857|0|0|False|1:1|132|132|40884258|60
34.86763|baseline|92.34122|10.8294|0|0|False|1:1|132|132|40884258|60
34.87928|baseline|87.56488|11.4201|0|0|False|1:1|133|133|40884260|60
34.8949|baseline|63.44656|15.7613|0|0|False|1:1|132|132|40884258|60
34.90357|baseline|114.5318|8.7312|0|0|False|1:1|132|132|40884258|60
34.91439|baseline|92.77473|10.7788|0|0|False|1:1|131|132|40884258|60
34.92529|baseline|92.62772|10.7959|0|0|False|1:1|132|132|40884258|60
34.93616|baseline|92.0378|10.8651|0|0|False|1:1|132|132|40884258|60
34.94684|baseline|92.11921|10.8555|0|0|False|1:1|132|130|40884258|60
34.95791|baseline|92.32073|10.8318|0|0|False|1:1|132|132|40884258|60
34.96849|baseline|92.64925|10.7934|0|0|False|1:1|132|132|40884258|60
34.97985|baseline|89.53752|11.1685|0|0|False|1:1|132|132|40884258|60
34.99051|baseline|92.12769|10.8545|0|0|False|1:1|132|132|40884258|60
35.0016|baseline|91.30087|10.9528|0|0|False|1:1|132|132|40884258|60
35.01235|baseline|91.92276|10.8787|0|0|False|1:1|132|132|40884258|60
35.02353|baseline|90.65278|11.0311|0|0|False|1:1|127|131|40525450|60
35.03437|baseline|91.09294|10.9778|0|0|False|1:1|132|132|40884258|60
35.05071|baseline|61.61086|16.2309|0|0|False|1:1|132|132|40884258|60
35.06725|baseline|60.64392|16.4897|0|0|False|1:1|132|132|40884258|60
35.08369|baseline|61.07317|16.3738|0|0|False|1:1|132|132|40884258|60
35.09978|baseline|62.10177|16.1026|0|0|False|1:1|132|132|40884258|60
35.11531|baseline|64.17827|15.5816|0|0|False|1:1|132|132|40884258|60
35.13064|baseline|64.63163|15.4723|0|0|False|1:1|132|132|40884258|60
35.1461|baseline|64.89672|15.4091|0|0|False|1:1|132|132|40884258|60
35.16135|baseline|65.50288|15.2665|0|0|False|1:1|132|132|40884258|60
35.17015|baseline|112.4784|8.890596|0|0|False|1:1|132|132|40884258|60
35.18113|baseline|92.41971|10.8202|0|0|False|1:1|132|132|40884258|60
35.19199|baseline|90.59203|11.0385|0|0|False|1:1|132|132|40884258|60
35.20298|baseline|92.38474|10.8243|0|0|False|1:1|131|131|40884257|60
35.21357|baseline|93.02412|10.7499|0|0|False|1:1|132|132|40884258|60
35.22438|baseline|93.9735|10.6413|0|0|False|1:1|132|132|40884258|60
35.23518|baseline|93.09512|10.7417|0|0|False|1:1|132|132|40884258|60
35.24634|baseline|87.89895|11.3767|0|0|False|1:1|133|133|40884260|60
35.25779|baseline|88.68867|11.2754|0|0|False|1:1|132|132|40884258|60
35.26826|baseline|93.88172|10.6517|0|0|False|1:1|132|132|40884258|60
35.27948|baseline|90.63637|11.0331|0|0|False|1:1|132|132|40884258|60
35.29|baseline|93.46227|10.6995|0|0|False|1:1|132|132|40884258|60
35.30082|baseline|93.75673|10.6659|0|0|False|1:1|132|132|40884258|60
35.31131|baseline|93.81569|10.6592|0|0|False|1:1|132|132|40884258|60
35.32249|baseline|91.17351|10.9681|0|0|False|1:1|132|132|40884258|60
35.33305|baseline|93.20013|10.7296|0|0|False|1:1|132|132|40884258|60
35.34402|baseline|92.52491|10.8079|0|0|False|1:1|131|131|40525650|60
35.35501|baseline|90.68401|11.0273|0|0|False|1:1|132|132|40884258|60
35.36561|baseline|93.13413|10.7372|0|0|False|1:1|132|132|40884258|60
35.37683|baseline|91.65821|10.9101|0|0|False|1:1|132|132|40884258|60
35.38721|baseline|93.36026|10.7112|0|0|False|1:1|132|132|40884258|60
35.40141|baseline|71.72004|13.9431|0|0|False|1:1|133|133|40884260|60
35.411|baseline|101.5837|9.844097|0|0|False|1:1|133|133|40884260|60
35.42243|baseline|89.08528|11.2252|0|0|False|1:1|132|132|40884258|60
35.43309|baseline|92.38383|10.8244|0|0|False|1:1|132|132|40884258|60
35.44424|baseline|90.55348|11.0432|0|0|False|1:1|132|132|40884258|60
35.45535|baseline|92.6501|10.7933|0|0|False|1:1|132|132|40884258|60
35.46559|baseline|93.50686|10.6944|0|0|False|1:1|132|132|40884258|60
35.47666|baseline|91.93965|10.8767|0|0|False|1:1|131|131|40884058|60
35.48761|baseline|90.41425|11.0602|0|0|False|1:1|132|132|40884258|60
35.49866|baseline|92.22716|10.84279|0|0|False|1:1|132|132|40884258|60
35.50922|baseline|92.87119|10.7676|0|0|False|1:1|132|132|40884258|60
35.51991|baseline|94.12116|10.6246|0|0|False|1:1|132|132|40884258|60
35.53046|baseline|93.67681|10.675|0|0|False|1:1|132|132|40884258|60
35.54153|baseline|91.60281|10.91669|0|0|False|1:1|132|132|40884258|60
35.55211|baseline|92.86172|10.7687|0|0|False|1:1|132|132|40884258|60
35.56297|baseline|93.5086|10.6942|0|0|False|1:1|132|132|40884258|60
35.57463|baseline|86.09781|11.6147|0|0|False|1:1|133|133|40884260|60
35.58545|baseline|90.67416|11.0285|0|0|False|1:1|132|132|40884258|60
35.59656|baseline|92.16674|10.8499|0|0|False|1:1|132|132|40884258|60
35.60719|baseline|92.17692|10.8487|0|0|False|1:1|132|132|40884258|60
35.618|baseline|93.49553|10.6957|0|0|False|1:1|132|132|40884258|60
35.62863|baseline|93.26357|10.7223|0|0|False|1:1|132|132|40884258|60
35.63959|baseline|92.77728|10.7785|0|0|False|1:1|132|132|40884258|60
35.65025|baseline|93.15239|10.7351|0|0|False|1:1|131|131|40525650|60
35.66105|baseline|92.66549|10.7915|0|0|False|1:1|132|132|40884258|60
35.67156|baseline|93.48853|10.6965|0|0|False|1:1|132|132|40884258|60
35.68254|baseline|92.2935|10.835|0|0|False|1:1|132|132|40884258|60
35.69314|baseline|93.16364|10.7338|0|0|False|1:1|132|132|40884258|60
35.7041|baseline|93.41606|10.7048|0|0|False|1:1|132|132|40884258|60
35.71529|baseline|89.27216|11.2017|0|0|False|1:1|132|132|40884258|60
35.72582|baseline|92.7145|10.7858|0|0|False|1:1|132|132|40884258|60
35.7372|baseline|89.45664|11.1786|0|0|False|1:1|133|133|40884260|60
35.7481|baseline|90.64043|11.0326|0|0|False|1:1|132|132|40884258|60
35.75902|baseline|92.29864|10.8344|0|0|False|1:1|132|132|40884258|60
35.76946|baseline|94.5242|10.5793|0|0|False|1:1|132|132|40884258|60
35.78041|baseline|93.34717|10.7127|0|0|False|1:1|132|132|40884258|60
35.79128|baseline|90.00092|11.111|0|0|False|1:1|132|132|40884258|60
35.80225|baseline|92.57887|10.8016|0|0|False|1:1|131|131|40884257|60
35.81294|baseline|93.18966|10.7308|0|0|False|1:1|132|132|40884258|60
35.82365|baseline|93.58128|10.6859|0|0|False|1:1|132|132|40884258|60
35.83422|baseline|93.23923|10.7251|0|0|False|1:1|132|132|40884258|60
35.84543|baseline|92.65777|10.7924|0|0|False|1:1|132|132|40884258|60
35.85589|baseline|93.34717|10.7127|0|0|False|1:1|132|132|40884258|60
35.86633|baseline|94.19304|10.6165|0|0|False|1:1|132|132|40884258|60
35.8775|baseline|91.107|10.9761|0|0|False|1:1|132|132|40884258|60
35.88809|baseline|92.82641|10.7728|0|0|False|1:1|132|132|40884258|60
35.90173|baseline|73.82197|13.5461|0|0|False|1:1|133|133|40884260|60
35.91265|baseline|90.79848|11.0134|0|0|False|1:1|132|132|40884258|60
35.92363|baseline|92.89968|10.7643|0|0|False|1:1|132|132|40884258|60
35.93417|baseline|93.0527|10.7466|0|0|False|1:1|132|132|40884258|60
35.94548|baseline|89.74325|11.1429|0|0|False|1:1|132|132|40884258|60
35.95636|baseline|92.09715|10.8581|0|0|False|1:1|132|132|40884258|60
35.96685|baseline|93.47627|10.6979|0|0|False|1:1|131|131|40525650|60
35.97791|baseline|91.84086|10.8884|0|0|False|1:1|132|132|40884258|60
35.9884|baseline|93.8668|10.65339|0|0|False|1:1|132|132|40884258|60
35.99947|baseline|92.34375|10.8291|0|0|False|1:1|132|132|40884258|60
36.01011|baseline|92.45901|10.8156|0|0|False|1:1|132|132|40884258|60
36.02113|baseline|92.06837|10.86149|0|0|False|1:1|132|132|40884258|60
36.03185|baseline|91.54571|10.9235|0|0|False|1:1|132|132|40884258|60
36.04295|baseline|91.73471|10.901|0|0|False|1:1|132|132|40884258|60
36.05358|baseline|92.63891|10.7946|0|0|False|1:1|132|132|40884258|60
36.06497|baseline|88.94502|11.2429|0|0|False|1:1|133|133|40884260|60
36.07626|baseline|88.70206|11.2737|0|0|False|1:1|132|132|40884258|60
36.08696|baseline|91.61786|10.9149|0|0|False|1:1|132|132|40884258|60
36.09798|baseline|92.11921|10.8555|0|0|False|1:1|132|132|40884258|60
36.10878|baseline|92.4847|10.8126|0|0|False|1:1|132|132|40884258|60
36.11965|baseline|92.17776|10.8486|0|0|False|1:1|132|132|40884258|60
36.13029|baseline|92.93076|10.7607|0|0|False|1:1|132|132|40884258|60
36.14135|baseline|92.80486|10.7753|0|0|False|1:1|132|132|40884258|60
36.15173|baseline|93.29137|10.7191|0|0|False|1:1|132|132|40884258|60
36.16286|baseline|91.41441|10.93919|0|0|False|1:1|132|132|40884258|60
36.17344|baseline|92.84962|10.7701|0|0|False|1:1|132|132|40884258|60
36.18457|baseline|91.35423|10.9464|0|0|False|1:1|132|132|40884258|60
36.19574|baseline|89.68451|11.1502|0|0|False|1:1|132|132|40884258|60
36.2064|baseline|92.39242|10.8234|0|0|False|1:1|132|132|40884258|60
36.21721|baseline|93.81918|10.6588|0|0|False|1:1|132|132|40884258|60
36.22831|baseline|88.52222|11.2966|0|0|False|1:1|133|133|40884260|60
36.23958|baseline|90.2584|11.0793|0|0|False|1:1|132|132|40884258|60
36.25016|baseline|93.11508|10.7394|0|0|False|1:1|132|132|40884258|60
36.26107|baseline|92.6166|10.7972|0|0|False|1:1|132|132|40884258|60
36.2716|baseline|93.85793|10.6544|0|0|False|1:1|132|132|40884258|60
36.28247|baseline|94.0751|10.6298|0|0|False|1:1|132|132|40884258|60
36.29304|baseline|92.33868|10.8297|0|0|False|1:1|132|132|40884258|60
36.30392|baseline|93.52961|10.6918|0|0|False|1:1|132|132|40884258|60
36.31437|baseline|94.19039|10.61679|0|0|False|1:1|132|132|40884258|60
36.32515|baseline|94.06451|10.631|0|0|False|1:1|132|132|40884258|60
36.33582|baseline|93.67681|10.675|0|0|False|1:1|132|132|40884258|60
36.34621|baseline|95.19094|10.5052|0|0|False|1:1|131|131|40525650|60
36.35717|baseline|93.14458|10.736|0|0|False|1:1|132|132|40884258|60
36.36763|baseline|93.24182|10.7248|0|0|False|1:1|132|132|40884258|60
36.37843|baseline|93.9576|10.6431|0|0|False|1:1|132|132|40884258|60
36.38963|baseline|88.29243|11.326|0|0|False|1:1|133|133|40884260|60
36.40453|baseline|68.16305|14.67071|0|0|False|1:1|132|131|40525650|60
36.41357|baseline|107.3999|9.310998|0|0|False|1:1|132|131|40525650|60
36.42444|baseline|93.3271|10.715|0|0|False|1:1|132|132|40884258|60
36.43507|baseline|94.16637|10.6195|0|0|False|1:1|132|132|40884258|60
36.44561|baseline|93.74975|10.6667|0|0|False|1:1|132|132|40884258|60
36.45655|baseline|92.46931|10.8144|0|0|False|1:1|132|132|40884258|60
36.46708|baseline|93.7523|10.6664|0|0|False|1:1|132|132|40884258|60
36.47797|baseline|93.16106|10.7341|0|0|False|1:1|132|132|40884258|60
36.48854|baseline|92.97913|10.7551|0|0|False|1:1|132|132|40884258|60
36.49955|baseline|92.42661|10.8194|0|0|False|1:1|132|132|40884258|60
36.51003|baseline|94.19832|10.6159|0|0|False|1:1|132|132|40884258|60
36.52094|baseline|93.79455|10.6616|0|0|False|1:1|132|132|40884258|60
36.53145|baseline|93.3245|10.7153|0|0|False|1:1|132|132|40884258|60
36.54245|baseline|92.42655|10.8194|0|0|False|1:1|132|132|40884258|60
36.5535|baseline|88.23397|11.3335|0|0|False|1:1|133|133|40884260|60
36.5652|baseline|89.40309|11.1853|0|0|False|1:1|132|132|40884258|60
36.57607|baseline|89.9685|11.115|0|0|False|1:1|132|132|40884258|60
36.58668|baseline|92.16169|10.8505|0|0|False|1:1|132|132|40884258|60
36.59743|baseline|94.39036|10.5943|0|0|False|1:1|132|132|40884258|60
36.60799|baseline|93.26006|10.7227|0|0|False|1:1|132|132|40884258|60
36.61888|baseline|93.18277|10.7316|0|0|False|1:1|132|132|40884258|60
36.62939|baseline|93.83067|10.6575|0|0|False|1:1|132|132|40884258|60
36.64027|baseline|93.33321|10.7143|0|0|False|1:1|132|132|40884258|60
36.65085|baseline|93.13757|10.7368|0|0|False|1:1|132|132|40884258|60
36.66174|baseline|93.07436|10.7441|0|0|False|1:1|132|132|40884258|60
36.6723|baseline|93.12897|10.7378|0|0|False|1:1|132|132|40884258|60
36.6831|baseline|93.93196|10.646|0|0|False|1:1|132|132|40884258|60
36.69357|baseline|94.07605|10.6297|0|0|False|1:1|132|132|40884258|60
36.70469|baseline|91.65648|10.9103|0|0|False|1:1|132|132|40884258|60
36.71618|baseline|87.77396|11.3929|0|0|False|1:1|133|133|40884260|60
36.72683|baseline|91.27753|10.9556|0|0|False|1:1|132|132|40884258|60
36.7378|baseline|92.65607|10.7926|0|0|False|1:1|132|132|40884258|60
36.74839|baseline|93.10992|10.73999|0|0|False|1:1|132|132|40884258|60
36.7594|baseline|92.35143|10.8282|0|0|False|1:1|132|132|40884258|60
36.76983|baseline|94.04771|10.6329|0|0|False|1:1|132|132|40884258|60
36.7808|baseline|92.48901|10.8121|0|0|False|1:1|132|132|40884258|60
36.79146|baseline|92.83495|10.7718|0|0|False|1:1|132|132|40884258|60
36.8022|baseline|94.02208|10.6358|0|0|False|1:1|132|132|40884258|60
36.81285|baseline|92.67924|10.7899|0|0|False|1:1|132|132|40884258|60
36.82376|baseline|93.0034|10.7523|0|0|False|1:1|132|132|40884258|60
36.83472|baseline|91.76752|10.8971|0|0|False|1:1|132|132|40884258|60
36.84539|baseline|91.93204|10.8776|0|0|False|1:1|132|132|40884258|60
36.85643|baseline|91.95911|10.8744|0|0|False|1:1|132|132|40884258|60
36.86701|baseline|92.84705|10.7704|0|0|False|1:1|132|132|40884258|60
36.87842|baseline|88.68316|11.2761|0|0|False|1:1|133|133|40884260|60
36.88925|baseline|91.28415|10.9548|0|0|False|1:1|131|132|40884258|60
36.90013|baseline|92.92384|10.7615|0|0|False|1:1|132|132|40884258|60
36.91405|baseline|71.12731|14.0593|0|0|False|1:1|132|132|40884258|60
36.92384|baseline|103.8615|9.628202|0|0|False|1:1|132|132|40884258|60
36.93437|baseline|93.64617|10.67849|0|0|False|1:1|132|132|40884258|60
36.94541|baseline|92.28156|10.8364|0|0|False|1:1|132|132|40884258|60
36.95659|baseline|92.009|10.8685|0|0|False|1:1|132|132|40884258|60
36.96671|baseline|94.12029|10.6247|0|0|False|1:1|132|132|40884258|60
36.97757|baseline|93.3838|10.7085|0|0|False|1:1|132|132|40884258|60
36.9882|baseline|92.86343|10.7685|0|0|False|1:1|132|132|40884258|60
36.99905|baseline|93.64877|10.6782|0|0|False|1:1|132|132|40884258|60
37.00959|baseline|93.05006|10.7469|0|0|False|1:1|132|132|40884258|60
37.02052|baseline|93.02933|10.7493|0|0|False|1:1|132|132|40884258|60
37.03102|baseline|93.9558|10.6433|0|0|False|1:1|132|132|40884258|60
37.04261|baseline|88.35722|11.31769|0|0|False|1:1|133|133|40884260|60
37.05354|baseline|89.39663|11.1861|0|0|False|1:1|132|132|40884258|60
37.06437|baseline|93.79455|10.6616|0|0|False|1:1|132|132|40884258|60
37.07516|baseline|92.45992|10.8155|0|0|False|1:1|132|132|40884258|60
37.08552|baseline|94.71758|10.5577|0|0|False|1:1|132|132|40884258|60
37.09657|baseline|91.89151|10.8824|0|0|False|1:1|132|132|40884258|60
37.10711|baseline|93.4798|10.6975|0|0|False|1:1|132|132|40884258|60
37.11818|baseline|91.60109|10.9169|0|0|False|1:1|132|132|40884258|60
37.12864|baseline|94.2178|10.6137|0|0|False|1:1|132|132|40884258|60
37.13979|baseline|91.39684|10.9413|0|0|False|1:1|132|132|40884258|60
37.15045|baseline|92.34634|10.8288|0|0|False|1:1|132|132|40884258|60
37.16154|baseline|91.7263|10.902|0|0|False|1:1|132|132|40884258|60
37.17215|baseline|92.70932|10.7864|0|0|False|1:1|132|132|40884258|60
37.18289|baseline|94.312|10.6031|0|0|False|1:1|132|132|40884258|60
37.19345|baseline|92.98869|10.754|0|0|False|1:1|132|132|40884258|60
37.20498|baseline|88.22073|11.3352|0|0|False|1:1|133|133|40884260|60
37.21595|baseline|91.00095|10.9889|0|0|False|1:1|132|132|40884258|60
37.2265|baseline|93.22789|10.7264|0|0|False|1:1|132|132|40884258|60
37.2376|baseline|93.28971|10.7193|0|0|False|1:1|132|132|40884258|60
37.2481|baseline|92.43854|10.818|0|0|False|1:1|132|132|40884258|60
37.25921|baseline|91.72707|10.90191|0|0|False|1:1|132|132|40884258|60
37.26964|baseline|93.48506|10.6969|0|0|False|1:1|132|132|40884258|60
37.28083|baseline|91.03899|10.9843|0|0|False|1:1|132|132|40884258|60
37.29152|baseline|92.37283|10.82569|0|0|False|1:1|132|132|40884258|60
37.30253|baseline|93.32969|10.7147|0|0|False|1:1|132|132|40884258|60
37.31301|baseline|92.29864|10.8344|0|0|False|1:1|132|132|40884258|60
37.32407|baseline|91.65648|10.9103|0|0|False|1:1|132|132|40884258|60
37.33492|baseline|93.49113|10.6962|0|0|False|1:1|132|132|40884258|60
37.34566|baseline|90.56087|11.0423|0|0|False|1:1|132|132|40884258|60
37.35669|baseline|92.17101|10.8494|0|0|False|1:1|132|132|40884258|60
37.36773|baseline|89.08129|11.2257|0|0|False|1:1|133|133|40884260|60
37.37914|baseline|90.94383|10.9958|0|0|False|1:1|131|130|40525650|60
37.38999|baseline|88.87305|11.25201|0|0|False|1:1|132|132|40884258|60
37.40117|baseline|90.78943|11.0145|0|0|False|1:1|132|132|40884258|60
37.41168|baseline|93.52788|10.692|0|0|False|1:1|131|131|40525650|60
37.42524|baseline|74.47956|13.4265|0|0|False|1:1|132|132|40884258|60
37.43665|baseline|87.70316|11.4021|0|0|False|1:1|132|132|40884258|60
37.44661|baseline|99.31377|10.0691|0|0|False|1:1|132|132|40884258|60
37.45769|baseline|91.7776|10.8959|0|0|False|1:1|132|132|40884258|60
37.46811|baseline|93.90821|10.6487|0|0|False|1:1|132|132|40884258|60
37.47908|baseline|93.4684|10.6988|0|0|False|1:1|132|132|40884258|60
37.48956|baseline|93.73212|10.6687|0|0|False|1:1|132|132|40884258|60
37.50032|baseline|93.70052|10.6723|0|0|False|1:1|132|132|40884258|60
37.51085|baseline|93.54102|10.6905|0|0|False|1:1|132|132|40884258|60
37.52174|baseline|93.54709|10.6898|0|0|False|1:1|132|132|40884258|60
37.53294|baseline|87.90903|11.3754|0|0|False|1:1|133|133|40884260|60
37.5444|baseline|88.96953|11.2398|0|0|False|1:1|132|132|40884258|60
37.55527|baseline|92.58834|10.8005|0|0|False|1:1|132|132|40884258|60
37.56578|baseline|92.66549|10.7915|0|0|False|1:1|132|132|40884258|60
37.57695|baseline|90.41836|11.0597|0|0|False|1:1|132|132|40884258|60
37.58747|baseline|93.9364|10.6455|0|0|False|1:1|132|132|40884258|60
37.59838|baseline|93.03797|10.7483|0|0|False|1:1|132|132|40884258|60
37.60883|baseline|94.03624|10.6342|0|0|False|1:1|132|132|40884258|60
37.61974|baseline|93.32012|10.7158|0|0|False|1:1|132|132|40884258|60
37.63034|baseline|93.40648|10.7059|0|0|False|1:1|132|132|40884258|60
37.64119|baseline|92.92727|10.7611|0|0|False|1:1|132|132|40884258|60
37.65171|baseline|93.64002|10.67919|0|0|False|1:1|132|132|40884258|60
37.66269|baseline|92.81603|10.774|0|0|False|1:1|132|132|40884258|60
37.67314|baseline|93.74353|10.6674|0|0|False|1:1|132|132|40884258|60
37.68424|baseline|91.76752|10.8971|0|0|False|1:1|132|132|40884258|60
37.6957|baseline|88.70836|11.27289|0|0|False|1:1|133|133|40884260|60
37.70647|baseline|89.81979|11.1334|0|0|False|1:1|132|132|40884258|60
37.71752|baseline|91.9828|10.8716|0|0|False|1:1|132|132|40884258|60
37.72785|baseline|94.8866|10.5389|0|0|False|1:1|132|132|40884258|60
37.73882|baseline|92.74369|10.7824|0|0|False|1:1|132|132|40884258|60
37.7494|baseline|92.8781|10.7668|0|0|False|1:1|130|129|40167042|60
37.76036|baseline|92.95408|10.758|0|0|False|1:1|132|132|40884258|60
37.77104|baseline|92.4044|10.822|0|0|False|1:1|132|132|40884258|60
37.78188|baseline|93.68559|10.674|0|0|False|1:1|132|132|40884258|60
37.7925|baseline|92.38305|10.8245|0|0|False|1:1|132|132|40884258|60
37.80325|baseline|94.27824|10.6069|0|0|False|1:1|132|132|40884258|60
37.81373|baseline|93.89934|10.6497|0|0|False|1:1|132|132|40884258|60
37.82472|baseline|92.44109|10.8177|0|0|False|1:1|132|132|40884258|60
37.83561|baseline|91.56335|10.9214|0|0|False|1:1|132|132|40884258|60
37.84619|baseline|93.35155|10.7122|0|0|False|1:1|132|132|40884258|60
37.8578|baseline|87.93915|11.3715|0|0|False|1:1|133|133|40884260|60
37.86884|baseline|89.31759|11.196|0|0|False|1:1|132|132|40884258|60
37.88035|baseline|87.57874|11.4183|0|0|False|1:1|132|132|40884258|60
37.89114|baseline|91.39346|10.9417|0|0|False|1:1|132|132|40884258|60
37.90214|baseline|94.5349|10.5781|0|0|False|1:1|132|132|40884258|60
37.91227|baseline|94.65487|10.5647|0|0|False|1:1|132|132|40884258|60
37.92691|baseline|68.99455|14.4939|0|0|False|1:1|132|132|40884258|60
37.93621|baseline|107.5477|9.2982|0|0|False|1:1|132|132|40884258|60
37.94688|baseline|92.54803|10.8052|0|0|False|1:1|132|132|40884258|60
37.95821|baseline|89.92241|11.1207|0|0|False|1:1|132|132|40884258|60
37.96867|baseline|93.54276|10.6903|0|0|False|1:1|132|132|40884258|60
37.9795|baseline|93.78483|10.66271|0|0|False|1:1|132|132|40884258|60
37.99022|baseline|91.92617|10.87829|0|0|False|1:1|130|128|40167042|60
38.00117|baseline|93.41427|10.705|0|0|False|1:1|132|132|40884258|60
38.01175|baseline|92.32503|10.8313|0|0|False|1:1|132|132|40884258|60
38.02326|baseline|88.54727|11.2934|0|0|False|1:1|133|133|40884260|60
38.03475|baseline|86.72881|11.53019|0|0|False|1:1|132|132|40884258|60
38.04527|baseline|94.27647|10.6071|0|0|False|1:1|132|132|40884258|60
38.05625|baseline|92.49749|10.8111|0|0|False|1:1|132|132|40884258|60
38.06691|baseline|92.40948|10.8214|0|0|False|1:1|132|132|40884258|60
38.07774|baseline|92.86172|10.7687|0|0|False|1:1|132|132|40884258|60
38.08814|baseline|94.63608|10.56679|0|0|False|1:1|132|132|40884258|60
38.09924|baseline|91.69936|10.9052|0|0|False|1:1|132|132|40884258|60
38.1098|baseline|93.03883|10.7482|0|0|False|1:1|132|132|40884258|60
38.12082|baseline|92.3301|10.8307|0|0|False|1:1|132|132|40884258|60
38.13151|baseline|91.94558|10.876|0|0|False|1:1|132|132|40884258|60
38.14245|baseline|92.82556|10.77289|0|0|False|1:1|132|132|40884258|60
38.15293|baseline|93.76196|10.66531|0|0|False|1:1|132|132|40884258|60
38.16382|baseline|93.50079|10.6951|0|0|False|1:1|132|132|40884258|60
38.17463|baseline|92.32841|10.8309|0|0|False|1:1|132|132|40884258|60
38.18579|baseline|88.34859|11.3188|0|0|False|1:1|133|133|40884260|60
38.19708|baseline|90.1161|11.0968|0|0|False|1:1|132|132|40884258|60
38.20817|baseline|88.58101|11.2891|0|0|False|1:1|132|132|40884258|60
38.21914|baseline|92.53777|10.8064|0|0|False|1:1|132|132|40884258|60
38.22963|baseline|93.97963|10.6406|0|0|False|1:1|132|132|40884258|60
38.24149|baseline|85.54252|11.69009|0|0|False|1:1|132|132|40884258|60
38.25204|baseline|93.14452|10.736|0|0|False|1:1|132|132|40884258|60
38.26307|baseline|92.86343|10.7685|0|0|False|1:1|132|131|40884258|60
38.27364|baseline|92.33185|10.8305|0|0|False|1:1|132|132|40884258|60
38.28846|baseline|67.93479|14.72|0|0|False|1:1|132|132|40884258|60
38.29716|baseline|116.2304|8.6036|0|0|False|1:1|132|132|40884258|60
38.30771|baseline|93.20271|10.7293|0|0|False|1:1|132|132|40884258|60
38.31894|baseline|91.17516|10.9679|0|0|False|1:1|132|132|40884258|60
38.32948|baseline|92.4907|10.8119|0|0|False|1:1|132|132|40884258|60
38.34087|baseline|91.12694|10.9737|0|0|False|1:1|132|132|40884258|60
38.35194|baseline|87.01099|11.4928|0|0|False|1:1|132|132|40525652|60
38.36322|baseline|90.5346|11.0455|0|0|False|1:1|132|132|40884258|60
38.37379|baseline|92.56775|10.8029|0|0|False|1:1|132|132|40884258|60
38.38504|baseline|92.14465|10.8525|0|0|False|1:1|132|132|40884258|60
38.39548|baseline|93.68297|10.6743|0|0|False|1:1|132|132|40884258|60
38.40606|baseline|93.109|10.7401|0|0|False|1:1|132|132|40884258|60
38.41704|baseline|92.73601|10.7833|0|0|False|1:1|132|132|40884258|60
38.43089|baseline|71.09087|14.0665|0|0|False|1:1|132|132|40884258|60
38.4411|baseline|100.0841|9.991595|0|0|False|1:1|132|132|40884258|60
38.45181|baseline|91.89821|10.8816|0|0|False|1:1|132|132|40884258|60
38.46302|baseline|92.85225|10.7698|0|0|False|1:1|132|132|40884258|60
38.47346|baseline|92.08104|10.86|0|0|False|1:1|132|132|40884258|60
38.48452|baseline|91.62125|10.9145|0|0|False|1:1|132|132|40884258|60
38.49517|baseline|93.83852|10.6566|0|0|False|1:1|132|132|40884258|60
38.50576|baseline|92.96964|10.7562|0|0|False|1:1|132|132|40884258|60
38.51732|baseline|87.838|11.38459|0|0|False|1:1|133|133|40884260|60
38.52798|baseline|92.10815|10.8568|0|0|False|1:1|132|132|40884258|60
38.53903|baseline|93.98671|10.6398|0|0|False|1:1|132|132|40884258|60
38.54963|baseline|91.92617|10.87829|0|0|False|1:1|132|132|40884258|60
38.5605|baseline|92.70159|10.7873|0|0|False|1:1|131|131|40525650|60
38.57119|baseline|91.88642|10.883|0|0|False|1:1|131|131|40525650|60
38.5822|baseline|92.21606|10.8441|0|0|False|1:1|132|132|40884258|60
38.59271|baseline|93.53221|10.6915|0|0|False|1:1|132|132|40884258|60
38.60362|baseline|93.03712|10.7484|0|0|False|1:1|132|131|40167042|60
38.61411|baseline|93.99734|10.6386|0|0|False|1:1|131|131|40525650|60
38.62489|baseline|93.90727|10.6488|0|0|False|1:1|132|132|40884258|60
38.63559|baseline|93.62157|10.6813|0|0|False|1:1|132|132|40884258|60
38.64617|baseline|93.16715|10.7334|0|0|False|1:1|132|132|40884258|60
38.65726|baseline|91.39931|10.941|0|0|False|1:1|132|132|40884258|60
38.66795|baseline|92.63976|10.7945|0|0|False|1:1|132|132|40884258|60
38.67965|baseline|86.39383|11.5749|0|0|False|1:1|133|133|40884260|60
38.6905|baseline|90.72021|11.0229|0|0|False|1:1|132|132|40884258|60
38.70454|baseline|71.70207|13.9466|0|0|False|1:1|132|132|40884258|60
38.71412|baseline|103.4779|9.663903|0|0|False|1:1|132|132|40884258|60
38.72495|baseline|93.99115|10.6393|0|0|False|1:1|132|132|40884258|60
38.73571|baseline|92.53692|10.8065|0|0|False|1:1|132|132|40884258|60
38.74621|baseline|93.86149|10.654|0|0|False|1:1|132|132|40884258|60
38.75745|baseline|90.54936|11.0437|0|0|False|1:1|132|132|40884258|60
38.7681|baseline|92.30117|10.8341|0|0|False|1:1|132|132|40884258|60
38.77902|baseline|93.06651|10.745|0|0|False|1:1|132|132|40884258|60
38.78955|baseline|93.57339|10.6868|0|0|False|1:1|132|132|40884258|60
38.80197|baseline|80.80285|12.3758|0|0|False|1:1|132|132|40884258|60
38.81095|baseline|110.6844|9.0347|0|0|False|1:1|132|132|40884258|60
38.8222|baseline|91.44445|10.9356|0|0|False|1:1|132|132|40884258|60
38.83251|baseline|93.78664|10.6625|0|0|False|1:1|132|132|40884258|60
38.84409|baseline|87.7547|11.3954|0|0|False|1:1|133|133|40884260|60
38.85505|baseline|91.7625|10.8977|0|0|False|1:1|132|132|40884258|60
38.86612|baseline|88.83439|11.2569|0|0|False|1:1|132|132|40884258|60
38.87702|baseline|92.34979|10.82839|0|0|False|1:1|132|132|40884258|60
38.88789|baseline|91.09871|10.9771|0|0|False|1:1|132|132|40884258|60
38.89942|baseline|88.16633|11.3422|0|0|False|1:1|132|132|40884258|60
38.9098|baseline|94.40728|10.5924|0|0|False|1:1|132|132|40884258|60
38.92085|baseline|92.01752|10.8675|0|0|False|1:1|132|132|40884258|60
38.93496|baseline|70.64142|14.156|0|0|False|1:1|132|132|40884258|60
38.94423|baseline|106.4317|9.395699|0|0|False|1:1|132|132|40884258|60
38.95522|baseline|92.68271|10.7895|0|0|False|1:1|132|132|40884258|60
38.96584|baseline|92.63033|10.7956|0|0|False|1:1|132|132|40884258|60
38.97674|baseline|93.15669|10.7346|0|0|False|1:1|132|132|40884258|60
38.98734|baseline|92.78418|10.7777|0|0|False|1:1|132|132|40884258|60
38.99846|baseline|91.39346|10.9417|0|0|False|1:1|132|132|40884258|60
39.0097|baseline|87.49137|11.4297|0|0|False|1:1|133|133|40884260|60
39.02098|baseline|89.99197|11.1121|0|0|False|1:1|132|132|40884258|60
39.03144|baseline|94.07517|10.6298|0|0|False|1:1|132|132|40884258|60
39.04248|baseline|93.83503|10.657|0|0|False|1:1|131|131|40525650|60
39.05298|baseline|92.6501|10.7933|0|0|False|1:1|132|132|40884258|60
39.06395|baseline|92.7162|10.7856|0|0|False|1:1|132|132|40884258|60
39.07481|baseline|91.41181|10.9395|0|0|False|1:1|132|132|40884258|60
39.08535|baseline|93.36637|10.71049|0|0|False|1:1|132|132|40884258|60
39.0961|baseline|94.21341|10.6142|0|0|False|1:1|132|132|40884258|60
39.10667|baseline|93.20444|10.7291|0|0|False|1:1|132|132|40884258|60
39.11771|baseline|92.15657|10.8511|0|0|False|1:1|132|132|40884258|60
39.12817|baseline|93.91171|10.6483|0|0|False|1:1|132|132|40884258|60
39.13902|baseline|93.83154|10.6574|0|0|False|1:1|132|132|40884258|60
39.14945|baseline|94.17524|10.6185|0|0|False|1:1|132|132|40884258|60
39.16031|baseline|93.32969|10.7147|0|0|False|1:1|132|132|40884258|60
39.17163|baseline|87.52892|11.4248|0|0|False|1:1|133|133|40884260|60
39.18281|baseline|90.6125|11.03601|0|0|False|1:1|132|132|40884258|60
39.19349|baseline|92.50095|10.8107|0|0|False|1:1|132|132|40884258|60
39.20432|baseline|93.43177|10.703|0|0|False|1:1|132|132|40884258|60
39.21495|baseline|93.98852|10.6396|0|0|False|1:1|132|132|40884258|60
39.22534|baseline|94.65932|10.5642|0|0|False|1:1|132|132|40884258|60
39.23617|baseline|93.53922|10.6907|0|0|False|1:1|132|132|40884258|60
39.24667|baseline|94.03361|10.6345|0|0|False|1:1|132|132|40884258|60
39.25738|baseline|94.55099|10.5763|0|0|False|1:1|132|132|40884258|60
39.26797|baseline|93.32975|10.7147|0|0|False|1:1|132|132|40884258|60
39.27885|baseline|93.07952|10.7435|0|0|False|1:1|132|132|40884258|60
39.28944|baseline|93.0856|10.7428|0|0|False|1:1|132|132|40884258|60
39.30022|baseline|94.43047|10.5898|0|0|False|1:1|132|132|40884258|60
39.31065|baseline|94.07342|10.63|0|0|False|1:1|132|132|40884258|60
39.32224|baseline|91.81976|10.8909|0|0|False|1:1|132|132|40884258|60
39.33281|baseline|88.94659|11.2427|0|0|False|1:1|133|133|40884260|60
39.3441|baseline|89.78915|11.1372|0|0|False|1:1|132|132|40884258|60
39.35486|baseline|93.09431|10.74179|0|0|False|1:1|132|132|40884258|60
39.36581|baseline|89.84317|11.13051|0|0|False|1:1|132|132|40884258|60
39.37677|baseline|92.70762|10.7866|0|0|False|1:1|132|132|40884258|60
39.38726|baseline|93.70232|10.67209|0|0|False|1:1|132|132|40884258|60
39.39822|baseline|92.44962|10.8167|0|0|False|1:1|132|132|40884258|60
39.40882|baseline|93.07952|10.7435|0|0|False|1:1|132|132|40884258|60
39.41977|baseline|93.02503|10.74979|0|0|False|1:1|132|132|40884258|60
39.4303|baseline|93.51207|10.69381|0|0|False|1:1|132|132|40884258|60
39.4447|baseline|69.80513|14.3256|0|0|False|1:1|132|132|40884258|60
39.45382|baseline|108.5752|9.210204|0|0|False|1:1|132|132|40884258|60
39.46472|baseline|93.17841|10.7321|0|0|False|1:1|131|131|40525650|60
39.47548|baseline|93.51127|10.6939|0|0|False|1:1|132|132|40884258|60
39.48609|baseline|91.98447|10.8714|0|0|False|1:1|130|130|40167042|60
39.49751|baseline|88.87545|11.2517|0|0|False|1:1|133|133|40884260|60
39.50845|baseline|90.36364|11.0664|0|0|False|1:1|132|132|40884258|60
39.51935|baseline|92.87033|10.7677|0|0|False|1:1|132|132|40884258|60
39.52983|baseline|93.91527|10.6479|0|0|False|1:1|130|130|40525450|60
39.54101|baseline|91.69769|10.9054|0|0|False|1:1|132|132|40884258|60
39.5516|baseline|92.63544|10.795|0|0|False|1:1|132|132|40884258|60
39.56239|baseline|94.0778|10.6295|0|0|False|1:1|132|132|40884258|60
39.57301|baseline|92.38812|10.8239|0|0|False|1:1|132|132|40884258|60
39.58398|baseline|92.54378|10.8057|0|0|False|1:1|132|132|40884258|60
39.59488|baseline|91.51977|10.9266|0|0|False|1:1|132|132|40884258|60
39.60544|baseline|93.38725|10.7081|0|0|False|1:1|132|132|40884258|60
39.61642|baseline|92.73601|10.7833|0|0|False|1:1|131|131|40525650|60
39.62678|baseline|94.5546|10.5759|0|0|False|1:1|132|132|40884258|60
39.64037|baseline|74.16638|13.4832|0|0|False|1:1|132|132|40884258|60
39.65056|baseline|97.21854|10.2861|0|0|False|1:1|132|132|40884258|60
39.66199|baseline|88.71304|11.2723|0|0|False|1:1|133|133|40884260|60
39.67286|baseline|90.84056|11.0083|0|0|False|1:1|132|132|40884258|60
39.6839|baseline|91.91341|10.8798|0|0|False|1:1|132|132|40884258|60
39.69493|baseline|92.8247|10.77299|0|0|False|1:1|132|132|40884258|60
39.70526|baseline|92.86948|10.7678|0|0|False|1:1|132|132|40884258|60
39.71608|baseline|93.82623|10.658|0|0|False|1:1|132|132|40884258|60
39.72664|baseline|93.16106|10.7341|0|0|False|1:1|132|131|40525650|60
39.7381|baseline|91.40098|10.9408|0|0|False|1:1|120|120|36222354|60
39.74861|baseline|90.75481|11.0187|0|0|False|1:1|132|132|40884258|60
41.66882|baseline|3|333.3333|0|0|False|1:1|132|132|40884258|60
41.68766|baseline|49.44253|20.2255|0|0|False|1:1|132|132|40884258|60
41.73458|baseline|21.50431|46.5023|0|0|False|1:1|132|132|40884258|60
41.78802|baseline|18.63329|53.6674|0|0|False|1:1|132|132|40884258|60
41.83577|baseline|21.14965|47.2821|0|0|False|1:1|132|132|40884258|60
41.86673|baseline|31.77751|31.4688|0|0|False|1:1|132|132|40884258|60
41.89852|baseline|31.33794|31.9102|0|0|False|1:1|133|133|40884260|60
41.93108|baseline|31.12531|32.1282|0|0|False|1:1|131|132|40884258|60
41.96202|baseline|32.18217|31.0731|0|0|False|1:1|132|132|40884258|60
41.99339|baseline|31.57054|31.6751|0|0|False|1:1|132|132|40884258|60
42.02726|baseline|29.59114|33.7939|0|0|False|1:1|132|132|40884258|60
42.04335|baseline|61.73869|16.1973|0|0|False|1:1|132|132|40884258|60
42.05922|baseline|62.39391|16.0272|0|0|False|1:1|132|132|40884258|60
42.07195|baseline|79.86964|12.5204|0|0|False|1:1|132|132|40884258|60
42.08459|baseline|80.18669|12.4709|0|0|False|1:1|132|132|40884258|60
42.09671|baseline|79.79955|12.5314|0|0|False|1:1|132|132|40884258|60
42.10941|baseline|79.80718|12.5302|0|0|False|1:1|132|132|40884258|60
42.12219|baseline|78.13599|12.7982|0|0|False|1:1|132|132|40884258|60
42.13456|baseline|80.03584|12.4944|0|0|False|1:1|132|132|40884258|60
42.14727|baseline|79.74674|12.5397|0|0|False|1:1|132|132|40884258|60
42.15971|baseline|79.18658|12.6284|0|0|False|1:1|132|132|40884258|60
42.17296|baseline|76.74007|13.031|0|0|False|1:1|133|133|40884260|60
42.18596|baseline|76.79845|13.0211|0|0|False|1:1|132|132|40884258|60
42.20003|baseline|70.66486|14.1513|0|0|False|1:1|132|132|40884258|60
42.21206|baseline|82.39338|12.1369|0|0|False|1:1|132|132|40884258|60
42.2233|baseline|92.09631|10.8582|0|0|False|1:1|132|132|40884258|60
42.23355|baseline|93.95316|10.6436|0|0|False|1:1|131|131|40884246|60
42.24437|baseline|93.88703|10.6511|0|0|False|1:1|132|132|40884258|60
42.25504|baseline|92.18625|10.8476|0|0|False|1:1|131|131|40525650|60
42.26588|baseline|93.75411|10.6662|0|0|False|1:1|132|132|40884258|60
42.2767|baseline|91.23923|10.9602|0|0|False|1:1|132|132|40884258|60
42.28756|baseline|93.21226|10.7282|0|0|False|1:1|132|132|40884258|60
42.29816|baseline|93.43523|10.7026|0|0|False|1:1|132|132|40884258|60
42.3091|baseline|92.88329|10.7662|0|0|False|1:1|132|132|40884258|60
42.31962|baseline|93.16192|10.734|0|0|False|1:1|132|132|40884258|60
42.33054|baseline|92.95579|10.7578|0|0|False|1:1|132|132|40884258|60
42.34184|baseline|88.5685|11.2907|0|0|False|1:1|133|133|40884260|60
42.35291|baseline|89.26815|11.2022|0|0|False|1:1|132|132|40884258|60
42.36427|baseline|90.48956|11.051|0|0|False|1:1|132|132|40884258|60
42.37479|baseline|92.03186|10.8658|0|0|False|1:1|132|132|40884258|60
42.38607|baseline|90.86285|11.0056|0|0|False|1:1|132|132|40884258|60
42.40385|baseline|56.02085|17.8505|0|0|False|1:1|132|132|40884258|60
42.4086|baseline|200.6501|4.983801|0|0|False|1:1|132|132|40884258|60
42.41873|baseline|100.014|9.998604|0|0|False|1:1|132|132|40884258|60
42.4296|baseline|92.39756|10.8228|0|0|False|1:1|132|132|40884258|60
42.44035|baseline|93.17232|10.7328|0|0|False|1:1|132|132|40884258|60
42.45088|baseline|93.3925|10.7075|0|0|False|1:1|132|132|40884258|60
42.46577|baseline|68.04017|14.6972|0|0|False|1:1|132|132|40884258|60
42.48091|baseline|66.23393|15.098|0|0|False|1:1|132|132|40884258|60
42.48959|baseline|112.0624|8.923596|0|0|False|1:1|132|132|40884258|60
42.50074|baseline|91.73888|10.9005|0|0|False|1:1|132|132|40884258|60
42.51605|baseline|64.19596|15.5773|0|0|False|1:1|132|132|40884258|60
42.53157|baseline|65.49048|15.26939|0|0|False|1:1|132|132|40884258|60
42.53955|baseline|121.6559|8.219905|0|0|False|1:1|132|132|40884258|60
42.55057|baseline|92.49155|10.8118|0|0|False|1:1|132|132|40884258|60
42.56166|baseline|89.87796|11.1262|0|0|False|1:1|132|132|40884258|60
42.57221|baseline|93.46227|10.6995|0|0|False|1:1|132|132|40884258|60
42.58339|baseline|91.25842|10.95789|0|0|False|1:1|132|132|40884258|60
42.60019|baseline|59.49121|16.8092|0|0|False|1:1|132|132|40884258|60
42.61108|baseline|90.09498|11.0994|0|0|False|1:1|132|132|40884258|60
42.62535|baseline|70.81753|14.1208|0|0|False|1:1|132|132|40884258|60
42.64048|baseline|66.3363|15.0747|0|0|False|1:1|132|132|40884258|60
42.65497|baseline|67.88499|14.7308|0|0|False|1:1|132|132|40884258|60
42.66405|baseline|112.0448|8.925|0|0|False|1:1|132|132|40884258|60
42.67461|baseline|93.4876|10.69661|0|0|False|1:1|132|132|40884258|60
42.69254|baseline|56.57774|17.6748|0|0|False|1:1|133|133|40884260|60
42.70807|baseline|64.26733|15.56001|0|0|False|1:1|132|132|40884258|60
42.71694|baseline|109.9215|9.097399|0|0|False|1:1|132|132|40884258|60
42.72791|baseline|92.84448|10.7707|0|0|False|1:1|132|132|40884258|60
42.73904|baseline|88.68706|11.2756|0|0|False|1:1|132|132|40884258|60
42.74976|baseline|95.01553|10.5246|0|0|False|1:1|132|132|40884258|60
42.76053|baseline|92.59429|10.7998|0|0|False|1:1|132|132|40884258|60
42.77119|baseline|91.92276|10.8787|0|0|False|1:1|132|132|40884258|60
42.78235|baseline|90.92725|10.9978|0|0|False|1:1|132|132|40884258|60
42.79293|baseline|92.99904|10.7528|0|0|False|1:1|132|132|40884258|60
42.80415|baseline|90.45435|11.0553|0|0|False|1:1|132|132|40884258|60
42.81516|baseline|89.67966|11.1508|0|0|False|1:1|132|132|40884258|60
42.82626|baseline|91.675|10.9081|0|0|False|1:1|132|132|40884258|60
42.83668|baseline|94.07605|10.6297|0|0|False|1:1|132|132|40884258|60
42.84772|baseline|91.79874|10.8934|0|0|False|1:1|131|131|40884257|60
42.85825|baseline|93.78221|10.663|0|0|False|1:1|131|131|40525650|60
42.86982|baseline|87.67929|11.4052|0|0|False|1:1|133|133|40884260|60
42.88096|baseline|89.75375|11.1416|0|0|False|1:1|132|132|40884258|60
42.89164|baseline|91.90833|10.88041|0|0|False|1:1|132|132|40884258|60
42.90255|baseline|93.85181|10.6551|0|0|False|1:1|132|132|40884258|60
42.91313|baseline|93.12288|10.7385|0|0|False|1:1|132|132|40884258|60
42.92429|baseline|90.41586|11.06001|0|0|False|1:1|132|132|40884258|60
42.93501|baseline|91.81725|10.8912|0|0|False|1:1|132|132|40884258|60
42.946|baseline|92.1328|10.8539|0|0|False|1:1|132|132|40884258|60
42.9569|baseline|90.87192|11.0045|0|0|False|1:1|132|132|40884258|60
42.96791|baseline|91.87123|10.8848|0|0|False|1:1|132|132|40884258|60
42.97845|baseline|93.46754|10.6989|0|0|False|1:1|132|132|40884258|60
42.99377|baseline|66.04976|15.1401|0|0|False|1:1|132|132|40884258|60
43.0089|baseline|66.15156|15.1168|0|0|False|1:1|132|132|40884258|60
43.01763|baseline|111.9082|8.935899|0|0|False|1:1|132|132|40884258|60
43.03257|baseline|67.73325|14.7638|0|0|False|1:1|133|133|40884260|60
43.04743|baseline|67.5037|14.814|0|0|False|1:1|132|132|40884258|60
43.06339|baseline|62.40406|16.0246|0|0|False|1:1|132|132|40884258|60
43.07816|baseline|66.94109|14.93851|0|0|False|1:1|132|132|40884258|60
43.09322|baseline|67.38592|14.8399|0|0|False|1:1|132|132|40884258|60
43.10864|baseline|65.04446|15.3741|0|0|False|1:1|132|132|40884258|60
43.11729|baseline|112.8121|8.864301|0|0|False|1:1|132|132|40884258|60
43.12837|baseline|92.00475|10.86901|0|0|False|1:1|132|132|40884258|60
43.13886|baseline|93.26012|10.7227|0|0|False|1:1|132|132|40884258|60
43.14988|baseline|92.2526|10.8398|0|0|False|1:1|132|132|40884258|60
43.16053|baseline|93.73742|10.6681|0|0|False|1:1|132|132|40884258|60
43.17116|baseline|92.5592|10.8039|0|0|False|1:1|132|132|40884258|60
43.18223|baseline|91.85604|10.8866|0|0|False|1:1|132|132|40884258|60
43.19282|baseline|93.22961|10.7262|0|0|False|1:1|132|132|40884258|60
43.20379|baseline|92.42231|10.8199|0|0|False|1:1|132|132|40884258|60
43.21841|baseline|67.48094|14.819|0|0|False|1:1|133|133|40884260|60
43.30696|baseline|11.34433|88.1498|0|0|False|1:1|132|132|40884258|60
43.32154|baseline|67.3791|14.8414|0|0|False|1:1|132|132|40884258|60
43.3307|baseline|107.8341|9.273505|0|0|False|1:1|132|132|40884258|60
43.34207|baseline|89.12737|11.2199|0|0|False|1:1|132|132|40884258|60
43.35268|baseline|92.95494|10.7579|0|0|False|1:1|132|132|40884258|60
43.36357|baseline|93.0527|10.7466|0|0|False|1:1|132|132|40884258|60
43.37804|baseline|68.28594|14.6443|0|0|False|1:1|132|132|40884258|60
43.38776|baseline|104.689|9.552098|0|0|False|1:1|132|132|40884258|60
43.39843|baseline|92.29773|10.8345|0|0|False|1:1|132|132|40884258|60
43.40949|baseline|92.34634|10.8288|0|0|False|1:1|132|132|40884258|60
43.42022|baseline|92.98176|10.7548|0|0|False|1:1|132|132|40884258|60
43.43067|baseline|93.77255|10.6641|0|0|False|1:1|132|132|40884258|60
43.44159|baseline|93.1246|10.7383|0|0|False|1:1|132|132|40884258|60
43.45218|baseline|92.9904|10.7538|0|0|False|1:1|132|132|40884258|60
43.46321|baseline|92.33354|10.8303|0|0|False|1:1|132|132|40884258|60
43.47436|baseline|88.28072|11.3275|0|0|False|1:1|133|133|40884260|60
43.48582|baseline|88.86365|11.2532|0|0|False|1:1|132|132|40884258|60
43.49624|baseline|93.81475|10.6593|0|0|False|1:1|132|132|40884258|60
43.50714|baseline|93.19059|10.7307|0|0|False|1:1|132|132|40884258|60
43.51783|baseline|92.30202|10.834|0|0|False|1:1|132|132|40884258|60
43.52882|baseline|92.5018|10.8106|0|0|False|1:1|132|131|40884258|60
43.5393|baseline|93.6619|10.6767|0|0|False|1:1|132|132|40884258|60
43.55008|baseline|94.40109|10.5931|0|0|False|1:1|132|132|40884258|60
43.56069|baseline|94.00968|10.6372|0|0|False|1:1|132|132|40884258|60
43.5713|baseline|92.92733|10.7611|0|0|False|1:1|132|132|40884258|60
43.58242|baseline|91.11364|10.9753|0|0|False|1:1|132|132|40884258|60
43.60117|baseline|53.78137|18.5938|0|0|False|1:1|132|132|40884258|60
43.61159|baseline|93.32191|10.7156|0|0|False|1:1|132|132|40884258|60
43.62257|baseline|92.65691|10.7925|0|0|False|1:1|132|132|40884258|60
43.63317|baseline|92.71194|10.7861|0|0|False|1:1|131|131|40884257|60
43.6447|baseline|87.87733|11.3795|0|0|False|1:1|133|133|40884260|60
43.65552|baseline|90.93141|10.9973|0|0|False|1:1|132|132|40884258|60
43.66637|baseline|93.8218|10.6585|0|0|False|1:1|132|132|40884258|60
43.67698|baseline|92.7162|10.7856|0|0|False|1:1|132|132|40884258|60
43.68799|baseline|92.29864|10.8344|0|0|False|1:1|132|132|40884258|60
43.69875|baseline|91.33005|10.9493|0|0|False|1:1|132|132|40884258|60
43.70971|baseline|92.88067|10.7665|0|0|False|1:1|132|132|40884258|60
43.72475|baseline|66.15726|15.1155|0|0|False|1:1|132|132|40884258|60
43.73396|baseline|107.3134|9.318501|0|0|False|1:1|132|132|40884258|60
43.74514|baseline|91.42692|10.9377|0|0|False|1:1|132|132|40884258|60
43.75585|baseline|92.00648|10.8688|0|0|False|1:1|132|132|40884258|60
43.76685|baseline|92.22366|10.8432|0|0|False|1:1|132|132|40884258|60
43.77729|baseline|93.55063|10.6894|0|0|False|1:1|132|132|40884258|60
43.78825|baseline|93.07|10.7446|0|0|False|1:1|132|132|40884258|60
43.79875|baseline|94.31119|10.6032|0|0|False|1:1|132|132|40884258|60
43.81059|baseline|85.12954|11.7468|0|0|False|1:1|133|133|40884260|60
43.82151|baseline|91.37429|10.944|0|0|False|1:1|132|132|40884258|60
43.83211|baseline|92.83673|10.7716|0|0|False|1:1|132|132|40884258|60
43.84311|baseline|92.54717|10.8053|0|0|False|1:1|132|132|40884258|60
43.85372|baseline|92.3992|10.8226|0|0|False|1:1|132|132|40884258|60
43.8648|baseline|91.89068|10.8825|0|0|False|1:1|132|132|40884258|60
43.87543|baseline|92.45992|10.8155|0|0|False|1:1|132|132|40884258|60
43.88635|baseline|92.80224|10.7756|0|0|False|1:1|132|132|40884258|60
43.8969|baseline|93.4824|10.6972|0|0|False|1:1|132|132|40884258|60
43.90846|baseline|87.84724|11.3834|0|0|False|1:1|132|131|40884258|60
43.91905|baseline|93.69348|10.6731|0|0|False|1:1|132|132|40884258|60
43.92992|baseline|92.82898|10.7725|0|0|False|1:1|132|132|40884258|60
43.94085|baseline|93.2627|10.7224|0|0|False|1:1|132|132|40884258|60
43.95126|baseline|92.67839|10.79|0|0|False|1:1|132|132|40884258|60
43.96223|baseline|92.48294|10.81281|0|0|False|1:1|132|132|40884258|60
43.9733|baseline|88.93713|11.2439|0|0|False|1:1|133|133|40884260|60
43.98447|baseline|90.95872|10.994|0|0|False|1:1|132|132|40884258|60
43.99501|baseline|93.38466|10.7084|0|0|False|1:1|132|132|40884258|60
44.0058|baseline|94.15929|10.6203|0|0|False|1:1|132|132|40884258|60
44.01619|baseline|94.88385|10.5392|0|0|False|1:1|132|132|40884258|60
44.02707|baseline|93.1125|10.7397|0|0|False|1:1|132|132|40884258|60
44.03749|baseline|94.48219|10.58401|0|0|False|1:1|132|132|40884258|60
44.04838|baseline|93.36637|10.71049|0|0|False|1:1|132|132|40884258|60
44.0591|baseline|91.72881|10.9017|0|0|False|1:1|132|131|40525650|60
44.06996|baseline|93.6312|10.6802|0|0|False|1:1|132|132|40884258|60
44.08065|baseline|93.23486|10.7256|0|0|False|1:1|132|132|40884258|60
44.09132|baseline|92.44968|10.8167|0|0|False|1:1|132|132|40884258|60
44.10212|baseline|94.19919|10.6158|0|0|False|1:1|132|132|40884258|60
44.11253|baseline|94.41978|10.591|0|0|False|1:1|132|132|40884258|60
44.12384|baseline|89.79967|11.1359|0|0|False|1:1|132|132|40884258|60
44.13527|baseline|86.37891|11.5769|0|0|False|1:1|133|133|40884260|60
44.14664|baseline|88.91179|11.2471|0|0|False|1:1|132|132|40884258|60
44.15717|baseline|93.75848|10.6657|0|0|False|1:1|132|132|40884258|60
44.16803|baseline|93.36285|10.7109|0|0|False|1:1|132|132|40884258|60
44.17862|baseline|93.109|10.7401|0|0|False|1:1|132|132|40884258|60
44.18954|baseline|93.07172|10.7444|0|0|False|1:1|132|132|40884258|60
44.2002|baseline|93.56291|10.688|0|0|False|1:1|132|132|40884258|60
44.21066|baseline|94.33161|10.6009|0|0|False|1:1|132|132|40884258|60
44.22501|baseline|70.22227|14.2405|0|0|False|1:1|132|132|40884258|60
44.23435|baseline|105.7797|9.453607|0|0|False|1:1|132|132|40884258|60
44.24524|baseline|93.6356|10.6797|0|0|False|1:1|132|132|40884258|60
44.25579|baseline|92.83673|10.7716|0|0|False|1:1|132|132|40884258|60
44.26655|baseline|94.62168|10.5684|0|0|False|1:1|124|123|38015394|60
44.27715|baseline|93.0735|10.7442|0|0|False|1:1|132|132|40884258|60
44.2882|baseline|92.19987|10.846|0|0|False|1:1|132|132|40884258|60
44.29948|baseline|86.85612|11.51329|0|0|False|1:1|133|133|40884260|60
44.31082|baseline|89.69972|11.14831|0|0|False|1:1|132|132|40884258|60
44.3215|baseline|93.46494|10.6992|0|0|False|1:1|132|132|40884258|60
44.33266|baseline|89.30086|11.1981|0|0|False|1:1|132|132|40884258|60
44.34373|baseline|90.49037|11.0509|0|0|False|1:1|132|132|40884258|60
44.35442|baseline|91.97944|10.87199|0|0|False|1:1|132|132|40884258|60
44.36542|baseline|92.5155|10.809|0|0|False|1:1|132|132|40884258|60
44.37608|baseline|92.42401|10.8197|0|0|False|1:1|132|132|40884258|60
44.38699|baseline|92.80395|10.7754|0|0|False|1:1|132|132|40884258|60
44.39745|baseline|94.05304|10.6323|0|0|False|1:1|132|132|40884258|60
44.40857|baseline|91.45363|10.9345|0|0|False|1:1|132|132|40884258|60
44.41904|baseline|94.08051|10.6292|0|0|False|1:1|132|132|40884258|60
44.42997|baseline|92.99297|10.7535|0|0|False|1:1|132|132|40884258|60
44.44093|baseline|92.88329|10.7662|0|0|False|1:1|132|132|40884258|60
44.45135|baseline|92.4847|10.8126|0|0|False|1:1|132|132|40884258|60
44.46285|baseline|88.63909|11.2817|0|0|False|1:1|133|133|40884260|60
44.47834|baseline|63.63226|15.7153|0|0|False|1:1|132|132|40884258|60
44.48704|baseline|117.2883|8.525999|0|0|False|1:1|132|132|40884258|60
44.49833|baseline|87.40419|11.4411|0|0|False|1:1|132|132|40884258|60
44.50963|baseline|90.03979|11.1062|0|0|False|1:1|132|132|40884258|60
44.5209|baseline|89.34156|11.193|0|0|False|1:1|132|132|40884258|60
44.53176|baseline|89.81413|11.13411|0|0|False|1:1|132|132|40884258|60
44.54348|baseline|86.90062|11.5074|0|0|False|1:1|132|132|40884258|60
44.55391|baseline|93.91171|10.6483|0|0|False|1:1|132|132|40884258|60
44.56522|baseline|89.87796|11.1262|0|0|False|1:1|132|132|40884258|60
44.57689|baseline|84.4987|11.8345|0|0|False|1:1|132|132|40884258|60
44.58804|baseline|90.99679|10.9894|0|0|False|1:1|132|132|40884258|60
44.59861|baseline|93.09512|10.7417|0|0|False|1:1|132|132|40884258|60
44.60975|baseline|91.12947|10.9734|0|0|False|1:1|132|132|40884258|60
44.62062|baseline|92.0192|10.8673|0|0|False|1:1|132|132|40884258|60
44.63197|baseline|87.02232|11.49131|0|0|False|1:1|133|133|40884260|60
44.64335|baseline|89.37829|11.1884|0|0|False|1:1|132|132|40884258|60
44.65397|baseline|92.32503|10.8313|0|0|False|1:1|132|132|40884258|60
44.6651|baseline|91.16685|10.9689|0|0|False|1:1|132|132|40884258|60
44.67571|baseline|92.84364|10.7708|0|0|False|1:1|132|132|40884258|60
44.687|baseline|89.90058|11.1234|0|0|False|1:1|132|132|40884258|60
44.69798|baseline|89.75289|11.1417|0|0|False|1:1|132|132|40884258|60
44.7093|baseline|89.81013|11.1346|0|0|False|1:1|132|132|40884258|60
44.7202|baseline|91.42022|10.9385|0|0|False|1:1|132|132|40884258|60
44.73532|baseline|65.33942|15.3047|0|0|False|1:1|132|132|40884258|60
44.74436|baseline|113.176|8.835799|0|0|False|1:1|132|132|40884258|60
44.75491|baseline|93.45968|10.6998|0|0|False|1:1|132|132|40884258|60
44.76617|baseline|89.90298|11.1231|0|0|False|1:1|132|132|40884258|60
44.77673|baseline|93.27054|10.7215|0|0|False|1:1|132|132|40884258|60
44.7878|baseline|92.05305|10.8633|0|0|False|1:1|132|132|40884258|60
44.79888|baseline|88.86202|11.2534|0|0|False|1:1|133|133|40884260|60
44.81026|baseline|89.35197|11.1917|0|0|False|1:1|132|132|40884258|60
44.82246|baseline|81.68997|12.2414|0|0|False|1:1|132|132|40884258|60
44.85557|baseline|30.12602|33.1939|0|0|False|1:1|132|132|40884258|60
44.87175|baseline|62.14539|16.0913|0|0|False|1:1|132|132|40884258|60
44.88087|baseline|109.1226|9.164002|0|0|False|1:1|132|132|40884258|60
44.89337|baseline|79.18849|12.6281|0|0|False|1:1|132|132|40884258|60
44.90403|baseline|95.34253|10.4885|0|0|False|1:1|132|132|40884258|60
44.91441|baseline|94.49737|10.58231|0|0|False|1:1|132|132|40884258|60
44.92565|baseline|90.55267|11.0433|0|0|False|1:1|132|132|40884258|60
44.93599|baseline|94.93339|10.5337|0|0|False|1:1|132|132|40884258|60
44.94685|baseline|93.17059|10.733|0|0|False|1:1|132|132|40884258|60
44.95713|baseline|96.17515|10.3977|0|0|False|1:1|132|132|40884258|60
44.96786|baseline|94.71758|10.5577|0|0|False|1:1|132|132|40884258|60
44.97832|baseline|94.24361|10.6108|0|0|False|1:1|132|132|40884258|60
44.9897|baseline|89.17665|11.2137|0|0|False|1:1|133|133|40884260|60
45.00065|baseline|91.17345|10.96811|0|0|False|1:1|132|132|40884258|60
45.0111|baseline|94.09373|10.6277|0|0|False|1:1|132|132|40884258|60
45.02185|baseline|94.14867|10.6215|0|0|False|1:1|132|132|40884258|60
45.03233|baseline|94.47067|10.5853|0|0|False|1:1|132|132|40884258|60
45.04293|baseline|95.54018|10.4668|0|0|False|1:1|132|132|40884258|60
45.05323|baseline|95.70565|10.4487|0|0|False|1:1|132|132|40884258|60
45.06385|baseline|95.33254|10.4896|0|0|False|1:1|132|132|40884258|60
45.07424|baseline|94.92707|10.5344|0|0|False|1:1|132|132|40884258|60
45.08522|baseline|92.5935|10.79989|0|0|False|1:1|132|132|40884258|60
45.09567|baseline|94.04595|10.6331|0|0|False|1:1|132|132|40884258|60
45.10658|baseline|93.95404|10.6435|0|0|False|1:1|132|132|40884258|60
45.11698|baseline|93.83241|10.6573|0|0|False|1:1|132|132|40884258|60
45.12776|baseline|94.49471|10.5826|0|0|False|1:1|132|132|40884258|60
45.13814|baseline|94.80379|10.5481|0|0|False|1:1|132|132|40884258|60
45.14942|baseline|89.88764|11.125|0|0|False|1:1|133|133|40884260|60
45.16036|baseline|91.54327|10.9238|0|0|False|1:1|132|132|40884258|60
45.17077|baseline|94.36277|10.5974|0|0|False|1:1|132|132|40884258|60
45.18169|baseline|94.9604|10.5307|0|0|False|1:1|132|132|40884258|60
45.19198|baseline|93.54189|10.6904|0|0|False|1:1|132|132|40884258|60
45.2028|baseline|93.77697|10.6636|0|0|False|1:1|132|132|40884258|60
45.21325|baseline|94.28447|10.6062|0|0|False|1:1|132|132|40884258|60
45.22395|baseline|94.87122|10.5406|0|0|False|1:1|132|132|40884258|60
45.239|baseline|65.62671|15.2377|0|0|False|1:1|132|132|40884258|60
45.2485|baseline|107.5292|9.299802|0|0|False|1:1|132|132|40884258|60
45.2588|baseline|95.62148|10.4579|0|0|False|1:1|132|132|40884258|60
45.2697|baseline|95.18099|10.5063|0|0|False|1:1|132|132|40884258|60
45.27988|baseline|96.05593|10.4106|0|0|False|1:1|132|132|40884258|60
45.29018|baseline|95.35348|10.4873|0|0|False|1:1|132|132|40884258|60
45.30109|baseline|93.65923|10.677|0|0|False|1:1|132|132|40884258|60
45.31226|baseline|88.19901|11.338|0|0|False|1:1|133|133|40884260|60
45.32367|baseline|88.96084|11.2409|0|0|False|1:1|132|132|40884258|60
45.33422|baseline|93.12547|10.7382|0|0|False|1:1|132|132|40884258|60
45.34495|baseline|94.31919|10.6023|0|0|False|1:1|132|132|40884258|60
45.35526|baseline|95.33067|10.4898|0|0|False|1:1|132|132|40884258|60
45.36604|baseline|94.7544|10.5536|0|0|False|1:1|132|132|40884258|60
45.37642|baseline|94.35029|10.5988|0|0|False|1:1|132|132|40884258|60
45.38727|baseline|93.77697|10.6636|0|0|False|1:1|132|132|40884258|60
45.39767|baseline|94.66205|10.5639|0|0|False|1:1|132|132|40884258|60
45.40833|baseline|95.16373|10.50821|0|0|False|1:1|132|132|40884258|60
45.41872|baseline|95.46449|10.4751|0|0|False|1:1|132|132|40884258|60
45.42943|baseline|94.72839|10.5565|0|0|False|1:1|132|132|40884258|60
45.43999|baseline|94.11501|10.6253|0|0|False|1:1|132|132|40884258|60
45.45045|baseline|94.1265|10.624|0|0|False|1:1|132|132|40884258|60
45.46119|baseline|94.57425|10.5737|0|0|False|1:1|132|132|40884258|60
45.47222|baseline|89.2037|11.2103|0|0|False|1:1|133|133|40884260|60
45.48313|baseline|93.22789|10.7264|0|0|False|1:1|132|132|40884258|60
45.49363|baseline|93.68385|10.6742|0|0|False|1:1|132|132|40884258|60
45.5052|baseline|87.72006|11.3999|0|0|False|1:1|132|132|40884258|60
45.51556|baseline|94.89285|10.5382|0|0|False|1:1|132|132|40884258|60
45.52654|baseline|92.37537|10.8254|0|0|False|1:1|132|132|40884258|60
45.53699|baseline|94.60201|10.5706|0|0|False|1:1|132|132|40884258|60
45.548|baseline|91.7263|10.902|0|0|False|1:1|132|132|40884258|60
45.55831|baseline|95.71481|10.4477|0|0|False|1:1|132|132|40884258|60
45.58529|baseline|37.39045|26.7448|0|0|False|1:1|132|132|40884258|60
45.6004|baseline|65.86098|15.1835|0|0|False|1:1|132|132|40884258|60
45.60968|baseline|105.949|9.438506|0|0|False|1:1|132|132|40884258|60
45.62094|baseline|90.02359|11.1082|0|0|False|1:1|132|132|40884258|60
45.6316|baseline|92.70074|10.7874|0|0|False|1:1|132|132|40884258|60
45.64264|baseline|92.38903|10.8238|0|0|False|1:1|132|132|40884258|60
45.65367|baseline|88.82807|11.2577|0|0|False|1:1|133|133|40884260|60
45.665|baseline|89.42785|11.1822|0|0|False|1:1|132|132|40884258|60
45.67553|baseline|93.67507|10.6752|0|0|False|1:1|132|132|40884258|60
45.6868|baseline|90.31628|11.0722|0|0|False|1:1|132|132|40884258|60
45.69764|baseline|90.47644|11.0526|0|0|False|1:1|132|132|40884258|60
45.70857|baseline|92.63033|10.7956|0|0|False|1:1|131|131|40884246|60
45.71928|baseline|92.17355|10.8491|0|0|False|1:1|132|132|40884258|60
45.73019|baseline|93.24878|10.724|0|0|False|1:1|132|132|40884258|60
45.74095|baseline|92.96358|10.7569|0|0|False|1:1|132|132|40884258|60
45.75315|baseline|80.93172|12.35609|0|0|False|1:1|132|132|40884258|60
45.76411|baseline|92.4744|10.8138|0|0|False|1:1|132|132|40884258|60
45.77463|baseline|93.58128|10.6859|0|0|False|1:1|131|131|40884246|60
45.78542|baseline|94.03975|10.6338|0|0|False|1:1|132|132|40884258|60
45.79605|baseline|92.55233|10.8047|0|0|False|1:1|132|132|40884258|60
45.80696|baseline|93.58214|10.6858|0|0|False|1:1|132|132|40884258|60
45.81821|baseline|87.66235|11.4074|0|0|False|1:1|133|133|40884260|60
45.82956|baseline|89.075|11.22649|0|0|False|1:1|131|131|40884257|60
45.8402|baseline|94.02027|10.636|0|0|False|1:1|132|132|40884258|60
45.85076|baseline|93.68211|10.6744|0|0|False|1:1|132|132|40884258|60
45.86155|baseline|93.61369|10.6822|0|0|False|1:1|130|129|40167042|60
45.87211|baseline|93.1506|10.7353|0|0|False|1:1|132|132|40884258|60
45.88287|baseline|94.56448|10.57479|0|0|False|1:1|132|132|40884258|60
45.89341|baseline|93.30791|10.71721|0|0|False|1:1|132|132|40884258|60
45.90434|baseline|92.71024|10.78629|0|0|False|1:1|132|132|40884258|60
45.9149|baseline|93.22266|10.72701|0|0|False|1:1|132|132|40884258|60
45.92599|baseline|91.65404|10.91059|0|0|False|1:1|132|132|40884258|60
45.93655|baseline|93.35408|10.7119|0|0|False|1:1|132|132|40884258|60
45.94748|baseline|93.05527|10.7463|0|0|False|1:1|132|132|40884258|60
45.95825|baseline|91.2101|10.9637|0|0|False|1:1|132|132|40884258|60
45.96948|baseline|90.75235|11.019|0|0|False|1:1|132|132|40884258|60
45.98056|baseline|89.74644|11.1425|0|0|False|1:1|133|133|40884260|60
45.99167|baseline|90.24703|11.0807|0|0|False|1:1|132|132|40884258|60
46.00234|baseline|93.87553|10.6524|0|0|False|1:1|132|131|40884058|60
46.01279|baseline|93.80509|10.6604|0|0|False|1:1|132|132|40884258|60
46.02399|baseline|92.41124|10.82119|0|0|False|1:1|132|132|40884258|60
46.03434|baseline|93.46407|10.6993|0|0|False|1:1|132|130|40525650|60
46.0454|baseline|91.82561|10.89021|0|0|False|1:1|132|130|40525638|60
46.05593|baseline|93.28016|10.72039|0|0|False|1:1|132|132|40884258|60
46.06702|baseline|91.92695|10.8782|0|0|False|1:1|132|132|40884258|60
46.07743|baseline|94.02471|10.6355|0|0|False|1:1|132|132|40884258|60
46.0883|baseline|93.75585|10.666|0|0|False|1:1|132|132|40884258|60
46.09873|baseline|95.00106|10.5262|0|0|False|1:1|132|132|40884258|60
46.10951|baseline|93.43784|10.7023|0|0|False|1:1|132|132|40884258|60
46.12025|baseline|93.48853|10.6965|0|0|False|1:1|132|132|40884258|60
46.13065|baseline|94.13541|10.623|0|0|False|1:1|132|132|40884258|60
46.14214|baseline|88.60927|11.2855|0|0|False|1:1|133|133|40884260|60
46.15306|baseline|90.0414|11.106|0|0|False|1:1|132|132|40884258|60
46.16381|baseline|94.19832|10.6159|0|0|False|1:1|132|132|40884258|60
46.17431|baseline|94.19215|10.6166|0|0|False|1:1|132|132|40884258|60
46.18505|baseline|94.18323|10.6176|0|0|False|1:1|132|132|40884258|60
46.19566|baseline|93.54889|10.6896|0|0|False|1:1|132|132|40884258|60
46.20642|baseline|93.94078|10.645|0|0|False|1:1|132|132|40884258|60
46.2169|baseline|93.80515|10.66039|0|0|False|1:1|132|132|40884258|60
46.22783|baseline|92.9247|10.7614|0|0|False|1:1|132|132|40884258|60
46.23843|baseline|92.80827|10.7749|0|0|False|1:1|132|132|40884258|60
46.25249|baseline|72.04768|13.8797|0|0|False|1:1|132|132|40884258|60
46.26235|baseline|101.2084|9.880605|0|0|False|1:1|132|132|40884258|60
46.27288|baseline|93.6742|10.6753|0|0|False|1:1|132|132|40884258|60
46.28373|baseline|93.56465|10.6878|0|0|False|1:1|132|132|40884258|60
46.29442|baseline|91.96925|10.8732|0|0|False|1:1|132|132|40884258|60
46.30591|baseline|89.58322|11.1628|0|0|False|1:1|132|132|40884060|60
46.31673|baseline|90.04715|11.10529|0|0|False|1:1|132|132|40884258|60
46.32782|baseline|91.73721|10.9007|0|0|False|1:1|130|129|40167042|60
46.3385|baseline|92.63374|10.7952|0|0|False|1:1|132|132|40884258|60
46.34953|baseline|91.56502|10.9212|0|0|False|1:1|132|132|40884258|60
46.36026|baseline|92.96877|10.7563|0|0|False|1:1|132|132|40884258|60
46.37073|baseline|93.733|10.6686|0|0|False|1:1|132|132|40884258|60
46.38162|baseline|93.36637|10.71049|0|0|False|1:1|132|132|40884258|60
46.39214|baseline|93.87204|10.6528|0|0|False|1:1|132|132|40884258|60
46.40291|baseline|94.00173|10.6381|0|0|False|1:1|132|132|40884258|60
46.41345|baseline|93.30099|10.718|0|0|False|1:1|132|132|40884258|60
46.42434|baseline|93.68204|10.67441|0|0|False|1:1|132|132|40884258|60
46.43478|baseline|94.0637|10.63109|0|0|False|1:1|132|132|40884258|60
46.44582|baseline|93.39597|10.7071|0|0|False|1:1|132|132|40884258|60
46.45602|baseline|94.7158|10.5579|0|0|False|1:1|132|132|40884258|60
46.46742|baseline|89.09557|11.2239|0|0|False|1:1|133|133|40884260|60
46.47835|baseline|90.20388|11.086|0|0|False|1:1|132|132|40884258|60
46.48911|baseline|94.451|10.5875|0|0|False|1:1|130|130|40167042|60
46.49961|baseline|93.83591|10.6569|0|0|False|1:1|132|132|40884258|60
46.51038|baseline|94.00529|10.6377|0|0|False|1:1|132|132|40884258|60
46.52117|baseline|93.35674|10.7116|0|0|False|1:1|132|132|40884258|60
46.53168|baseline|93.10378|10.7407|0|0|False|1:1|132|132|40884258|60
46.5428|baseline|91.49046|10.9301|0|0|False|1:1|132|132|40884258|60
46.5534|baseline|92.79192|10.7768|0|0|False|1:1|132|132|40884258|60
46.56456|baseline|90.69724|11.02569|0|0|False|1:1|132|132|40884258|60
46.57513|baseline|93.48674|10.6967|0|0|False|1:1|132|132|40884258|60
46.58617|baseline|91.74735|10.8995|0|0|False|1:1|132|132|40884258|60
46.59681|baseline|92.47355|10.8139|0|0|False|1:1|132|132|40884258|60
46.60764|baseline|93.82274|10.6584|0|0|False|1:1|132|132|40884258|60
46.63567|baseline|35.57769|28.1075|0|0|False|1:1|133|133|40884260|60
46.6517|baseline|63.11815|15.8433|0|0|False|1:1|132|132|40884258|60
46.661|baseline|106.4011|9.398399|0|0|False|1:1|132|132|40884258|60
46.67324|baseline|80.5633|12.4126|0|0|False|1:1|132|132|40884258|60
46.68398|baseline|94.80112|10.5484|0|0|False|1:1|132|132|40884258|60
46.69427|baseline|95.31432|10.4916|0|0|False|1:1|132|132|40884258|60
46.70497|baseline|95.21542|10.5025|0|0|False|1:1|132|132|40884258|60
46.71533|baseline|94.99742|10.5266|0|0|False|1:1|132|132|40884258|60
46.72623|baseline|93.01546|10.7509|0|0|False|1:1|132|132|40884258|60
46.73684|baseline|92.76356|10.7801|0|0|False|1:1|132|132|40884258|60
46.74755|baseline|94.93971|10.533|0|0|False|1:1|132|132|40884258|60
46.76332|baseline|63.41594|15.76891|0|0|False|1:1|132|132|40884258|60
46.77252|baseline|106.7464|9.367999|0|0|False|1:1|132|132|40884258|60
46.78337|baseline|93.70493|10.6718|0|0|False|1:1|132|132|40884258|60
46.79388|baseline|95.09139|10.5162|0|0|False|1:1|132|132|40884258|60
46.80444|baseline|94.38411|10.595|0|0|False|1:1|132|132|40884258|60
46.81543|baseline|89.7328|11.1442|0|0|False|1:1|133|133|40884260|60
46.82661|baseline|91.33585|10.9486|0|0|False|1:1|132|132|40884258|60
46.83707|baseline|93.9991|10.6384|0|0|False|1:1|132|132|40884258|60
46.848|baseline|93.25143|10.7237|0|0|False|1:1|132|132|40884258|60
46.85822|baseline|95.34253|10.4885|0|0|False|1:1|132|132|40884258|60
46.86911|baseline|93.63909|10.6793|0|0|False|1:1|132|132|40884258|60
46.87946|baseline|94.73283|10.556|0|0|False|1:1|132|132|40884258|60
46.8901|baseline|95.63522|10.4564|0|0|False|1:1|132|132|40884258|60
46.90097|baseline|93.7576|10.6658|0|0|False|1:1|132|132|40884258|60
46.91103|baseline|95.67458|10.4521|0|0|False|1:1|132|132|40884258|60
46.92214|baseline|93.60753|10.6829|0|0|False|1:1|132|132|40884258|60
46.93227|baseline|94.88118|10.5395|0|0|False|1:1|132|132|40884258|60
46.943|baseline|94.7831|10.5504|0|0|False|1:1|132|132|40884258|60
46.95346|baseline|94.01501|10.6366|0|0|False|1:1|132|132|40884258|60
46.96413|baseline|94.88206|10.5394|0|0|False|1:1|132|132|40884258|60
46.97498|baseline|90.87028|11.0047|0|0|False|1:1|133|133|40884260|60
46.98629|baseline|90.13802|11.0941|0|0|False|1:1|132|132|40884258|60
46.99673|baseline|94.1557|10.62071|0|0|False|1:1|132|132|40884258|60
47.00788|baseline|90.89755|11.0014|0|0|False|1:1|132|132|40884258|60
47.0183|baseline|94.37255|10.5963|0|0|False|1:1|132|132|40884258|60
47.02943|baseline|91.37173|10.9443|0|0|False|1:1|132|132|40884258|60
47.04011|baseline|93.84564|10.6558|0|0|False|1:1|132|132|40884258|60
47.05063|baseline|93.35413|10.7119|0|0|False|1:1|132|132|40884258|60
47.06176|baseline|91.17181|10.9683|0|0|False|1:1|132|132|40884258|60
47.07241|baseline|92.38045|10.8248|0|0|False|1:1|132|132|40884258|60
47.08353|baseline|91.39931|10.941|0|0|False|1:1|132|132|40884258|60
47.10017|baseline|60.40144|16.5559|0|0|False|1:1|132|132|40884258|60
47.10846|baseline|116.8825|8.555597|0|0|False|1:1|132|132|40884258|60
47.11927|baseline|92.63374|10.7952|0|0|False|1:1|132|132|40884258|60
47.13486|baseline|65.00725|15.3829|0|0|False|1:1|133|133|40884260|60
47.14391|baseline|109.7165|9.1144|0|0|False|1:1|133|133|40884260|60
47.15479|baseline|90.98189|10.9912|0|0|False|1:1|132|132|40884258|60
47.16545|baseline|94.78851|10.5498|0|0|False|1:1|132|132|40884258|60
47.17589|baseline|94.353|10.5985|0|0|False|1:1|132|132|40884258|60
47.18692|baseline|92.17523|10.8489|0|0|False|1:1|132|132|40884258|60
47.19749|baseline|93.95848|10.643|0|0|False|1:1|132|132|40884258|60
47.20815|baseline|94.37609|10.5959|0|0|False|1:1|132|132|40884258|60
47.22483|baseline|60.12398|16.6323|0|0|False|1:1|132|132|40884258|60
47.24348|baseline|53.50256|18.6907|0|0|False|1:1|132|132|40884258|60
47.26008|baseline|60.33546|16.574|0|0|False|1:1|132|132|40884258|60
47.26897|baseline|109.9554|9.094601|0|0|False|1:1|132|132|40884258|60
47.30222|baseline|30.26405|33.0425|0|0|False|1:1|132|132|40884258|60
47.30599|baseline|250.144|3.997697|0|0|False|1:1|132|132|40884258|60
47.31682|baseline|92.54456|10.8056|0|0|False|1:1|132|132|40884258|60
47.32681|baseline|102.094|9.794898|0|0|False|1:1|132|132|40884258|60
47.33793|baseline|88.75952|11.2664|0|0|False|1:1|133|133|40884260|60
47.34935|baseline|89.23631|11.2062|0|0|False|1:1|132|132|40884258|60
47.35998|baseline|93.46141|10.6996|0|0|False|1:1|132|132|40884258|60
47.37038|baseline|94.82539|10.5457|0|0|False|1:1|132|132|40884258|60
47.38108|baseline|94.63786|10.5666|0|0|False|1:1|132|132|40884258|60
47.39149|baseline|94.54744|10.5767|0|0|False|1:1|132|132|40884258|60
47.40245|baseline|92.76435|10.78|0|0|False|1:1|132|132|40884258|60
47.41291|baseline|94.18593|10.6173|0|0|False|1:1|132|132|40884258|60
47.42366|baseline|94.30848|10.6035|0|0|False|1:1|132|132|40884258|60
47.434|baseline|95.12395|10.5126|0|0|False|1:1|132|132|40884258|60
47.44484|baseline|94.13447|10.6231|0|0|False|1:1|132|132|40884258|60
47.45527|baseline|93.88435|10.6514|0|0|False|1:1|132|132|40884258|60
47.46655|baseline|92.10647|10.857|0|0|False|1:1|132|132|40884258|60
47.47708|baseline|91.33756|10.9484|0|0|False|1:1|132|132|40884258|60
47.48795|baseline|93.44576|10.7014|0|0|False|1:1|132|132|40884258|60
47.49907|baseline|88.71772|11.2717|0|0|False|1:1|133|133|40884260|60
47.50996|baseline|93.0181|10.7506|0|0|False|1:1|132|132|40884258|60
47.52062|baseline|93.66625|10.6762|0|0|False|1:1|132|132|40884258|60
47.5309|baseline|95.80474|10.4379|0|0|False|1:1|132|132|40884258|60
47.5416|baseline|95.06244|10.5194|0|0|False|1:1|132|132|40884258|60
47.5521|baseline|93.81744|10.659|0|0|False|1:1|132|132|40884258|60
47.56281|baseline|94.79214|10.5494|0|0|False|1:1|132|132|40884258|60
47.57328|baseline|94.12116|10.6246|0|0|False|1:1|132|132|40884258|60
47.58411|baseline|93.4938|10.6959|0|0|False|1:1|132|132|40884258|60
47.59455|baseline|94.46529|10.5859|0|0|False|1:1|132|132|40884258|60
47.6055|baseline|92.84186|10.771|0|0|False|1:1|132|132|40884258|60
47.61579|baseline|95.4344|10.4784|0|0|False|1:1|132|132|40884258|60
47.62671|baseline|92.95842|10.7575|0|0|False|1:1|132|132|40884258|60
47.63715|baseline|94.39307|10.594|0|0|False|1:1|132|132|40884258|60
47.64784|baseline|94.93607|10.5334|0|0|False|1:1|132|132|40884258|60
47.66469|baseline|59.72716|16.7428|0|0|False|1:1|132|132|40884258|60
47.6813|baseline|60.00888|16.6642|0|0|False|1:1|132|132|40884258|60
47.68953|baseline|118.3264|8.451198|0|0|False|1:1|132|132|40884258|60
47.70032|baseline|94.07517|10.6298|0|0|False|1:1|132|132|40884258|60
47.71074|baseline|94.51527|10.5803|0|0|False|1:1|132|132|40884258|60
47.72154|baseline|94.20806|10.6148|0|0|False|1:1|132|132|40884258|60
47.73194|baseline|94.58502|10.5725|0|0|False|1:1|132|132|40884258|60
47.74287|baseline|92.77899|10.7783|0|0|False|1:1|132|132|40884258|60
47.75345|baseline|93.37508|10.7095|0|0|False|1:1|132|132|40884258|60
47.76921|baseline|63.83372|15.6657|0|0|False|1:1|132|132|40884258|60
47.77826|baseline|109.0595|9.169303|0|0|False|1:1|132|132|40884258|60
47.78912|baseline|94.32808|10.6013|0|0|False|1:1|132|132|40884258|60
47.79956|baseline|93.49899|10.6953|0|0|False|1:1|132|132|40884258|60
47.81026|baseline|94.86855|10.5409|0|0|False|1:1|132|132|40884258|60
47.82085|baseline|94.67906|10.562|0|0|False|1:1|132|132|40884258|60
47.83178|baseline|89.91267|11.1219|0|0|False|1:1|133|133|40884260|60
47.8432|baseline|90.89838|11.0013|0|0|False|1:1|132|132|40884258|60
47.85363|baseline|92.80914|10.7748|0|0|False|1:1|132|132|40884258|60
47.86436|baseline|94.40374|10.5928|0|0|False|1:1|132|132|40884258|60
47.87471|baseline|94.64769|10.5655|0|0|False|1:1|132|132|40884258|60
47.88544|baseline|94.48224|10.584|0|0|False|1:1|132|132|40884258|60
47.89589|baseline|94.30577|10.60381|0|0|False|1:1|132|132|40884258|60
47.90657|baseline|95.26445|10.4971|0|0|False|1:1|132|132|40884258|60
47.91705|baseline|93.769|10.66451|0|0|False|1:1|132|132|40884258|60
47.92771|baseline|95.50551|10.4706|0|0|False|1:1|132|132|40884258|60
47.9382|baseline|93.87822|10.6521|0|0|False|1:1|132|132|40884258|60
47.94901|baseline|94.4849|10.5837|0|0|False|1:1|132|132|40884258|60
47.9595|baseline|93.17927|10.732|0|0|False|1:1|132|132|40884258|60
47.97031|baseline|94.15847|10.62039|0|0|False|1:1|132|132|40884258|60
47.98071|baseline|95.5968|10.4606|0|0|False|1:1|132|132|40884258|60
47.99181|baseline|89.06858|11.2273|0|0|False|1:1|133|133|40884260|60
48.00287|baseline|92.09119|10.8588|0|0|False|1:1|132|132|40884258|60
48.01313|baseline|95.53014|10.4679|0|0|False|1:1|132|132|40884258|60
48.02424|baseline|92.18884|10.8473|0|0|False|1:1|132|132|40884258|60
48.03456|baseline|94.51616|10.5802|0|0|False|1:1|132|132|40884258|60
48.04568|baseline|93.16284|10.73389|0|0|False|1:1|132|132|40884258|60
48.05593|baseline|94.2178|10.6137|0|0|False|1:1|132|132|40884258|60
48.06665|baseline|94.86765|10.541|0|0|False|1:1|132|132|40884258|60
48.07701|baseline|94.68173|10.5617|0|0|False|1:1|132|132|40884258|60
48.08784|baseline|93.7963|10.6614|0|0|False|1:1|132|132|40884258|60
48.09827|baseline|94.31831|10.6024|0|0|False|1:1|132|132|40884258|60
48.10926|baseline|92.57716|10.8018|0|0|False|1:1|132|132|40884258|60
48.11974|baseline|94.70322|10.5593|0|0|False|1:1|132|132|40884258|60
48.13042|baseline|94.13271|10.6233|0|0|False|1:1|132|132|40884258|60
48.14096|baseline|94.75351|10.5537|0|0|False|1:1|132|132|40884258|60
48.152|baseline|89.57924|11.1633|0|0|False|1:1|133|133|40884260|60
48.16307|baseline|91.57173|10.9204|0|0|False|1:1|132|132|40884258|60
48.17347|baseline|94.54389|10.5771|0|0|False|1:1|132|132|40884258|60
48.18438|baseline|93.55937|10.6884|0|0|False|1:1|132|132|40884258|60
48.19468|baseline|95.04349|10.5215|0|0|False|1:1|132|132|40884258|60
48.20552|baseline|93.85531|10.6547|0|0|False|1:1|132|132|40884258|60
48.21592|baseline|94.5617|10.57511|0|0|False|1:1|132|132|40884258|60
48.22663|baseline|94.74365|10.5548|0|0|False|1:1|132|132|40884258|60
48.23721|baseline|93.04577|10.7474|0|0|False|1:1|132|132|40884258|60
48.2479|baseline|95.0905|10.5163|0|0|False|1:1|132|132|40884258|60
48.25887|baseline|90.77045|11.0168|0|0|False|1:1|132|132|40884258|60
48.27531|baseline|61.32636|16.3062|0|0|False|1:1|132|132|40884258|60
48.28399|baseline|114.4479|8.737599|0|0|False|1:1|132|132|40884258|60
48.29437|baseline|94.61813|10.5688|0|0|False|1:1|132|132|40884258|60
48.30573|baseline|89.56878|11.16461|0|0|False|1:1|132|132|40884258|60
48.31699|baseline|87.28061|11.4573|0|0|False|1:1|133|133|40884260|60
48.32803|baseline|91.97859|10.8721|0|0|False|1:1|132|132|40884258|60
48.33861|baseline|93.72771|10.6692|0|0|False|1:1|132|132|40884258|60
48.34941|baseline|93.30099|10.718|0|0|False|1:1|132|132|40884258|60
48.36004|baseline|94.58857|10.5721|0|0|False|1:1|132|132|40884258|60
48.37043|baseline|94.64769|10.5655|0|0|False|1:1|132|132|40884258|60
48.38125|baseline|93.67595|10.6751|0|0|False|1:1|132|132|40884258|60
48.39167|baseline|94.6324|10.56721|0|0|False|1:1|132|132|40884258|60
48.40258|baseline|93.12725|10.738|0|0|False|1:1|132|132|40884258|60
48.41288|baseline|95.03625|10.5223|0|0|False|1:1|132|132|40884258|60
48.4239|baseline|92.27986|10.8366|0|0|False|1:1|132|132|40884258|60
48.4343|baseline|94.7481|10.5543|0|0|False|1:1|132|132|40884258|60
48.44566|baseline|89.10351|11.2229|0|0|False|1:1|132|132|40884258|60
48.45615|baseline|94.00975|10.63719|0|0|False|1:1|132|132|40884258|60
48.4669|baseline|94.63062|10.5674|0|0|False|1:1|132|132|40884258|60
48.47803|baseline|88.29089|11.3262|0|0|False|1:1|133|133|40884260|60
48.48906|baseline|91.82652|10.8901|0|0|False|1:1|132|132|40884258|60
48.49958|baseline|93.97525|10.6411|0|0|False|1:1|132|132|40884258|60
48.51075|baseline|91.10535|10.9763|0|0|False|1:1|132|132|40884258|60
48.52139|baseline|93.72952|10.669|0|0|False|1:1|132|132|40884258|60
48.53168|baseline|95.41891|10.4801|0|0|False|1:1|132|132|40884258|60
48.54265|baseline|92.36684|10.8264|0|0|False|1:1|132|132|40884258|60
48.55312|baseline|94.23114|10.6122|0|0|False|1:1|132|132|40884258|60
48.56391|baseline|94.34587|10.5993|0|0|False|1:1|132|132|40884258|60
48.57429|baseline|94.69609|10.5601|0|0|False|1:1|132|132|40884258|60
48.58516|baseline|93.68385|10.6742|0|0|False|1:1|132|132|40884258|60
48.59565|baseline|93.50333|10.69481|0|0|False|1:1|132|132|40884258|60
48.60649|baseline|94.33698|10.6003|0|0|False|1:1|132|132|40884258|60
48.61687|baseline|94.11231|10.6256|0|0|False|1:1|132|132|40884258|60
48.62787|baseline|92.61234|10.7977|0|0|False|1:1|132|132|40884258|60
48.63888|baseline|89.21082|11.2094|0|0|False|1:1|133|133|40884260|60
48.65049|baseline|87.66475|11.40709|0|0|False|1:1|132|132|40884258|60
48.66103|baseline|95.35064|10.48761|0|0|False|1:1|132|132|40884258|60
48.67147|baseline|93.86855|10.6532|0|0|False|1:1|132|132|40884258|60
48.68209|baseline|95.1792|10.5065|0|0|False|1:1|132|132|40884258|60
48.69332|baseline|87.68234|11.40481|0|0|False|1:1|132|132|40884258|60
48.70318|baseline|103.5079|9.661098|0|0|False|1:1|132|132|40884258|60
48.71352|baseline|95.01636|10.5245|0|0|False|1:1|132|132|40884258|60
48.72463|baseline|91.64981|10.9111|0|0|False|1:1|132|132|40884258|60
48.73503|baseline|94.45277|10.5873|0|0|False|1:1|132|132|40884258|60
48.74617|baseline|91.03735|10.9845|0|0|False|1:1|132|132|40884258|60
48.75663|baseline|94.23033|10.61229|0|0|False|1:1|132|132|40884258|60
48.77427|baseline|57.81282|17.2972|0|0|False|1:1|132|132|40884258|60
48.79017|baseline|61.99858|16.1294|0|0|False|1:1|132|132|40884258|60
48.79916|baseline|109.6527|9.119699|0|0|False|1:1|132|132|40884258|60
48.81077|baseline|87.87038|11.3804|0|0|False|1:1|133|133|40884260|60
48.82185|baseline|89.7384|11.1435|0|0|False|1:1|132|132|40884258|60
48.83224|baseline|94.70238|10.5594|0|0|False|1:1|132|132|40884258|60
48.84288|baseline|95.59492|10.46081|0|0|False|1:1|132|132|40884258|60
48.85323|baseline|95.24992|10.4987|0|0|False|1:1|132|132|40884258|60
48.86436|baseline|92.04879|10.8638|0|0|False|1:1|132|132|40884258|60
48.87496|baseline|92.42915|10.8191|0|0|False|1:1|132|132|40884258|60
48.88609|baseline|90.80093|11.0131|0|0|False|1:1|132|132|40884258|60
48.89649|baseline|94.74816|10.55429|0|0|False|1:1|132|132|40884258|60
48.90726|baseline|94.4706|10.5853|0|0|False|1:1|132|132|40884258|60
48.91772|baseline|93.78838|10.6623|0|0|False|1:1|132|132|40884258|60
48.92853|baseline|94.15401|10.6209|0|0|False|1:1|132|132|40884258|60
48.93895|baseline|94.03355|10.6345|0|0|False|1:1|132|132|40884258|60
48.94985|baseline|95.03446|10.5225|0|0|False|1:1|132|132|40884258|60
48.96027|baseline|94.25695|10.6093|0|0|False|1:1|132|132|40884258|60
48.97126|baseline|89.55594|11.16621|0|0|False|1:1|133|133|40884260|60
48.98234|baseline|91.94305|10.8763|0|0|False|1:1|132|132|40884258|60
48.99269|baseline|94.71942|10.5575|0|0|False|1:1|132|132|40884258|60
49.00358|baseline|93.382|10.7087|0|0|False|1:1|132|132|40884258|60
49.01377|baseline|96.38739|10.3748|0|0|False|1:1|132|132|40884258|60
49.02464|baseline|93.96992|10.6417|0|0|False|1:1|132|132|40884258|60
49.03493|baseline|95.15205|10.5095|0|0|False|1:1|132|132|40884258|60
49.04589|baseline|94.18945|10.6169|0|0|False|1:1|132|132|40884258|60
49.05605|baseline|95.20269|10.50391|0|0|False|1:1|132|132|40884258|60
49.06697|baseline|93.24274|10.7247|0|0|False|1:1|132|132|40884258|60
49.07746|baseline|93.60927|10.6827|0|0|False|1:1|132|132|40884258|60
49.08855|baseline|91.15772|10.97|0|0|False|1:1|132|132|40884258|60
49.09889|baseline|95.5447|10.46631|0|0|False|1:1|132|132|40884258|60
49.10985|baseline|92.70335|10.7871|0|0|False|1:1|132|132|40884258|60
49.12044|baseline|94.76693|10.5522|0|0|False|1:1|132|132|40884258|60
49.13158|baseline|88.26675|11.32929|0|0|False|1:1|133|133|40884260|60
49.14264|baseline|91.68506|10.9069|0|0|False|1:1|132|132|40884258|60
49.15306|baseline|94.42427|10.5905|0|0|False|1:1|132|132|40884258|60
49.16414|baseline|91.99628|10.87|0|0|False|1:1|132|132|40884258|60
49.17474|baseline|92.58062|10.8014|0|0|False|1:1|132|132|40884258|60
49.18567|baseline|94.08665|10.6285|0|0|False|1:1|132|132|40884258|60
49.19627|baseline|91.62875|10.91361|0|0|False|1:1|132|132|40884258|60
49.20723|baseline|92.67413|10.7905|0|0|False|1:1|132|132|40884258|60
49.21785|baseline|94.43406|10.5894|0|0|False|1:1|132|132|40884258|60
49.22844|baseline|94.46706|10.5857|0|0|False|1:1|132|132|40884258|60
49.23916|baseline|91.61287|10.9155|0|0|False|1:1|132|132|40884258|60
49.25008|baseline|92.88586|10.7659|0|0|False|1:1|132|132|40884258|60
49.26065|baseline|94.50363|10.5816|0|0|False|1:1|132|132|40884258|60
49.27126|baseline|92.99561|10.7532|0|0|False|1:1|132|132|40884258|60
49.28211|baseline|94.35741|10.598|0|0|False|1:1|132|132|40884258|60
49.29795|baseline|62.15273|16.0894|0|0|False|1:1|132|132|40884258|60
49.30706|baseline|112.1781|8.914399|0|0|False|1:1|132|132|40884258|60
49.31752|baseline|93.78133|10.6631|0|0|False|1:1|132|132|40884258|60
49.32837|baseline|94.01501|10.6366|0|0|False|1:1|132|132|40884258|60
49.33885|baseline|94.38682|10.5947|0|0|False|1:1|132|132|40884258|60
49.34969|baseline|92.93596|10.7601|0|0|False|1:1|132|132|40884258|60
49.3603|baseline|94.34587|10.5993|0|0|False|1:1|132|132|40884258|60
49.37071|baseline|94.59124|10.5718|0|0|False|1:1|132|132|40884258|60
49.38148|baseline|94.40463|10.5927|0|0|False|1:1|132|132|40884258|60
49.39201|baseline|93.63033|10.6803|0|0|False|1:1|132|132|40884258|60
49.40302|baseline|92.13448|10.8537|0|0|False|1:1|132|132|40884258|60
49.41355|baseline|93.12811|10.7379|0|0|False|1:1|132|132|40884258|60
49.42439|baseline|93.8826|10.6516|0|0|False|1:1|132|132|40884258|60
49.43474|baseline|94.95958|10.5308|0|0|False|1:1|132|132|40884258|60
49.44575|baseline|92.28324|10.8362|0|0|False|1:1|132|132|40884258|60
49.45674|baseline|89.52633|11.1699|0|0|False|1:1|133|133|40884260|60
49.46831|baseline|90.43632|11.0575|0|0|False|1:1|132|132|40884258|60
49.47848|baseline|93.54102|10.6905|0|0|False|1:1|132|132|40884258|60
49.48931|baseline|93.82362|10.6583|0|0|False|1:1|132|132|40884258|60
49.49971|baseline|94.78762|10.5499|0|0|False|1:1|132|132|40884258|60
49.51046|baseline|94.56619|10.5746|0|0|False|1:1|132|132|40884258|60
49.52125|baseline|92.72742|10.7843|0|0|False|1:1|132|132|40884258|60
49.53166|baseline|94.272|10.6076|0|0|False|1:1|132|132|40884258|60
49.54279|baseline|91.74735|10.8995|0|0|False|1:1|132|132|40884258|60
49.55322|baseline|93.87204|10.6528|0|0|False|1:1|132|132|40884258|60
49.56432|baseline|93.79274|10.66181|0|0|False|1:1|132|132|40884258|60
49.57434|baseline|95.606|10.45959|0|0|False|1:1|132|132|40884258|60
49.58537|baseline|91.88134|10.8836|0|0|False|1:1|132|132|40884258|60
49.596|baseline|92.77644|10.7786|0|0|False|1:1|132|132|40884258|60
49.60688|baseline|93.46234|10.6995|0|0|False|1:1|132|132|40884258|60
49.61797|baseline|88.86202|11.2534|0|0|False|1:1|133|133|40884260|60
49.62903|baseline|91.84845|10.8875|0|0|False|1:1|132|132|40884258|60
49.63939|baseline|94.90816|10.5365|0|0|False|1:1|132|132|40884258|60
49.65025|baseline|94.63246|10.5672|0|0|False|1:1|132|132|40884258|60
49.66074|baseline|93.84732|10.65561|0|0|False|1:1|132|132|40884258|60
49.67133|baseline|93.36111|10.7111|0|0|False|1:1|132|132|40884258|60
49.68217|baseline|93.66805|10.676|0|0|False|1:1|132|132|40884258|60
49.69258|baseline|94.33691|10.60031|0|0|False|1:1|132|132|40884258|60
49.70328|baseline|95.07063|10.51849|0|0|False|1:1|132|132|40884258|60
49.71376|baseline|93.83241|10.6573|0|0|False|1:1|132|132|40884258|60
49.72485|baseline|91.62625|10.9139|0|0|False|1:1|132|132|40884258|60
49.73575|baseline|90.33258|11.0702|0|0|False|1:1|132|132|40884258|60
49.7465|baseline|94.58324|10.5727|0|0|False|1:1|132|132|40884258|60
49.75697|baseline|93.92403|10.6469|0|0|False|1:1|132|132|40884258|60
49.76775|baseline|94.48047|10.5842|0|0|False|1:1|132|132|40884258|60
49.77882|baseline|88.78001|11.2638|0|0|False|1:1|133|133|40884260|60
49.78999|baseline|90.71117|11.024|0|0|False|1:1|132|132|40884258|60
49.80595|baseline|62.66566|15.9577|0|0|False|1:1|132|132|40884258|60
49.81448|baseline|115.2831|8.674298|0|0|False|1:1|132|132|40884258|60
49.82525|baseline|94.2214|10.6133|0|0|False|1:1|132|132|40884258|60
49.83577|baseline|93.70226|10.6721|0|0|False|1:1|132|132|40884258|60
49.84661|baseline|94.05661|10.6319|0|0|False|1:1|132|132|40884258|60
49.85704|baseline|93.81213|10.6596|0|0|False|1:1|132|132|40884258|60
49.86789|baseline|94.14867|10.6215|0|0|False|1:1|132|132|40884258|60
49.87869|baseline|91.14607|10.9714|0|0|False|1:1|132|132|40884258|60
49.88989|baseline|90.63881|11.0328|0|0|False|1:1|132|132|40884258|60
49.90063|baseline|93.03454|10.7487|0|0|False|1:1|132|132|40884258|60
49.91106|baseline|93.96724|10.64201|0|0|False|1:1|132|132|40884258|60
49.92194|baseline|93.50253|10.6949|0|0|False|1:1|132|132|40884258|60
49.93298|baseline|89.18697|11.2124|0|0|False|1:1|132|132|40884258|60
49.94437|baseline|88.98305|11.2381|0|0|False|1:1|133|133|40884260|60
49.95518|baseline|91.23334|10.96091|0|0|False|1:1|132|132|40884258|60
49.96599|baseline|94.2392|10.6113|0|0|False|1:1|132|132|40884258|60
49.97646|baseline|93.73736|10.66811|0|0|False|1:1|132|132|40884258|60
49.98718|baseline|94.64858|10.5654|0|0|False|1:1|132|132|40884258|60
49.9977|baseline|93.8016|10.6608|0|0|False|1:1|132|132|40884258|60
50.00869|baseline|93.55764|10.6886|0|0|False|1:1|132|132|40884258|60
50.01907|baseline|93.49113|10.6962|0|0|False|1:1|132|132|40884258|60
50.03003|baseline|92.59776|10.7994|0|0|False|1:1|132|132|40884258|60
50.04073|baseline|93.6979|10.6726|0|0|False|1:1|132|132|40884258|60
50.0511|baseline|94.68974|10.56081|0|0|False|1:1|132|132|40884258|60
50.06189|baseline|94.15847|10.62039|0|0|False|1:1|132|132|40884258|60
50.07226|baseline|94.88654|10.5389|0|0|False|1:1|132|132|40884258|60
50.08298|baseline|94.7481|10.5543|0|0|False|1:1|132|132|40884258|60
50.09355|baseline|93.11766|10.7391|0|0|False|1:1|132|132|40884258|60
50.10486|baseline|89.85536|11.129|0|0|False|1:1|133|133|40884260|60
50.11562|baseline|91.34335|10.9477|0|0|False|1:1|132|132|40884258|60
50.1262|baseline|96.12431|10.4032|0|0|False|1:1|132|132|40884258|60
50.13674|baseline|93.22445|10.7268|0|0|False|1:1|132|132|40884258|60
50.14743|baseline|95.0778|10.5177|0|0|False|1:1|132|132|40884258|60
50.15786|baseline|94.41713|10.5913|0|0|False|1:1|132|132|40884258|60
50.1687|baseline|93.97788|10.6408|0|0|False|1:1|132|132|40884258|60
50.17913|baseline|94.061|10.6314|0|0|False|1:1|132|132|40884258|60
50.18991|baseline|95.57674|10.4628|0|0|False|1:1|132|132|40884258|60
50.20036|baseline|94.4287|10.59|0|0|False|1:1|132|132|40884258|60
50.21065|baseline|95.52013|10.469|0|0|False|1:1|132|132|40884258|60
50.2215|baseline|93.6522|10.67781|0|0|False|1:1|132|132|40884258|60
50.23183|baseline|95.22177|10.5018|0|0|False|1:1|132|132|40884258|60
50.24266|baseline|93.90821|10.6487|0|0|False|1:1|132|132|40884258|60
50.25307|baseline|94.39661|10.5936|0|0|False|1:1|132|132|40884258|60
50.26439|baseline|89.69413|11.149|0|0|False|1:1|133|133|40884260|60
50.27521|baseline|91.24254|10.9598|0|0|False|1:1|132|132|40884258|60
50.286|baseline|94.00173|10.6381|0|0|False|1:1|132|132|40884258|60
50.29656|baseline|92.99475|10.75329|0|0|False|1:1|132|132|40884258|60
50.31188|baseline|66.15376|15.1163|0|0|False|1:1|132|132|40884258|60
50.32091|baseline|110.1843|9.075701|0|0|False|1:1|132|132|40884258|60
50.33134|baseline|94.57425|10.5737|0|0|False|1:1|132|132|40884258|60
50.34241|baseline|92.19733|10.8463|0|0|False|1:1|132|132|40884258|60
50.35294|baseline|93.03797|10.7483|0|0|False|1:1|132|132|40884258|60
50.36373|baseline|93.69261|10.6732|0|0|False|1:1|132|132|40884258|60
50.37429|baseline|93.86062|10.6541|0|0|False|1:1|132|132|40884258|60
50.38501|baseline|94.28535|10.6061|0|0|False|1:1|132|132|40884258|60
50.39556|baseline|94.23738|10.6115|0|0|False|1:1|132|132|40884258|60
50.40636|baseline|95.18914|10.5054|0|0|False|1:1|132|132|40884258|60
50.41685|baseline|92.31223|10.8328|0|0|False|1:1|132|132|40884258|60
50.42815|baseline|90.11851|11.0965|0|0|False|1:1|133|133|40884260|60
50.43893|baseline|90.80345|11.0128|0|0|False|1:1|132|132|40884258|60
50.44958|baseline|95.13658|10.5112|0|0|False|1:1|132|132|40884258|60
50.46033|baseline|93.43703|10.70239|0|0|False|1:1|132|132|40884258|60
50.47112|baseline|91.04063|10.98411|0|0|False|1:1|132|132|40884258|60
50.48196|baseline|93.86768|10.65329|0|0|False|1:1|132|132|40884258|60
50.49257|baseline|92.89191|10.7652|0|0|False|1:1|132|132|40884258|60
50.50333|baseline|94.13711|10.6228|0|0|False|1:1|132|132|40884258|60
50.51398|baseline|92.33784|10.8298|0|0|False|1:1|132|132|40884258|60
50.52473|baseline|94.73283|10.556|0|0|False|1:1|132|132|40884258|60
50.53522|baseline|93.83945|10.6565|0|0|False|1:1|132|132|40884258|60
50.5463|baseline|91.32751|10.9496|0|0|False|1:1|132|132|40884258|60
50.55701|baseline|92.20673|10.8452|0|0|False|1:1|132|132|40884258|60
50.56772|baseline|94.84604|10.5434|0|0|False|1:1|132|132|40884258|60
50.57835|baseline|92.93768|10.7599|0|0|False|1:1|132|132|40884258|60
50.58992|baseline|87.36674|11.446|0|0|False|1:1|133|133|40884260|60
50.60092|baseline|90.91571|10.9992|0|0|False|1:1|132|132|40884258|60
50.6113|baseline|94.75803|10.5532|0|0|False|1:1|132|132|40884258|60
50.62203|baseline|94.61185|10.5695|0|0|False|1:1|132|132|40884258|60
50.6324|baseline|95.06789|10.5188|0|0|False|1:1|132|132|40884258|60
50.64323|baseline|94.53136|10.5785|0|0|False|1:1|132|132|40884258|60
50.65362|baseline|93.89584|10.6501|0|0|False|1:1|132|132|40884258|60
50.66499|baseline|91.76836|10.897|0|0|False|1:1|132|132|40884258|60
50.67509|baseline|95.03536|10.5224|0|0|False|1:1|132|132|40884258|60
50.68603|baseline|92.57631|10.8019|0|0|False|1:1|132|132|40884258|60
50.69633|baseline|95.34162|10.4886|0|0|False|1:1|132|132|40884258|60
50.70738|baseline|92.73424|10.7835|0|0|False|1:1|132|132|40884258|60
50.71828|baseline|89.57924|11.1633|0|0|False|1:1|132|132|40884258|60
50.72933|baseline|92.0641|10.862|0|0|False|1:1|132|132|40884258|60
50.73962|baseline|95.44441|10.4773|0|0|False|1:1|132|132|40884258|60
50.75115|baseline|88.02818|11.36|0|0|False|1:1|133|133|40884260|60
50.7621|baseline|91.33591|10.9486|0|0|False|1:1|132|132|40884258|60
50.77283|baseline|92.465|10.8149|0|0|False|1:1|132|132|40884258|60
50.78362|baseline|93.67943|10.6747|0|0|False|1:1|132|132|40884258|60
50.79431|baseline|91.80716|10.8924|0|0|False|1:1|132|132|40884258|60
50.80526|baseline|94.23467|10.6118|0|0|False|1:1|132|132|40884258|60
50.82102|baseline|62.67432|15.9555|0|0|False|1:1|132|132|40884258|60
50.83016|baseline|107.8191|9.274795|0|0|False|1:1|132|132|40884258|60
50.8412|baseline|91.93965|10.8767|0|0|False|1:1|132|132|40884258|60
50.85165|baseline|94.22491|10.6129|0|0|False|1:1|132|132|40884258|60
50.86285|baseline|90.47482|11.0528|0|0|False|1:1|132|132|40884258|60
50.87335|baseline|93.95491|10.6434|0|0|False|1:1|132|132|40884258|60
50.88429|baseline|93.08044|10.7434|0|0|False|1:1|132|132|40884258|60
50.89478|baseline|93.46407|10.6993|0|0|False|1:1|132|132|40884258|60
50.90563|baseline|93.53482|10.69121|0|0|False|1:1|132|132|40884258|60
50.91677|baseline|88.5536|11.2926|0|0|False|1:1|133|133|40884260|60
50.92804|baseline|89.98795|11.1126|0|0|False|1:1|132|132|40884258|60
50.93864|baseline|93.41866|10.7045|0|0|False|1:1|132|132|40884258|60
50.94979|baseline|91.39346|10.9417|0|0|False|1:1|132|132|40884258|60
50.96024|baseline|94.64948|10.5653|0|0|False|1:1|132|132|40884258|60
50.97071|baseline|94.09995|10.627|0|0|False|1:1|132|132|40884258|60
50.98149|baseline|94.46972|10.5854|0|0|False|1:1|132|132|40884258|60
50.99198|baseline|93.66451|10.6764|0|0|False|1:1|132|132|40884258|60
51.00276|baseline|94.49654|10.5824|0|0|False|1:1|132|132|40884258|60
51.01324|baseline|93.81744|10.659|0|0|False|1:1|132|132|40884258|60
51.02402|baseline|94.06721|10.6307|0|0|False|1:1|132|132|40884258|60
51.03446|baseline|94.17348|10.6187|0|0|False|1:1|132|132|40884258|60
51.04535|baseline|93.27485|10.721|0|0|False|1:1|132|132|40884258|60
51.05566|baseline|95.46999|10.4745|0|0|False|1:1|132|132|40884258|60
51.0664|baseline|94.73735|10.5555|0|0|False|1:1|132|132|40884258|60
51.07753|baseline|88.46268|11.3042|0|0|False|1:1|133|133|40884260|60
51.08905|baseline|88.41889|11.3098|0|0|False|1:1|132|132|40884258|60
51.09966|baseline|92.39067|10.8236|0|0|False|1:1|132|132|40884258|60
51.11053|baseline|93.42305|10.704|0|0|False|1:1|132|132|40884258|60
51.12104|baseline|95.11037|10.5141|0|0|False|1:1|132|132|40884258|60
51.13162|baseline|93.16364|10.7338|0|0|False|1:1|132|132|40884258|60
51.14245|baseline|93.75766|10.66579|0|0|False|1:1|132|132|40884258|60
51.15289|baseline|94.1841|10.6175|0|0|False|1:1|132|132|40884258|60
51.16364|baseline|94.40374|10.5928|0|0|False|1:1|132|132|40884258|60
51.17417|baseline|93.60139|10.6836|0|0|False|1:1|132|132|40884258|60
51.1858|baseline|90.25678|11.0795|0|0|False|1:1|132|132|40884258|60
51.19587|baseline|94.11853|10.6249|0|0|False|1:1|132|132|40884258|60
51.20658|baseline|94.86771|10.54099|0|0|False|1:1|132|132|40884258|60
51.21701|baseline|94.26847|10.608|0|0|False|1:1|132|132|40884258|60
51.22776|baseline|94.89732|10.53771|0|0|False|1:1|132|132|40884258|60
51.23875|baseline|89.36713|11.1898|0|0|False|1:1|133|133|40884260|60
51.25001|baseline|92.2271|10.8428|0|0|False|1:1|132|132|40884258|60
51.26022|baseline|95.4344|10.4784|0|0|False|1:1|132|132|40884258|60
51.27069|baseline|94.05216|10.6324|0|0|False|1:1|132|132|40884258|60
51.28188|baseline|91.44949|10.935|0|0|False|1:1|132|132|40884258|60
51.29289|baseline|88.88335|11.2507|0|0|False|1:1|132|132|40884258|60
51.30362|baseline|94.61185|10.5695|0|0|False|1:1|132|132|40884258|60
51.31396|baseline|95.23443|10.5004|0|0|False|1:1|132|132|40884258|60
51.32911|baseline|66.48895|15.04009|0|0|False|1:1|132|132|40884258|60
51.33825|baseline|108.1887|9.243106|0|0|False|1:1|132|132|40884258|60
51.34917|baseline|93.38293|10.7086|0|0|False|1:1|132|132|40884258|60
51.35958|baseline|94.08308|10.6289|0|0|False|1:1|132|132|40884258|60
51.37044|baseline|93.86411|10.6537|0|0|False|1:1|132|132|40884258|60
51.38112|baseline|93.52527|10.6923|0|0|False|1:1|132|132|40884258|60
51.39146|baseline|94.95415|10.5314|0|0|False|1:1|132|132|40884258|60
51.4028|baseline|90.02922|11.1075|0|0|False|1:1|133|133|40884260|60
51.41347|baseline|91.76418|10.8975|0|0|False|1:1|132|132|40884258|60
51.42429|baseline|94.36454|10.5972|0|0|False|1:1|132|132|40884258|60
51.43486|baseline|93.11422|10.7395|0|0|False|1:1|132|132|40884258|60
51.44592|baseline|91.54155|10.924|0|0|False|1:1|132|132|40884258|60
51.45642|baseline|93.73475|10.6684|0|0|False|1:1|132|132|40884258|60
51.46724|baseline|93.81482|10.6593|0|0|False|1:1|132|132|40884258|60
51.47765|baseline|94.39219|10.5941|0|0|False|1:1|132|132|40884258|60
51.48859|baseline|93.16881|10.73321|0|0|False|1:1|132|132|40884258|60
51.49901|baseline|94.03273|10.63459|0|0|False|1:1|132|132|40884258|60
51.51002|baseline|92.3446|10.829|0|0|False|1:1|132|132|40884258|60
51.52046|baseline|95.93063|10.4242|0|0|False|1:1|132|132|40884258|60
51.53091|baseline|93.94434|10.6446|0|0|False|1:1|132|132|40884258|60
51.54167|baseline|94.53136|10.5785|0|0|False|1:1|132|132|40884258|60
51.55214|baseline|94.08226|10.629|0|0|False|1:1|132|132|40884258|60
51.56351|baseline|89.31521|11.1963|0|0|False|1:1|133|133|40884260|60
51.57428|baseline|91.28084|10.9552|0|0|False|1:1|132|132|40884258|60
51.58525|baseline|93.72335|10.6697|0|0|False|1:1|132|132|40884258|60
51.59577|baseline|92.34375|10.8291|0|0|False|1:1|132|132|40884258|60
51.60669|baseline|93.05012|10.7469|0|0|False|1:1|132|132|40884258|60
51.61698|baseline|95.8102|10.4373|0|0|False|1:1|132|132|40884258|60
51.62804|baseline|91.35843|10.9459|0|0|False|1:1|132|132|40884258|60
51.63834|baseline|95.68002|10.4515|0|0|False|1:1|132|132|40884258|60
51.64916|baseline|94.09198|10.6279|0|0|False|1:1|132|132|40884258|60
51.65945|baseline|95.41441|10.4806|0|0|False|1:1|132|132|40884258|60
51.67043|baseline|92.90652|10.76351|0|0|False|1:1|132|132|40884258|60
51.68091|baseline|94.85509|10.5424|0|0|False|1:1|132|132|40884258|60
51.6914|baseline|94.13271|10.6233|0|0|False|1:1|132|132|40884258|60
51.70219|baseline|93.93196|10.646|0|0|False|1:1|132|132|40884258|60
51.71267|baseline|93.92139|10.6472|0|0|False|1:1|132|132|40884258|60
51.72388|baseline|90.57069|11.0411|0|0|False|1:1|133|133|40884260|60
51.73475|baseline|90.6405|11.0326|0|0|False|1:1|132|132|40884258|60
51.74556|baseline|94.0884|10.6283|0|0|False|1:1|132|132|40884258|60
51.75594|baseline|94.77597|10.5512|0|0|False|1:1|132|132|40884258|60
51.76686|baseline|93.74707|10.667|0|0|False|1:1|132|132|40884258|60
51.77734|baseline|93.04577|10.7474|0|0|False|1:1|132|132|40884258|60
51.78816|baseline|94.19385|10.6164|0|0|False|1:1|132|132|40884258|60
51.79862|baseline|94.52692|10.579|0|0|False|1:1|132|132|40884258|60
51.80946|baseline|93.02669|10.7496|0|0|False|1:1|132|132|40884258|60
51.82002|baseline|94.68262|10.5616|0|0|False|1:1|132|132|40884258|60
51.83533|baseline|64.54277|15.4936|0|0|False|1:1|132|132|40884258|60
51.84435|baseline|113.2183|8.832498|0|0|False|1:1|132|132|40884258|60
51.85513|baseline|91.24007|10.9601|0|0|False|1:1|132|132|40884258|60
51.86647|baseline|94.15752|10.6205|0|0|False|1:1|132|132|40884258|60
51.87658|baseline|92.75575|10.781|0|0|False|1:1|132|132|40884258|60
51.88806|baseline|88.62891|11.283|0|0|False|1:1|133|133|40884260|60
51.89883|baseline|91.08965|10.9782|0|0|False|1:1|132|132|40884258|60
51.90968|baseline|93.54095|10.69051|0|0|False|1:1|132|132|40884258|60
51.92036|baseline|94.19656|10.6161|0|0|False|1:1|132|132|40884258|60
51.93066|baseline|95.039|10.522|0|0|False|1:1|132|132|40884258|60
51.94152|baseline|93.75848|10.6657|0|0|False|1:1|132|132|40884258|60
51.95189|baseline|94.78762|10.5499|0|0|False|1:1|132|132|40884258|60
51.96267|baseline|93.6102|10.6826|0|0|False|1:1|132|132|40884258|60
51.97318|baseline|93.92315|10.647|0|0|False|1:1|132|132|40884258|60
51.98405|baseline|93.37329|10.7097|0|0|False|1:1|132|132|40884258|60
51.99453|baseline|94.1655|10.6196|0|0|False|1:1|132|132|40884258|60
52.00555|baseline|92.00565|10.8689|0|0|False|1:1|132|132|40884258|60
52.01596|baseline|94.48136|10.5841|0|0|False|1:1|132|132|40884258|60
52.02692|baseline|92.58573|10.8008|0|0|False|1:1|132|132|40884258|60
52.03724|baseline|95.31709|10.4913|0|0|False|1:1|132|132|40884258|60
52.04893|baseline|86.91266|11.5058|0|0|False|1:1|133|133|40884260|60
52.05967|baseline|91.73804|10.9006|0|0|False|1:1|132|132|40884258|60
52.07077|baseline|91.54743|10.9233|0|0|False|1:1|132|132|40884258|60
52.08131|baseline|95.58133|10.46229|0|0|False|1:1|132|132|40884258|60
52.09178|baseline|93.32531|10.71521|0|0|False|1:1|132|132|40884258|60
52.10249|baseline|94.69343|10.5604|0|0|False|1:1|132|132|40884258|60
52.11293|baseline|94.13001|10.6236|0|0|False|1:1|132|132|40884258|60
52.12366|baseline|95.07787|10.51769|0|0|False|1:1|132|132|40884258|60
52.13403|baseline|94.54922|10.5765|0|0|False|1:1|132|132|40884258|60
52.14511|baseline|92.97827|10.7552|0|0|False|1:1|132|132|40884258|60
52.15537|baseline|94.44835|10.5878|0|0|False|1:1|132|132|40884258|60
52.16632|baseline|92.91949|10.762|0|0|False|1:1|132|132|40884258|60
52.1769|baseline|92.97741|10.7553|0|0|False|1:1|132|132|40884258|60
52.18768|baseline|94.66294|10.5638|0|0|False|1:1|132|132|40884258|60
52.19813|baseline|93.79892|10.6611|0|0|False|1:1|132|132|40884258|60
52.20943|baseline|89.78516|11.1377|0|0|False|1:1|133|133|40884260|60
52.22058|baseline|89.90785|11.1225|0|0|False|1:1|132|132|40884258|60
52.2309|baseline|95.09684|10.5156|0|0|False|1:1|132|132|40884258|60
52.24159|baseline|95.133|10.5116|0|0|False|1:1|132|132|40884258|60
52.25201|baseline|94.38947|10.5944|0|0|False|1:1|132|132|40884258|60
52.2627|baseline|94.90459|10.5369|0|0|False|1:1|132|132|40884258|60
52.27312|baseline|94.55365|10.57601|0|0|False|1:1|132|132|40884258|60
52.28389|baseline|94.4894|10.5832|0|0|False|1:1|132|132|40884258|60
52.29438|baseline|93.78664|10.6625|0|0|False|1:1|132|132|40884258|60
52.30508|baseline|95.05437|10.5203|0|0|False|1:1|132|132|40884258|60
52.31541|baseline|95.01366|10.5248|0|0|False|1:1|132|132|40884258|60
52.32627|baseline|93.9929|10.6391|0|0|False|1:1|132|132|40884258|60
52.34173|baseline|64.35088|15.5398|0|0|False|1:1|132|132|40884258|60
52.35079|baseline|108.7016|9.199497|0|0|False|1:1|132|132|40884258|60
52.36173|baseline|94.32537|10.6016|0|0|False|1:1|132|132|40884258|60
52.37255|baseline|89.51833|11.1709|0|0|False|1:1|133|133|40884260|60
52.38387|baseline|89.94505|11.1179|0|0|False|1:1|132|132|40884258|60
52.39429|baseline|94.72654|10.5567|0|0|False|1:1|132|132|40884258|60
52.40526|baseline|92.28584|10.8359|0|0|False|1:1|132|132|40884258|60
52.41587|baseline|92.49325|10.8116|0|0|False|1:1|132|132|40884258|60
52.42653|baseline|95.79095|10.4394|0|0|False|1:1|132|132|40884258|60
52.43689|baseline|94.48224|10.584|0|0|False|1:1|132|132|40884258|60
52.44797|baseline|92.41632|10.8206|0|0|False|1:1|132|132|40884258|60
52.45861|baseline|93.01976|10.7504|0|0|False|1:1|132|132|40884258|60
52.46947|baseline|92.60462|10.7986|0|0|False|1:1|132|132|40884258|60
52.47998|baseline|94.9226|10.5349|0|0|False|1:1|132|132|40884258|60
52.49036|baseline|94.92982|10.5341|0|0|False|1:1|132|132|40884258|60
52.50142|baseline|92.63714|10.79481|0|0|False|1:1|132|132|40884258|60
52.51178|baseline|94.02383|10.6356|0|0|False|1:1|132|132|40884258|60
52.52284|baseline|91.84935|10.88739|0|0|False|1:1|132|132|40884258|60
52.53408|baseline|87.6132|11.4138|0|0|False|1:1|133|133|40884260|60
52.5451|baseline|92.15572|10.8512|0|0|False|1:1|132|132|40884258|60
52.55552|baseline|94.39572|10.5937|0|0|False|1:1|132|132|40884258|60
52.56672|baseline|91.75404|10.8987|0|0|False|1:1|132|132|40884258|60
52.57695|baseline|94.94693|10.5322|0|0|False|1:1|132|132|40884258|60
52.58791|baseline|92.79711|10.7762|0|0|False|1:1|132|132|40884258|60
52.59849|baseline|93.03883|10.7482|0|0|False|1:1|132|132|40884258|60
52.61001|baseline|89.24111|11.2056|0|0|False|1:1|132|132|40884258|60
52.62028|baseline|95.94165|10.423|0|0|False|1:1|132|132|40884258|60
52.63066|baseline|94.64408|10.5659|0|0|False|1:1|132|132|40884258|60
77.07475|baseline|50.00002|19.99999|0|0|False|1:1|132|132|40884258|60
77.18389|baseline|12.20915|81.9058|0|0|False|1:1|132|132|40884258|60
77.19003|baseline|29.69985|33.6702|0|0|False|1:1|265|265|81768518|60
77.20642|baseline|60.94922|16.4071|0|0|False|1:1|132|132|40884258|60
77.28191|baseline|13.2911|75.2383|0|0|False|1:1|132|132|40884258|60
77.28686|baseline|190.3567|5.253295|0|0|False|1:1|132|132|40884258|60
77.30584|baseline|52.97311|18.8775|0|0|False|1:1|132|132|40884258|60
77.32414|baseline|54.81794|18.2422|0|0|False|1:1|132|132|40884258|60
77.34377|baseline|50.76555|19.6984|0|0|False|1:1|132|132|40884258|60
77.3637|baseline|51.21299|19.5263|0|0|False|1:1|132|132|40884258|60
77.38287|baseline|51.15874|19.547|0|0|False|1:1|132|132|40884258|60
77.40138|baseline|54.31152|18.4123|0|0|False|1:1|132|132|40884258|60
77.41228|baseline|91.47877|10.9315|0|0|False|1:1|132|132|40884258|60
77.43432|baseline|48.63695|20.5605|0|0|False|1:1|132|132|40884258|60
77.451|baseline|54.44963|18.3656|0|0|False|1:1|132|132|40884258|60
77.46015|baseline|108.0941|9.251198|0|0|False|1:1|132|132|40884258|60
77.47134|baseline|90.86361|11.00551|0|0|False|1:1|132|132|40884258|60
77.48186|baseline|93.42565|10.7037|0|0|False|1:1|132|132|40884258|60
77.49352|baseline|88.76108|11.2662|0|0|False|1:1|133|133|40884260|60
77.5042|baseline|91.77767|10.8959|0|0|False|1:1|132|132|40884258|60
77.51473|baseline|93.45794|10.7|0|0|False|1:1|132|132|40884258|60
77.52547|baseline|94.58052|10.573|0|0|False|1:1|132|132|40884258|60
77.53591|baseline|94.19656|10.6161|0|0|False|1:1|132|132|40884258|60
77.54679|baseline|93.0821|10.7432|0|0|False|1:1|132|132|40884258|60
77.55753|baseline|92.42831|10.8192|0|0|False|1:1|132|132|40884258|60
77.56842|baseline|93.00425|10.7522|0|0|False|1:1|132|132|40884258|60
77.57899|baseline|93.13155|10.7375|0|0|False|1:1|132|132|40884258|60
77.58988|baseline|92.91002|10.7631|0|0|False|1:1|132|132|40884258|60
77.60056|baseline|93.12718|10.738|0|0|False|1:1|132|132|40884258|60
77.61156|baseline|92.36768|10.8263|0|0|False|1:1|132|132|40884258|60
77.62193|baseline|93.9894|10.6395|0|0|False|1:1|132|132|40884258|60
77.63268|baseline|94.31466|10.60281|0|0|False|1:1|132|132|40884258|60
77.64369|baseline|91.05562|10.9823|0|0|False|1:1|132|132|40884258|60
77.65496|baseline|87.34695|11.4486|0|0|False|1:1|133|133|40884260|60
77.67737|baseline|44.99236|22.226|0|0|False|1:1|132|132|40884258|60
77.68775|baseline|95.61877|10.4582|0|0|False|1:1|132|132|40884258|60
77.69875|baseline|90.615|11.0357|0|0|False|1:1|132|132|40884258|60
77.71|baseline|89.94177|11.1183|0|0|False|1:1|132|132|40884258|60
77.72021|baseline|96.30477|10.3837|0|0|False|1:1|132|132|40884258|60
77.73112|baseline|93.08216|10.7432|0|0|False|1:1|132|132|40884258|60
77.74177|baseline|92.49239|10.8117|0|0|False|1:1|132|132|40884258|60
77.75271|baseline|92.94544|10.759|0|0|False|1:1|132|132|40884258|60
77.76329|baseline|93.09426|10.7418|0|0|False|1:1|132|132|40884258|60
77.77435|baseline|92.55743|10.8041|0|0|False|1:1|132|132|40884258|60
77.7853|baseline|91.17934|10.9674|0|0|False|1:1|132|132|40884258|60
77.79591|baseline|91.95061|10.8754|0|0|False|1:1|132|132|40884258|60
77.80688|baseline|92.71365|10.7859|0|0|False|1:1|132|132|40884258|60
77.81752|baseline|92.483|10.8128|0|0|False|1:1|132|132|40884258|60
77.82905|baseline|88.39546|11.3128|0|0|False|1:1|133|133|40884260|60
77.84|baseline|90.08923|11.10011|0|0|False|1:1|132|132|40884258|60
77.8509|baseline|92.79455|10.7765|0|0|False|1:1|132|132|40884258|60
77.86147|baseline|93.05006|10.7469|0|0|False|1:1|132|132|40884258|60
77.87257|baseline|91.37931|10.9434|0|0|False|1:1|132|132|40884258|60
77.88309|baseline|93.5891|10.68501|0|0|False|1:1|132|132|40884258|60
77.89418|baseline|91.79534|10.8938|0|0|False|1:1|132|132|40884258|60
77.90495|baseline|92.43085|10.8189|0|0|False|1:1|132|132|40884258|60
77.91571|baseline|91.64475|10.9117|0|0|False|1:1|132|132|40884258|60
77.93392|baseline|55.30147|18.0827|0|0|False|1:1|132|132|40884258|60
77.95172|baseline|56.12271|17.8181|0|0|False|1:1|132|132|40884258|60
77.96007|baseline|117.7745|8.490802|0|0|False|1:1|132|132|40884258|60
77.97134|baseline|90.34895|11.0682|0|0|False|1:1|132|132|40884258|60
77.98182|baseline|93.81213|10.6596|0|0|False|1:1|132|132|40884258|60
77.9929|baseline|91.45032|10.9349|0|0|False|1:1|132|132|40884258|60
78.00417|baseline|89.0361|11.2314|0|0|False|1:1|133|133|40884260|60
78.55986|baseline|3|333.3333|0|0|False|1:1|132|132|40884258|60
78.57051|baseline|80.15581|12.4757|0|0|False|1:1|132|132|40884258|60
78.58826|baseline|56.36597|17.7412|0|0|False|1:1|132|132|40884258|60
78.59753|baseline|106.9576|9.349497|0|0|False|1:1|132|132|40884258|60
78.61605|baseline|54.4351|18.3705|0|0|False|1:1|132|132|40884258|60
78.62695|baseline|91.45785|10.934|0|0|False|1:1|132|132|40884258|60
78.63771|baseline|91.51556|10.9271|0|0|False|1:1|132|132|40884258|60
78.6492|baseline|88.62028|11.2841|0|0|False|1:1|132|132|40884258|60
78.66001|baseline|91.2567|10.9581|0|0|False|1:1|132|132|40884258|60
78.67108|baseline|91.95403|10.875|0|0|False|1:1|132|132|40884258|60
78.68182|baseline|91.31422|10.9512|0|0|False|1:1|132|132|40884258|60
78.69279|baseline|92.29091|10.8353|0|0|False|1:1|132|132|40884258|60
78.70332|baseline|93.60933|10.6827|0|0|False|1:1|132|132|40884258|60
78.7143|baseline|92.58057|10.8014|0|0|False|1:1|132|132|40884258|60
78.72556|baseline|88.72168|11.2712|0|0|False|1:1|133|133|40884260|60
78.73654|baseline|89.47507|11.1763|0|0|False|1:1|132|132|40884258|60
78.74773|baseline|90.95374|10.9946|0|0|False|1:1|132|132|40884258|60
78.75838|baseline|92.35233|10.8281|0|0|False|1:1|132|132|40884258|60
78.76968|baseline|90.10384|11.09831|0|0|False|1:1|132|132|40884258|60
78.78045|baseline|91.51727|10.9269|0|0|False|1:1|132|132|40884258|60
78.79158|baseline|91.50807|10.928|0|0|False|1:1|132|132|40884258|60
78.80209|baseline|93.05699|10.7461|0|0|False|1:1|132|132|40884258|60
78.81319|baseline|91.63047|10.9134|0|0|False|1:1|132|132|40884258|60
78.82387|baseline|91.9194|10.8791|0|0|False|1:1|132|132|40884258|60
78.83485|baseline|92.72998|10.784|0|0|False|1:1|132|132|40884258|60
78.84633|baseline|89.46622|11.1774|0|0|False|1:1|132|132|40884258|60
78.86364|baseline|56.22432|17.7859|0|0|False|1:1|132|132|40884258|60
78.87338|baseline|106.2124|9.4151|0|0|False|1:1|132|132|40884258|60
78.88387|baseline|92.44623|10.8171|0|0|False|1:1|132|132|40884258|60
78.89545|baseline|88.03356|11.3593|0|0|False|1:1|133|133|40884260|60
78.9064|baseline|90.85957|11.00599|0|0|False|1:1|132|132|40884258|60
78.91691|baseline|93.42299|10.704|0|0|False|1:1|132|132|40884258|60
78.92789|baseline|92.68271|10.7895|0|0|False|1:1|132|132|40884258|60
78.93863|baseline|92.30968|10.8331|0|0|False|1:1|132|132|40884258|60
78.94958|baseline|92.18715|10.8475|0|0|False|1:1|132|132|40884258|60
78.96011|baseline|93.15233|10.7351|0|0|False|1:1|132|132|40884258|60
78.97098|baseline|94.04244|10.6335|0|0|False|1:1|132|132|40884258|60
78.98154|baseline|92.63033|10.7956|0|0|False|1:1|132|132|40884258|60
78.99269|baseline|91.26|10.9577|0|0|False|1:1|132|132|40884258|60
79.00335|baseline|92.10562|10.8571|0|0|False|1:1|132|132|40884258|60
79.01452|baseline|91.23505|10.9607|0|0|False|1:1|132|132|40884258|60
79.02552|baseline|91.69012|10.9063|0|0|False|1:1|132|132|40884258|60
79.03622|baseline|90.96365|10.9934|0|0|False|1:1|132|132|40884258|60
79.0473|baseline|91.43195|10.9371|0|0|False|1:1|132|132|40884258|60
79.05844|baseline|88.49946|11.2995|0|0|False|1:1|133|133|40884260|60
79.06968|baseline|91.25842|10.95789|0|0|False|1:1|132|132|40884258|60
79.08717|baseline|56.6678|17.64671|0|0|False|1:1|132|132|40884258|60
79.10596|baseline|55.12498|18.1406|0|0|False|1:1|132|132|40884258|60
79.11376|baseline|117.1056|8.539299|0|0|False|1:1|132|132|40884258|60
79.12504|baseline|90.53297|11.0457|0|0|False|1:1|132|132|40884258|60
79.13566|baseline|92.09119|10.8588|0|0|False|1:1|132|132|40884258|60
79.14665|baseline|92.72912|10.7841|0|0|False|1:1|132|132|40884258|60
79.15733|baseline|92.12173|10.8552|0|0|False|1:1|132|132|40884258|60
79.16867|baseline|90.65441|11.0309|0|0|False|1:1|132|132|40884258|60
79.17912|baseline|92.44877|10.8168|0|0|False|1:1|132|132|40884258|60
79.19007|baseline|92.96014|10.7573|0|0|False|1:1|132|132|40884258|60
79.20057|baseline|93.49899|10.6953|0|0|False|1:1|132|132|40884258|60
79.21165|baseline|91.59104|10.9181|0|0|False|1:1|132|132|40884258|60
79.22241|baseline|91.98531|10.8713|0|0|False|1:1|132|132|40884258|60
79.23386|baseline|87.96777|11.3678|0|0|False|1:1|133|133|40884260|60
79.24526|baseline|88.1065|11.3499|0|0|False|1:1|132|132|40884258|60
79.25578|baseline|93.51826|10.6931|0|0|False|1:1|132|132|40884258|60
79.26678|baseline|92.20498|10.8454|0|0|False|1:1|132|132|40884258|60
79.27729|baseline|93.71022|10.6712|0|0|False|1:1|132|132|40884258|60
79.28829|baseline|93.07172|10.7444|0|0|False|1:1|132|132|40884258|60
79.29881|baseline|93.02933|10.7493|0|0|False|1:1|132|132|40884258|60
79.31007|baseline|90.55756|11.0427|0|0|False|1:1|132|132|40884258|60
79.32054|include_secondary_view|93.30618|10.7174|2048|2048|True|1:1|132|132|40884258|61
79.3493|include_secondary_view|35.34194|28.295|2048|2048|True|1:1|253|253|75314032|61
79.36858|include_secondary_view|51.48774|19.4221|2048|2048|True|1:1|253|253|75314032|61
79.38802|include_secondary_view|51.32416|19.484|2048|2048|True|1:1|253|253|75314032|61
79.40762|include_secondary_view|51.0707|19.5807|2048|2048|True|1:1|253|253|75314032|61
79.42725|include_secondary_view|51.06756|19.5819|2048|2048|True|1:1|253|253|75314032|61
79.44699|include_secondary_view|50.60421|19.7612|2048|2048|True|1:1|253|253|75314032|61
79.46642|include_secondary_view|51.35184|19.4735|2048|2048|True|1:1|254|254|75314034|61
79.48638|include_secondary_view|50.24444|19.9027|2048|2048|True|1:1|253|253|75314032|61
79.50589|include_secondary_view|51.25341|19.5109|2048|2048|True|1:1|253|253|75314032|61
79.52567|include_secondary_view|50.41339|19.836|2048|2048|True|1:1|253|253|75314032|61
79.5453|include_secondary_view|51.00739|19.605|2048|2048|True|1:1|253|253|75314032|61
79.56518|include_secondary_view|50.39484|19.8433|2048|2048|True|1:1|253|253|75314032|61
79.58429|include_secondary_view|52.21716|19.15079|2048|2048|True|1:1|253|253|75314032|61
79.60345|include_secondary_view|51.38138|19.4623|2048|2048|True|1:1|253|253|75314032|61
79.62486|include_secondary_view|47.60204|21.0075|2048|2048|True|1:1|253|253|75314032|61
79.64597|include_secondary_view|47.29944|21.1419|2048|2048|True|1:1|253|253|75314032|61
79.66545|include_secondary_view|51.20749|19.52839|2048|2048|True|1:1|253|253|75314032|61
79.68499|include_secondary_view|51.27389|19.5031|2048|2048|True|1:1|253|253|75314032|61
79.70477|include_secondary_view|50.63215|19.7503|2048|2048|True|1:1|253|253|75314032|61
79.72456|include_secondary_view|50.35651|19.8584|2048|2048|True|1:1|253|253|75314032|61
79.74377|include_secondary_view|51.28995|19.497|2048|2048|True|1:1|253|253|75314032|61
79.76352|include_secondary_view|51.24683|19.5134|2048|2048|True|1:1|254|254|75314034|61
79.78338|include_secondary_view|50.50225|19.8011|2048|2048|True|1:1|253|253|75314032|61
79.80302|include_secondary_view|51.08921|19.5736|2048|2048|True|1:1|253|253|75314032|61
79.82275|include_secondary_view|50.61676|19.7563|2048|2048|True|1:1|253|253|75314032|61
79.84232|include_secondary_view|51.00947|19.6042|2048|2048|True|1:1|253|253|75314032|61
79.862|include_secondary_view|50.94452|19.6292|2048|2048|True|1:1|253|253|75314032|61
79.88152|include_secondary_view|51.03212|19.5955|2048|2048|True|1:1|253|253|75314032|61
79.90127|include_secondary_view|51.10958|19.5658|2048|2048|True|1:1|253|253|75314032|61
79.92068|include_secondary_view|51.05975|19.5849|2048|2048|True|1:1|253|253|75314032|61
79.94019|include_secondary_view|51.31443|19.4877|2048|2048|True|1:1|253|253|75314032|61
79.95982|include_secondary_view|51.06573|19.5826|2048|2048|True|1:1|253|253|75314032|61
79.97932|include_secondary_view|51.22794|19.5206|2048|2048|True|1:1|253|253|75314032|61
79.99889|include_secondary_view|51.13155|19.5574|2048|2048|True|1:1|253|253|75314032|61
80.01868|include_secondary_view|50.49867|19.8025|2048|2048|True|1:1|253|253|75314032|61
80.03865|include_secondary_view|50.29372|19.8832|2048|2048|True|1:1|253|253|75314032|61
80.05833|include_secondary_view|50.64521|19.7452|2048|2048|True|1:1|254|254|75314034|61
80.07806|include_secondary_view|50.63857|19.7478|2048|2048|True|1:1|253|253|75314032|61
80.09779|include_secondary_view|50.74184|19.7076|2048|2048|True|1:1|253|253|75314032|61
80.11715|include_secondary_view|51.36661|19.4679|2048|2048|True|1:1|253|253|75314032|61
80.13802|include_secondary_view|47.99755|20.8344|2048|2048|True|1:1|253|253|75314032|61
80.15868|include_secondary_view|48.46722|20.6325|2048|2048|True|1:1|253|253|75314032|61
80.17844|include_secondary_view|50.66601|19.7371|2048|2048|True|1:1|253|253|75314032|61
80.19805|include_secondary_view|51.1713|19.54221|2048|2048|True|1:1|253|253|75314032|61
80.21795|include_secondary_view|50.24798|19.9013|2048|2048|True|1:1|253|253|75314032|61
80.23785|include_secondary_view|50.06508|19.974|2048|2048|True|1:1|253|253|75314032|61
80.25763|include_secondary_view|50.86005|19.6618|2048|2048|True|1:1|253|253|75314032|61
80.27712|include_secondary_view|51.05297|19.5875|2048|2048|True|1:1|253|253|75314032|61
80.29659|include_secondary_view|51.24447|19.5143|2048|2048|True|1:1|253|253|75314032|61
80.31608|include_secondary_view|51.17|19.5427|2048|2048|True|1:1|253|253|75314032|61
80.33569|include_secondary_view|51.16503|19.5446|2048|2048|True|1:1|253|253|75314032|61
81.59397|include_secondary_view|3|333.3333|2048|2048|True|1:1|253|253|75314032|61
81.60551|include_secondary_view|70.44834|14.1948|2048|2048|True|1:1|253|253|75314032|61
81.62435|include_secondary_view|53.81088|18.5836|2048|2048|True|1:1|253|253|75314032|61
81.64055|include_secondary_view|62.05515|16.1147|2048|2048|True|1:1|253|253|75314032|61
81.66066|include_secondary_view|50.71044|19.7198|2048|2048|True|1:1|253|253|75314032|61
81.6804|include_secondary_view|49.80751|20.0773|2048|2048|True|1:1|253|253|75314032|61
82.1703|include_secondary_view|3|333.3333|2048|2048|True|1:1|253|253|75314032|61
82.19142|include_secondary_view|42.63756|23.4535|2048|2048|True|1:1|253|253|75314032|61
82.21183|include_secondary_view|49.30261|20.2829|2048|2048|True|1:1|253|253|75314032|61
82.22159|include_secondary_view|102.1336|9.7911|2048|2048|True|1:1|253|253|75314032|61
82.24165|include_secondary_view|50.74674|19.7057|2048|2048|True|1:1|253|253|75314032|61
82.26067|include_secondary_view|50.98113|19.6151|2048|2048|True|1:1|253|253|75314032|61
82.28065|include_secondary_view|50.91988|19.6387|2048|2048|True|1:1|253|253|75314032|61
82.3|include_secondary_view|51.4586|19.4331|2048|2048|True|1:1|253|253|75314032|61
82.31975|include_secondary_view|50.95878|19.6237|2048|2048|True|1:1|253|253|75314032|61
82.33938|include_secondary_view|50.77585|19.6944|2048|2048|True|1:1|254|254|75314034|61
82.35925|include_secondary_view|50.34613|19.8625|2048|2048|True|1:1|253|253|75314032|61
82.37891|include_secondary_view|51.5363|19.4038|2048|2048|True|1:1|253|253|75314032|61
82.39816|include_secondary_view|51.1271|19.5591|2048|2048|True|1:1|253|253|75314032|61
82.42172|include_secondary_view|50.93568|19.6326|2048|2048|True|1:1|253|253|75314032|61
82.43746|include_secondary_view|50.81509|19.67919|2048|2048|True|1:1|253|253|75314032|61
82.45719|include_secondary_view|50.7823|19.6919|2048|2048|True|1:1|253|253|75314032|61
82.47683|include_secondary_view|50.84348|19.66821|2048|2048|True|1:1|253|253|75314032|61
82.49655|include_secondary_view|50.61958|19.7552|2048|2048|True|1:1|253|253|75314032|61
82.5161|include_secondary_view|51.1708|19.5424|2048|2048|True|1:1|253|253|75314032|61
82.53661|include_secondary_view|48.98432|20.4147|2048|2048|True|1:1|253|253|75314032|61
82.55656|include_secondary_view|49.94081|20.0237|2048|2048|True|1:1|253|253|75314032|61
82.57599|include_secondary_view|51.34366|19.4766|2048|2048|True|1:1|253|253|75314032|61
82.59591|include_secondary_view|50.33751|19.8659|2048|2048|True|1:1|253|253|75314032|61
82.61567|include_secondary_view|50.63907|19.7476|2048|2048|True|1:1|253|253|75314032|61
82.63527|include_secondary_view|50.92557|19.6365|2048|2048|True|1:1|254|254|75314034|61
82.65538|include_secondary_view|49.85815|20.0569|2048|2048|True|1:1|253|253|75314032|61
82.67483|include_secondary_view|51.5807|19.3871|2048|2048|True|1:1|253|253|75314032|61
82.69438|include_secondary_view|50.83961|19.6697|2048|2048|True|1:1|253|253|75314032|61
82.71421|include_secondary_view|50.20787|19.9172|2048|2048|True|1:1|253|253|75314032|61
82.73522|include_secondary_view|47.73018|20.95111|2048|2048|True|1:1|253|253|75314032|61
82.75576|include_secondary_view|48.67508|20.5444|2048|2048|True|1:1|253|253|75314032|61
82.77522|include_secondary_view|51.43821|19.4408|2048|2048|True|1:1|253|253|75314032|61
82.79495|include_secondary_view|50.81275|19.6801|2048|2048|True|1:1|253|253|75314032|61
82.81432|include_secondary_view|51.4443|19.4385|2048|2048|True|1:1|253|253|75314032|61
82.83379|include_secondary_view|51.80676|19.3025|2048|2048|True|1:1|253|253|75314032|61
82.85314|include_secondary_view|51.14305|19.553|2048|2048|True|1:1|253|253|75314032|61
82.87302|include_secondary_view|50.53082|19.7899|2048|2048|True|1:1|253|253|75314032|61
82.89301|include_secondary_view|50.50658|19.7994|2048|2048|True|1:1|253|253|75314032|61
82.91267|include_secondary_view|50.41111|19.8369|2048|2048|True|1:1|253|253|75314032|61
82.93264|include_secondary_view|49.97351|20.0106|2048|2048|True|1:1|254|254|75314034|61
82.95244|include_secondary_view|50.46299|19.8165|2048|2048|True|1:1|253|253|75314032|61
82.97211|include_secondary_view|51.07331|19.5797|2048|2048|True|1:1|253|253|75314032|61
82.99152|include_secondary_view|51.25497|19.5103|2048|2048|True|1:1|253|253|75314032|61
83.01113|include_secondary_view|51.05611|19.58629|2048|2048|True|1:1|253|253|75314032|61
83.03142|include_secondary_view|50.33092|19.8685|2048|2048|True|1:1|253|253|75314032|61
83.05058|include_secondary_view|50.94217|19.6301|2048|2048|True|1:1|253|253|75314032|61
83.0699|include_secondary_view|51.83147|19.2933|2048|2048|True|1:1|253|253|75314032|61
83.09018|include_secondary_view|50.39586|19.8429|2048|2048|True|1:1|253|253|75314032|61
83.10909|include_secondary_view|51.86346|19.2814|2048|2048|True|1:1|253|253|75314032|61
83.129|include_secondary_view|51.26313|19.5072|2048|2048|True|1:1|253|253|75314032|61
83.14793|include_secondary_view|51.50895|19.4141|2048|2048|True|1:1|253|253|75314032|61
83.16763|include_secondary_view|50.96371|19.62181|2048|2048|True|1:1|253|253|75314032|61
83.1872|include_secondary_view|51.05168|19.588|2048|2048|True|1:1|253|253|75314032|61
83.2068|include_secondary_view|51.29889|19.4936|2048|2048|True|1:1|253|253|75314032|61
83.22636|include_secondary_view|50.73618|19.7098|2048|2048|True|1:1|254|254|75314034|61
83.24763|include_secondary_view|47.08696|21.2373|2048|2048|True|1:1|253|253|75314032|61
83.26833|include_secondary_view|48.28795|20.7091|2048|2048|True|1:1|253|253|75314032|61
83.28767|include_secondary_view|51.86426|19.2811|2048|2048|True|1:1|253|253|75314032|61
83.30692|include_secondary_view|51.79736|19.306|2048|2048|True|1:1|253|253|75314032|61
83.32638|include_secondary_view|51.3653|19.4684|2048|2048|True|1:1|253|253|75314032|61
83.34636|include_secondary_view|50.14466|19.9423|2048|2048|True|1:1|253|253|75314032|61
83.36586|include_secondary_view|51.25683|19.50959|2048|2048|True|1:1|253|253|75314032|61
83.38542|include_secondary_view|51.33074|19.4815|2048|2048|True|1:1|253|253|75314032|61
83.40498|include_secondary_view|50.88956|19.6504|2048|2048|True|1:1|253|253|75314032|61
83.42466|include_secondary_view|51.20695|19.5286|2048|2048|True|1:1|253|253|75314032|61
83.44398|include_secondary_view|51.26234|19.5075|2048|2048|True|1:1|253|253|75314032|61
83.46377|include_secondary_view|51.32469|19.4838|2048|2048|True|1:1|253|253|75314032|61
83.48276|include_secondary_view|51.74136|19.3269|2048|2048|True|1:1|253|253|75314032|61
83.5023|include_secondary_view|51.28993|19.497|2048|2048|True|1:1|253|253|75314032|61
83.522|include_secondary_view|51.12553|19.5597|2048|2048|True|1:1|254|254|75314034|61
83.54166|include_secondary_view|50.55816|19.7792|2048|2048|True|1:1|253|253|75314032|61
83.5607|include_secondary_view|51.76172|19.3193|2048|2048|True|1:1|253|253|75314032|61
83.58053|include_secondary_view|51.15561|19.5482|2048|2048|True|1:1|253|253|75314032|61
83.60025|include_secondary_view|51.47078|19.4285|2048|2048|True|1:1|253|253|75314032|61
83.61975|include_secondary_view|50.51883|19.7946|2048|2048|True|1:1|253|253|75314032|61
83.63937|include_secondary_view|51.60464|19.3781|2048|2048|True|1:1|253|253|75314032|61
83.65867|include_secondary_view|51.43637|19.4415|2048|2048|True|1:1|253|253|75314032|61
83.67816|include_secondary_view|51.29415|19.4954|2048|2048|True|1:1|253|253|75314032|61
83.69749|include_secondary_view|51.53444|19.4045|2048|2048|True|1:1|253|253|75314032|61
83.71699|include_secondary_view|51.42023|19.4476|2048|2048|True|1:1|253|253|75314032|61
83.73663|include_secondary_view|50.60216|19.762|2048|2048|True|1:1|253|253|75314032|61
83.75738|include_secondary_view|48.20602|20.7443|2048|2048|True|1:1|253|253|75314032|61
83.78329|include_secondary_view|48.13013|20.77701|2048|2048|True|1:1|253|253|75314032|61
83.79822|include_secondary_view|50.78154|19.6922|2048|2048|True|1:1|253|253|75314032|61
83.81754|include_secondary_view|51.05714|19.5859|2048|2048|True|1:1|254|254|75314034|61
83.83733|include_secondary_view|50.54231|19.7854|2048|2048|True|1:1|253|253|75314032|61
83.85687|include_secondary_view|50.84841|19.6663|2048|2048|True|1:1|253|253|75314032|61
83.8763|include_secondary_view|51.63502|19.3667|2048|2048|True|1:1|253|253|75314032|61
83.89548|include_secondary_view|52.06137|19.2081|2048|2048|True|1:1|253|253|75314032|61
83.91481|include_secondary_view|51.65316|19.3599|2048|2048|True|1:1|253|253|75314032|61
83.93436|include_secondary_view|51.36134|19.4699|2048|2048|True|1:1|253|253|75314032|61
83.95368|include_secondary_view|51.61743|19.3733|2048|2048|True|1:1|253|253|75314032|61
83.97322|include_secondary_view|51.21245|19.5265|2048|2048|True|1:1|253|253|75314032|61
83.99256|include_secondary_view|51.54746|19.3996|2048|2048|True|1:1|253|253|75314032|61
84.01209|include_secondary_view|51.37478|19.4648|2048|2048|True|1:1|253|253|75314032|61
84.03158|include_secondary_view|51.41388|19.45|2048|2048|True|1:1|253|253|75314032|61
84.05135|include_secondary_view|50.65805|19.7402|2048|2048|True|1:1|253|253|75314032|61
84.07085|include_secondary_view|51.27574|19.5024|2048|2048|True|1:1|253|253|75314032|61
84.09017|include_secondary_view|51.40385|19.4538|2048|2048|True|1:1|253|253|75314032|61
84.1096|include_secondary_view|51.55756|19.3958|2048|2048|True|1:1|254|254|75314034|61
84.12939|include_secondary_view|50.60471|19.76101|2048|2048|True|1:1|253|253|75314032|61
84.14909|include_secondary_view|50.8937|19.6488|2048|2048|True|1:1|253|253|75314032|61
84.16833|include_secondary_view|51.87179|19.2783|2048|2048|True|1:1|253|253|75314032|61
84.18789|include_secondary_view|51.14567|19.552|2048|2048|True|1:1|253|253|75314032|61
84.20742|include_secondary_view|51.26785|19.5054|2048|2048|True|1:1|253|253|75314032|61
84.22676|include_secondary_view|51.52116|19.4095|2048|2048|True|1:1|253|253|75314032|61
84.24636|include_secondary_view|50.93906|19.6313|2048|2048|True|1:1|253|253|75314032|61
84.26711|include_secondary_view|48.37134|20.6734|2048|2048|True|1:1|253|253|75314032|61
84.28843|include_secondary_view|46.87749|21.3322|2048|2048|True|1:1|253|253|75314032|61
84.30763|include_secondary_view|52.01967|19.2235|2048|2048|True|1:1|253|253|75314032|61
84.32765|include_secondary_view|50.54385|19.7848|2048|2048|True|1:1|253|253|75314032|61
84.3472|include_secondary_view|50.71766|19.717|2048|2048|True|1:1|253|253|75314032|61
84.36689|include_secondary_view|50.61829|19.7557|2048|2048|True|1:1|253|253|75314032|61
84.38641|include_secondary_view|51.40781|19.4523|2048|2048|True|1:1|253|253|75314032|61
84.40613|include_secondary_view|51.32917|19.4821|2048|2048|True|1:1|254|254|75314034|61
84.42574|include_secondary_view|50.27222|19.8917|2048|2048|True|1:1|253|253|75314032|61
84.44524|include_secondary_view|51.33021|19.4817|2048|2048|True|1:1|253|253|75314032|61
84.46473|include_secondary_view|51.21167|19.5268|2048|2048|True|1:1|253|253|75314032|61
84.48413|include_secondary_view|51.57723|19.3884|2048|2048|True|1:1|253|253|75314032|61
84.50365|include_secondary_view|51.24657|19.5135|2048|2048|True|1:1|253|253|75314032|61
84.52337|include_secondary_view|50.616|19.7566|2048|2048|True|1:1|253|253|75314032|61
84.54276|include_secondary_view|51.75206|19.3229|2048|2048|True|1:1|253|253|75314032|61
84.56223|include_secondary_view|51.30942|19.4896|2048|2048|True|1:1|253|253|75314032|61
84.58182|include_secondary_view|50.88411|19.6525|2048|2048|True|1:1|253|253|75314032|61
84.60092|include_secondary_view|51.6983|19.343|2048|2048|True|1:1|253|253|75314032|61
84.62074|include_secondary_view|51.61156|19.3755|2048|2048|True|1:1|253|253|75314032|61
84.63993|include_secondary_view|51.69882|19.3428|2048|2048|True|1:1|253|253|75314032|61
84.65973|include_secondary_view|51.25499|19.5103|2048|2048|True|1:1|253|253|75314032|61
84.67883|include_secondary_view|51.52885|19.4066|2048|2048|True|1:1|253|253|75314032|61
84.6993|include_secondary_view|49.00953|20.4042|2048|2048|True|1:1|254|254|75314034|61
84.71894|include_secondary_view|50.756|19.7021|2048|2048|True|1:1|253|253|75314032|61
84.73871|include_secondary_view|51.02249|19.5992|2048|2048|True|1:1|253|253|75314032|61
84.75802|include_secondary_view|51.30758|19.4903|2048|2048|True|1:1|253|253|75314032|61
84.7789|include_secondary_view|48.01184|20.8282|2048|2048|True|1:1|253|253|75314032|61
84.79955|include_secondary_view|48.42332|20.65121|2048|2048|True|1:1|253|253|75314032|61
84.81914|include_secondary_view|51.04907|19.58899|2048|2048|True|1:1|253|253|75314032|61
84.8386|include_secondary_view|51.37452|19.4649|2048|2048|True|1:1|253|253|75314032|61
84.85805|include_secondary_view|51.40014|19.4552|2048|2048|True|1:1|253|253|75314032|61
84.87766|include_secondary_view|50.96476|19.6214|2048|2048|True|1:1|253|253|75314032|61
84.89695|include_secondary_view|51.71995|19.3349|2048|2048|True|1:1|253|253|75314032|61
84.91622|include_secondary_view|51.91623|19.2618|2048|2048|True|1:1|253|253|75314032|61
84.93597|include_secondary_view|51.38376|19.4614|2048|2048|True|1:1|253|253|75314032|61
84.95522|include_secondary_view|51.15612|19.548|2048|2048|True|1:1|253|253|75314032|61
84.9748|include_secondary_view|51.17419|19.5411|2048|2048|True|1:1|253|253|75314032|61
84.9943|include_secondary_view|51.12501|19.5599|2048|2048|True|1:1|254|254|75314034|61
85.01431|include_secondary_view|50.14995|19.9402|2048|2048|True|1:1|253|253|75314032|61
85.03394|include_secondary_view|50.93206|19.634|2048|2048|True|1:1|253|253|75314032|61
85.05336|include_secondary_view|51.47502|19.4269|2048|2048|True|1:1|253|253|75314032|61
85.07283|include_secondary_view|51.36687|19.4678|2048|2048|True|1:1|253|253|75314032|61
85.09258|include_secondary_view|50.52138|19.7936|2048|2048|True|1:1|253|253|75314032|61
85.11218|include_secondary_view|50.99673|19.6091|2048|2048|True|1:1|253|253|75314032|61
85.13202|include_secondary_view|50.44899|19.822|2048|2048|True|1:1|253|253|75314032|61
85.15166|include_secondary_view|51.01755|19.6011|2048|2048|True|1:1|253|253|75314032|61
85.17112|include_secondary_view|51.45807|19.4333|2048|2048|True|1:1|253|253|75314032|61
85.1905|include_secondary_view|51.55701|19.396|2048|2048|True|1:1|253|253|75314032|61
85.20992|include_secondary_view|51.58176|19.3867|2048|2048|True|1:1|253|253|75314032|61
85.22939|include_secondary_view|51.23292|19.5187|2048|2048|True|1:1|253|253|75314032|61
85.24979|include_secondary_view|50.68682|19.729|2048|2048|True|1:1|253|253|75314032|61
85.26907|include_secondary_view|50.10847|19.95671|2048|2048|True|1:1|253|253|75314032|61
85.28986|include_secondary_view|48.09935|20.7903|2048|2048|True|1:1|254|254|75314034|61
85.31124|include_secondary_view|46.82854|21.3545|2048|2048|True|1:1|253|253|75314032|61
85.33066|include_secondary_view|51.36212|19.4696|2048|2048|True|1:1|253|253|75314032|61
85.3503|include_secondary_view|51.61691|19.3735|2048|2048|True|1:1|253|253|75314032|61
85.36958|include_secondary_view|51.31625|19.48701|2048|2048|True|1:1|253|253|75314032|61
85.38948|include_secondary_view|50.44722|19.8227|2048|2048|True|1:1|253|253|75314032|61
85.40894|include_secondary_view|51.54214|19.4016|2048|2048|True|1:1|253|253|75314032|61
85.42931|include_secondary_view|50.42076|19.8331|2048|2048|True|1:1|253|253|75314032|61
85.44828|include_secondary_view|50.75472|19.7026|2048|2048|True|1:1|253|253|75314032|61
85.46815|include_secondary_view|51.01729|19.6012|2048|2048|True|1:1|253|253|75314032|61
85.48756|include_secondary_view|50.96631|19.6208|2048|2048|True|1:1|253|253|75314032|61
85.50703|include_secondary_view|51.20749|19.52839|2048|2048|True|1:1|253|253|75314032|61
85.52653|include_secondary_view|51.35868|19.4709|2048|2048|True|1:1|253|253|75314032|61
85.54636|include_secondary_view|51.18074|19.5386|2048|2048|True|1:1|253|253|75314032|61
85.56564|include_secondary_view|51.02353|19.5988|2048|2048|True|1:1|253|253|75314032|61
85.58586|include_secondary_view|50.7591|19.7009|2048|2048|True|1:1|254|254|75314034|61
85.60545|include_secondary_view|50.57608|19.77219|2048|2048|True|1:1|253|253|75314032|61
85.62452|include_secondary_view|51.5618|19.3942|2048|2048|True|1:1|253|253|75314032|61
85.64471|include_secondary_view|49.44131|20.226|2048|2048|True|1:1|253|253|75314032|61
85.66429|include_secondary_view|51.47025|19.4287|2048|2048|True|1:1|253|253|75314032|61
85.68363|include_secondary_view|51.48561|19.4229|2048|2048|True|1:1|253|253|75314032|61
85.70293|include_secondary_view|51.75126|19.3232|2048|2048|True|1:1|253|253|75314032|61
85.72243|include_secondary_view|51.36423|19.4688|2048|2048|True|1:1|253|253|75314032|61
85.74194|include_secondary_view|51.16189|19.5458|2048|2048|True|1:1|253|253|75314032|61
85.76147|include_secondary_view|51.40912|19.4518|2048|2048|True|1:1|253|253|75314032|61
85.7808|include_secondary_view|50.75755|19.7015|2048|2048|True|1:1|253|253|75314032|61
85.80202|include_secondary_view|48.14938|20.7687|2048|2048|True|1:1|253|253|75314032|61
85.82319|include_secondary_view|47.02761|21.2641|2048|2048|True|1:1|253|253|75314032|61
85.84241|include_secondary_view|51.86292|19.2816|2048|2048|True|1:1|253|253|75314032|61
85.86233|include_secondary_view|50.22198|19.9116|2048|2048|True|1:1|253|253|75314032|61
85.8821|include_secondary_view|50.52597|19.7918|2048|2048|True|1:1|254|254|75314034|61
85.90224|include_secondary_view|49.73837|20.1052|2048|2048|True|1:1|253|253|75314032|61
85.92188|include_secondary_view|51.76975|19.3163|2048|2048|True|1:1|253|253|75314032|61
85.94076|include_secondary_view|51.27784|19.5016|2048|2048|True|1:1|253|253|75314032|61
85.96076|include_secondary_view|51.17263|19.5417|2048|2048|True|1:1|253|253|75314032|61
85.98006|include_secondary_view|51.71085|19.3383|2048|2048|True|1:1|253|253|75314032|61
85.99955|include_secondary_view|50.93932|19.6312|2048|2048|True|1:1|253|253|75314032|61
86.01947|include_secondary_view|51.04593|19.5902|2048|2048|True|1:1|253|253|75314032|61
86.03896|include_secondary_view|51.6681|19.3543|2048|2048|True|1:1|253|253|75314032|61
86.05791|include_secondary_view|51.48005|19.425|2048|2048|True|1:1|253|253|75314032|61
86.07731|include_secondary_view|51.54718|19.3997|2048|2048|True|1:1|253|253|75314032|61
86.09702|include_secondary_view|51.63209|19.3678|2048|2048|True|1:1|253|253|75314032|61
86.1163|include_secondary_view|51.6868|19.3473|2048|2048|True|1:1|253|253|75314032|61
86.13579|include_secondary_view|50.58784|19.7676|2048|2048|True|1:1|253|253|75314032|61
86.15541|include_secondary_view|51.23632|19.5174|2048|2048|True|1:1|253|253|75314032|61
86.17527|include_secondary_view|50.79237|19.688|2048|2048|True|1:1|254|254|75314034|61
86.19501|include_secondary_view|50.03201|19.9872|2048|2048|True|1:1|253|253|75314032|61
86.21448|include_secondary_view|51.37003|19.4666|2048|2048|True|1:1|253|253|75314032|61
86.23401|include_secondary_view|51.02849|19.5969|2048|2048|True|1:1|253|253|75314032|61
86.25405|include_secondary_view|50.20131|19.9198|2048|2048|True|1:1|253|253|75314032|61
86.27354|include_secondary_view|51.17575|19.5405|2048|2048|True|1:1|253|253|75314032|61
86.29295|include_secondary_view|51.28626|19.4984|2048|2048|True|1:1|253|253|75314032|61
86.31377|include_secondary_view|48.1466|20.7699|2048|2048|True|1:1|253|253|75314032|61
86.33489|include_secondary_view|47.51971|21.0439|2048|2048|True|1:1|253|253|75314032|61
86.35464|include_secondary_view|50.79932|19.6853|2048|2048|True|1:1|253|253|75314032|61
86.37527|include_secondary_view|48.92966|20.4375|2048|2048|True|1:1|253|253|75314032|61
86.39446|include_secondary_view|51.19411|19.5335|2048|2048|True|1:1|253|253|75314032|61
86.41406|include_secondary_view|50.99959|19.608|2048|2048|True|1:1|253|253|75314032|61
86.43358|include_secondary_view|51.49781|19.4183|2048|2048|True|1:1|253|253|75314032|61
86.45294|include_secondary_view|51.44642|19.4377|2048|2048|True|1:1|253|253|75314032|61
86.47255|include_secondary_view|51.03473|19.5945|2048|2048|True|1:1|254|254|75314034|61
86.49246|include_secondary_view|50.20685|19.9176|2048|2048|True|1:1|253|253|75314032|61
86.51694|include_secondary_view|40.67952|24.5824|2048|2048|True|1:1|253|253|75314032|61
86.53269|include_secondary_view|63.71618|15.6946|2048|2048|True|1:1|253|253|75314032|61
86.55251|include_secondary_view|50.6055|19.7607|2048|2048|True|1:1|253|253|75314032|61
86.57253|include_secondary_view|50.38596|19.8468|2048|2048|True|1:1|253|253|75314032|61
86.59236|include_secondary_view|49.90766|20.037|2048|2048|True|1:1|253|253|75314032|61
86.61205|include_secondary_view|50.87428|19.6563|2048|2048|True|1:1|253|253|75314032|61
86.63152|include_secondary_view|51.19567|19.5329|2048|2048|True|1:1|253|253|75314032|61
86.65144|include_secondary_view|51.85699|19.2838|2048|2048|True|1:1|253|253|75314032|61
86.67034|include_secondary_view|51.34974|19.4743|2048|2048|True|1:1|253|253|75314032|61
86.69019|include_secondary_view|50.46809|19.8145|2048|2048|True|1:1|253|253|75314032|61
347.782|include_secondary_view|50.00002|19.99999|2048|2048|True|1:1|253|253|75314032|61
347.8881|include_secondary_view|13.24475|75.5016|2048|2048|True|1:1|253|253|75314032|61
347.8942|include_secondary_view|26.46294|37.7887|2048|2048|True|1:1|388|388|116198692|61
347.9205|include_secondary_view|38.4756|25.9905|2048|2048|True|1:1|253|253|75314032|61
347.9883|include_secondary_view|14.66977|68.1674|2048|2048|True|1:1|253|253|75314032|61
347.9946|include_secondary_view|153.9954|6.4937|2048|2048|True|1:1|253|253|75314032|61
348.0199|include_secondary_view|40.15467|24.9037|2048|2048|True|1:1|253|253|75314032|61
348.0292|include_secondary_view|101.7771|9.825397|2048|2048|True|1:1|253|253|75314032|61
348.0492|include_secondary_view|51.28941|19.4972|2048|2048|True|1:1|253|253|75314032|61
351.4436|include_secondary_view|630.3969|1.586302|2048|2048|True|1:1|253|253|75314032|61
351.5605|include_secondary_view|12.17994|82.1022|2048|2048|True|1:1|253|253|75314032|61
351.5659|include_secondary_view|25.09221|39.853|2048|2048|True|1:1|387|387|116198690|61
351.5819|include_secondary_view|61.27901|16.3188|2048|2048|True|1:1|253|253|75314032|61
351.6551|include_secondary_view|13.7726|72.6079|2048|2048|True|1:1|253|253|75314032|61
351.6589|include_secondary_view|226.2496|4.419898|2048|2048|True|1:1|253|253|75314032|61
351.6798|include_secondary_view|48.34724|20.6837|2048|2048|True|1:1|253|253|75314032|61
351.698|include_secondary_view|55.28833|18.087|2048|2048|True|1:1|253|253|75314032|61
351.7161|include_secondary_view|54.81074|18.2446|2048|2048|True|1:1|253|253|75314032|61
351.7343|include_secondary_view|55.23244|18.1053|2048|2048|True|1:1|253|253|75314032|61
351.7525|include_secondary_view|55.0867|18.1532|2048|2048|True|1:1|253|253|75314032|61
351.7784|include_secondary_view|38.9815|25.6532|2048|2048|True|1:1|253|253|75314032|61
351.7965|include_secondary_view|54.71895|18.27521|2048|2048|True|1:1|253|253|75314032|61
351.8143|include_secondary_view|55.70505|17.95169|2048|2048|True|1:1|253|253|75314032|61
351.8326|include_secondary_view|54.52234|18.34111|2048|2048|True|1:1|253|253|75314032|61
351.8508|include_secondary_view|55.14536|18.13389|2048|2048|True|1:1|253|253|75314032|61
351.869|include_secondary_view|55.15202|18.1317|2048|2048|True|1:1|253|253|75314032|61
351.8872|include_secondary_view|54.81284|18.2439|2048|2048|True|1:1|253|253|75314032|61
351.9059|include_secondary_view|53.34301|18.7466|2048|2048|True|1:1|253|253|75314032|61
351.9244|include_secondary_view|53.55984|18.67071|2048|2048|True|1:1|253|253|75314032|61
351.9427|include_secondary_view|55.6353|17.9742|2048|2048|True|1:1|253|253|75314032|61
351.9613|include_secondary_view|54.2906|18.41939|2048|2048|True|1:1|253|253|75314032|61
351.9793|include_secondary_view|54.83598|18.2362|2048|2048|True|1:1|253|253|75314032|61
351.9977|include_secondary_view|54.54198|18.3345|2048|2048|True|1:1|253|253|75314032|61
352.0155|include_secondary_view|55.62603|17.9772|2048|2048|True|1:1|253|253|75314032|61
352.0339|include_secondary_view|54.57948|18.3219|2048|2048|True|1:1|253|253|75314032|61
352.0529|include_secondary_view|52.84742|18.9224|2048|2048|True|1:1|253|253|75314032|61
352.0709|include_secondary_view|55.1837|18.12129|2048|2048|True|1:1|253|253|75314032|61
352.0893|include_secondary_view|54.52116|18.3415|2048|2048|True|1:1|253|253|75314032|61
352.1073|include_secondary_view|55.22025|18.1093|2048|2048|True|1:1|253|253|75314032|61
352.1256|include_secondary_view|54.97948|18.1886|2048|2048|True|1:1|253|253|75314032|61
352.1437|include_secondary_view|54.39632|18.3836|2048|2048|True|1:1|253|253|75314032|61
352.1622|include_secondary_view|54.80593|18.2462|2048|2048|True|1:1|253|253|75314032|61
352.1805|include_secondary_view|54.83809|18.2355|2048|2048|True|1:1|253|253|75314032|61
352.1987|include_secondary_view|54.65348|18.29709|2048|2048|True|1:1|253|253|75314032|61
352.2169|include_secondary_view|55.01276|18.1776|2048|2048|True|1:1|253|253|75314032|61
352.2352|include_secondary_view|54.72404|18.2735|2048|2048|True|1:1|253|253|75314032|61
352.2534|include_secondary_view|54.79392|18.2502|2048|2048|True|1:1|253|253|75314032|61
352.2717|include_secondary_view|54.65825|18.2955|2048|2048|True|1:1|253|253|75314032|61
352.2901|include_secondary_view|54.44369|18.3676|2048|2048|True|1:1|253|253|75314032|61
352.3084|include_secondary_view|54.66632|18.2928|2048|2048|True|1:1|253|253|75314032|61
352.3267|baseline|55.03608|18.1699|0|0|False|1:1|253|253|75314032|60
352.3358|baseline|105.2454|9.501601|0|0|False|1:1|132|132|40884258|60
352.3457|baseline|102.7971|9.727898|0|0|False|1:1|132|132|40884258|60
352.3551|baseline|104.3863|9.579798|0|0|False|1:1|132|132|40884258|60
352.3647|baseline|103.5068|9.661203|0|0|False|1:1|132|132|40884258|60
352.3745|baseline|104.2112|9.595897|0|0|False|1:1|132|132|40884258|60
352.3837|baseline|107.6148|9.292403|0|0|False|1:1|132|132|40884258|60
352.3935|baseline|103.1268|9.696797|0|0|False|1:1|132|132|40884258|60
352.403|baseline|103.5862|9.653798|0|0|False|1:1|132|132|40884258|60
352.4127|baseline|104.1395|9.602501|0|0|False|1:1|132|132|40884258|60
352.4222|baseline|103.9328|9.621599|0|0|False|1:1|132|132|40884258|60
352.432|baseline|103.975|9.617702|0|0|False|1:1|132|132|40884258|60
352.4415|baseline|103.5636|9.655903|0|0|False|1:1|132|132|40884258|60
352.4513|baseline|104.3265|9.585296|0|0|False|1:1|132|132|40884258|60
352.4608|baseline|103.5078|9.661103|0|0|False|1:1|132|132|40884258|60
352.4704|baseline|105.9165|9.441397|0|0|False|1:1|132|132|40884258|60
352.48|baseline|102.0013|9.803798|0|0|False|1:1|132|132|40884258|60
352.4898|baseline|104.2481|9.592503|0|0|False|1:1|132|132|40884258|60
352.4993|baseline|103.5111|9.660799|0|0|False|1:1|132|132|40884258|60
352.5091|baseline|103.2269|9.687401|0|0|False|1:1|132|132|40884258|60
352.5184|baseline|104.9483|9.528501|0|0|False|1:1|132|132|40884258|60
352.5282|baseline|103.9588|9.619197|0|0|False|1:1|132|132|40884258|60
352.5374|baseline|107.2984|9.319805|0|0|False|1:1|132|132|40884258|60
352.5472|baseline|103.7043|9.6428|0|0|False|1:1|132|132|40884258|60
352.5565|baseline|105.4185|9.485998|0|0|False|1:1|132|132|40884258|60
352.5664|baseline|103.4383|9.667603|0|0|False|1:1|132|132|40884258|60
352.5758|baseline|104.0941|9.606697|0|0|False|1:1|132|132|40884258|60
352.5856|baseline|103.9501|9.619997|0|0|False|1:1|132|132|40884258|60
352.5951|include_secondary_view|103.262|9.684106|2048|2048|True|1:1|132|132|40884258|61
352.614|include_secondary_view|53.90545|18.551|2048|2048|True|1:1|253|253|75314032|61
352.632|include_secondary_view|55.10645|18.1467|2048|2048|True|1:1|253|253|75314032|61
352.6502|include_secondary_view|55.13105|18.1386|2048|2048|True|1:1|253|253|75314032|61
352.6684|include_secondary_view|55.27182|18.0924|2048|2048|True|1:1|253|253|75314032|61
352.6865|include_secondary_view|54.86036|18.2281|2048|2048|True|1:1|253|253|75314032|61
352.7043|include_secondary_view|55.38079|18.0568|2048|2048|True|1:1|253|253|75314032|61
352.7231|include_secondary_view|54.8745|18.2234|2048|2048|True|1:1|253|253|75314032|61
352.7408|include_secondary_view|55.44744|18.0351|2048|2048|True|1:1|253|253|75314032|61
352.7591|include_secondary_view|54.86847|18.2254|2048|2048|True|1:1|253|253|75314032|61
352.7771|include_secondary_view|55.61272|17.9815|2048|2048|True|1:1|253|253|75314032|61
352.7956|include_secondary_view|54.06573|18.496|2048|2048|True|1:1|253|253|75314032|61
352.8137|include_secondary_view|55.09035|18.152|2048|2048|True|1:1|253|253|75314032|61
352.832|include_secondary_view|54.61854|18.3088|2048|2048|True|1:1|253|253|75314032|61
352.8501|include_secondary_view|55.23978|18.1029|2048|2048|True|1:1|253|253|75314032|61
352.8683|include_secondary_view|54.93329|18.2039|2048|2048|True|1:1|253|253|75314032|61
352.8865|include_secondary_view|54.9943|18.1837|2048|2048|True|1:1|253|253|75314032|61
352.9047|include_secondary_view|54.25288|18.4322|2048|2048|True|1:1|253|253|75314032|61
352.9232|include_secondary_view|54.81163|18.2443|2048|2048|True|1:1|253|253|75314032|61
352.9411|include_secondary_view|55.55586|17.9999|2048|2048|True|1:1|253|253|75314032|61
352.9599|include_secondary_view|54.35226|18.3985|2048|2048|True|1:1|253|253|75314032|61
352.9776|include_secondary_view|55.31402|18.0786|2048|2048|True|1:1|253|253|75314032|61
352.996|include_secondary_view|54.49741|18.3495|2048|2048|True|1:1|253|253|75314032|61
353.0143|include_secondary_view|54.77351|18.257|2048|2048|True|1:1|253|253|75314032|61
353.0323|include_secondary_view|55.25137|18.0991|2048|2048|True|1:1|253|253|75314032|61
353.0507|include_secondary_view|54.5161|18.3432|2048|2048|True|1:1|253|253|75314032|61
353.0689|include_secondary_view|55.08369|18.15419|2048|2048|True|1:1|253|253|75314032|61
353.0869|include_secondary_view|55.21293|18.1117|2048|2048|True|1:1|253|253|75314032|61
353.1049|include_secondary_view|54.7642|18.26011|2048|2048|True|1:1|253|253|75314032|61
353.1237|include_secondary_view|53.968|18.5295|2048|2048|True|1:1|253|253|75314032|61
353.1419|include_secondary_view|54.99975|18.1819|2048|2048|True|1:1|253|253|75314032|61
353.16|include_secondary_view|55.58398|17.9908|2048|2048|True|1:1|253|253|75314032|61
353.1782|include_secondary_view|54.7588|18.2619|2048|2048|True|1:1|253|253|75314032|61
353.1962|include_secondary_view|55.46313|18.02999|2048|2048|True|1:1|253|253|75314032|61
353.2144|include_secondary_view|54.74413|18.2668|2048|2048|True|1:1|253|253|75314032|61
353.233|include_secondary_view|54.16706|18.4614|2048|2048|True|1:1|253|253|75314032|61
353.2513|include_secondary_view|55.30944|18.0801|2048|2048|True|1:1|253|253|75314032|61
353.2695|include_secondary_view|54.38387|18.3878|2048|2048|True|1:1|253|253|75314032|61
353.2878|include_secondary_view|54.35966|18.396|2048|2048|True|1:1|253|253|75314032|61
353.3061|include_secondary_view|54.82426|18.2401|2048|2048|True|1:1|253|253|75314032|61
353.3242|include_secondary_view_optimized|54.55001|18.3318|256|256|True|1:1|253|253|75314032|61
353.3412|include_secondary_view_optimized|59.44032|16.8236|256|256|True|1:1|253|253|75314032|61
353.358|include_secondary_view_optimized|59.65803|16.7622|256|256|True|1:1|253|253|75314032|61
353.3745|include_secondary_view_optimized|60.65459|16.4868|256|256|True|1:1|253|253|75314032|61
353.3911|include_secondary_view_optimized|60.08822|16.6422|256|256|True|1:1|253|253|75314032|61
353.4082|include_secondary_view_optimized|58.19806|17.1827|256|256|True|1:1|253|253|75314032|61
353.4255|include_secondary_view_optimized|58.35905|17.1353|256|256|True|1:1|253|253|75314032|61
353.4421|include_secondary_view_optimized|58.96959|16.95789|256|256|True|1:1|253|253|75314032|61
353.4593|include_secondary_view_optimized|59.64558|16.7657|256|256|True|1:1|253|253|75314032|61
353.4757|include_secondary_view_optimized|60.20216|16.6107|256|256|True|1:1|253|253|75314032|61
353.4923|include_secondary_view_optimized|60.91394|16.4166|256|256|True|1:1|253|253|75314032|61
353.5087|include_secondary_view_optimized|60.5327|16.52|256|256|True|1:1|253|253|75314032|61
353.5254|include_secondary_view_optimized|59.62106|16.7726|256|256|True|1:1|253|253|75314032|61
353.5417|include_secondary_view_optimized|60.53597|16.51911|256|256|True|1:1|253|253|75314032|61
353.5586|include_secondary_view_optimized|60.46791|16.5377|256|256|True|1:1|253|253|75314032|61
353.5753|include_secondary_view_optimized|59.56849|16.7874|256|256|True|1:1|253|253|75314032|61
353.592|include_secondary_view_optimized|60.09796|16.6395|256|256|True|1:1|253|253|75314032|61
353.6086|include_secondary_view_optimized|60.26093|16.5945|256|256|True|1:1|253|253|75314032|61
353.6249|include_secondary_view_optimized|60.34201|16.5722|256|256|True|1:1|253|253|75314032|61
353.642|include_secondary_view_optimized|59.61821|16.7734|256|256|True|1:1|253|253|75314032|61
353.6587|include_secondary_view_optimized|59.78465|16.7267|256|256|True|1:1|253|253|75314032|61
353.6788|include_secondary_view_optimized|59.98873|16.6698|256|256|True|1:1|253|253|75314032|61
353.692|include_secondary_view_optimized|60.02365|16.6601|256|256|True|1:1|253|253|75314032|61
353.7087|include_secondary_view|60.07195|16.64671|2048|2048|True|1:1|253|253|75314032|61
353.7273|include_secondary_view|53.35638|18.7419|2048|2048|True|1:1|253|253|75314032|61
353.7456|include_secondary_view|54.59111|18.318|2048|2048|True|1:1|253|253|75314032|61
353.7635|include_secondary_view|55.16025|18.129|2048|2048|True|1:1|253|253|75314032|61
353.7892|include_secondary_view|39.36124|25.4057|2048|2048|True|1:1|253|253|75314032|61
353.8074|include_secondary_view|55.21202|18.112|2048|2048|True|1:1|253|253|75314032|61
353.8257|include_secondary_view|54.46979|18.3588|2048|2048|True|1:1|253|253|75314032|61
353.8436|include_secondary_view|55.05457|18.1638|2048|2048|True|1:1|253|253|75314032|61
353.8622|include_secondary_view|54.61108|18.3113|2048|2048|True|1:1|253|253|75314032|61
353.8807|include_secondary_view|53.88279|18.5588|2048|2048|True|1:1|253|253|75314032|61
353.8989|include_secondary_view|55.02911|18.1722|2048|2048|True|1:1|253|253|75314032|61
353.9169|include_secondary_view|55.28284|18.0888|2048|2048|True|1:1|253|253|75314032|61
353.9352|include_secondary_view|54.61586|18.3097|2048|2048|True|1:1|253|253|75314032|61
353.9536|include_secondary_view|54.68095|18.2879|2048|2048|True|1:1|253|253|75314032|61
353.9718|include_secondary_view|54.56551|18.32659|2048|2048|True|1:1|253|253|75314032|61
353.9905|include_secondary_view|53.47079|18.7018|2048|2048|True|1:1|253|253|75314032|61
354.0088|include_secondary_view|55.06333|18.16091|2048|2048|True|1:1|253|253|75314032|61
354.027|include_secondary_view|54.98132|18.188|2048|2048|True|1:1|253|253|75314032|61
354.0449|include_secondary_view|54.85373|18.2303|2048|2048|True|1:1|253|253|75314032|61
354.0636|include_secondary_view|54.63586|18.303|2048|2048|True|1:1|253|253|75314032|61
354.0817|include_secondary_view|54.71687|18.2759|2048|2048|True|1:1|253|253|75314032|61
354.0999|include_secondary_view|54.72735|18.2724|2048|2048|True|1:1|253|253|75314032|61
354.118|include_secondary_view|55.22084|18.10911|2048|2048|True|1:1|253|253|75314032|61
354.1363|include_secondary_view|54.94777|18.1991|2048|2048|True|1:1|253|253|75314032|61
354.1545|include_secondary_view|55.12194|18.1416|2048|2048|True|1:1|253|253|75314032|61
354.1728|include_secondary_view|54.70758|18.279|2048|2048|True|1:1|253|253|75314032|61
354.1912|include_secondary_view|54.55657|18.3296|2048|2048|True|1:1|253|253|75314032|61
354.2096|include_secondary_view|54.93028|18.2049|2048|2048|True|1:1|253|253|75314032|61
354.2274|include_secondary_view|55.15051|18.1322|2048|2048|True|1:1|253|253|75314032|61
354.2458|include_secondary_view|54.65704|18.2959|2048|2048|True|1:1|253|253|75314032|61
354.2638|include_secondary_view|54.64183|18.301|2048|2048|True|1:1|253|253|75314032|61
354.2822|include_secondary_view|55.12498|18.1406|2048|2048|True|1:1|253|253|75314032|61
354.3005|include_secondary_view|54.59855|18.31551|2048|2048|True|1:1|253|253|75314032|61
354.3189|include_secondary_view|54.53038|18.3384|2048|2048|True|1:1|253|253|75314032|61
354.3369|include_secondary_view|55.27948|18.08989|2048|2048|True|1:1|253|253|75314032|61
354.3553|include_secondary_view|54.64241|18.3008|2048|2048|True|1:1|253|253|75314032|61
354.3735|include_secondary_view|54.58068|18.3215|2048|2048|True|1:1|253|253|75314032|61
354.3919|include_secondary_view|54.66839|18.29211|2048|2048|True|1:1|253|253|75314032|61
354.4101|include_secondary_view|54.85584|18.2296|2048|2048|True|1:1|253|253|75314032|61
354.4284|include_secondary_view|54.75283|18.2639|2048|2048|True|1:1|253|253|75314032|61
354.4465|include_secondary_view|55.31677|18.0777|2048|2048|True|1:1|253|253|75314032|61
354.4653|include_secondary_view|50.00002|19.99999|2048|2048|True|1:1|253|253|75314032|61
357.5104|include_secondary_view|50.00002|19.99999|2048|2048|True|1:1|134|134|40884658|61
357.5381|include_secondary_view|36.07477|27.7202|2048|2048|True|1:1|134|134|40884658|61
357.7298|include_secondary_view|5.24078|190.8113|2048|2048|True|1:1|253|253|75314032|61
357.7509|include_secondary_view|45.98017|21.7485|2048|2048|True|1:1|253|253|75314032|61
357.7725|include_secondary_view|46.12867|21.67849|2048|2048|True|1:1|253|253|75314032|61
357.8014|include_secondary_view|34.65627|28.8548|2048|2048|True|1:1|253|253|75314032|61
357.823|include_secondary_view|46.04434|21.7182|2048|2048|True|1:1|253|253|75314032|61
357.8462|include_secondary_view|45.79992|21.8341|2048|2048|True|1:1|253|253|75314032|61
357.8665|include_secondary_view|46.21883|21.6362|2048|2048|True|1:1|253|253|75314032|61
357.8885|include_secondary_view|45.67879|21.892|2048|2048|True|1:1|253|253|75314032|61
357.9084|include_secondary_view|50.00002|19.99999|2048|2048|True|1:1|253|253|75314032|61
368.8001|include_secondary_view|50.00002|19.99999|2048|2048|True|1:1|134|134|40884658|61
368.8093|include_secondary_view|114.9901|8.696401|2048|2048|True|1:1|134|134|40884658|61
369.1144|include_secondary_view|3.295099|303.481|2048|2048|True|1:1|253|253|75314032|61
369.1342|include_secondary_view|46.33985|21.5797|2048|2048|True|1:1|253|253|75314032|61
369.1558|include_secondary_view|46.15293|21.6671|2048|2048|True|1:1|253|253|75314032|61
369.1775|include_secondary_view|45.94954|21.763|2048|2048|True|1:1|253|253|75314032|61
369.199|include_secondary_view|46.29544|21.6004|2048|2048|True|1:1|253|253|75314032|61
369.2209|include_secondary_view|45.89661|21.7881|2048|2048|True|1:1|253|253|75314032|61
369.2425|include_secondary_view|46.43021|21.5377|2048|2048|True|1:1|253|253|75314032|61
369.2641|include_secondary_view|46.01679|21.7312|2048|2048|True|1:1|253|253|75314032|61
369.2867|include_secondary_view|44.81692|22.313|2048|2048|True|1:1|253|253|75314032|61
369.306|include_secondary_view|51.07462|19.5792|2048|2048|True|1:1|253|253|75314032|61
369.324|include_secondary_view|55.33237|18.07261|2048|2048|True|1:1|253|253|75314032|61
369.3423|include_secondary_view|54.74054|18.268|2048|2048|True|1:1|253|253|75314032|61
369.3603|include_secondary_view|54.96106|18.1947|2048|2048|True|1:1|253|253|75314032|61
369.3787|include_secondary_view|54.93269|18.2041|2048|2048|True|1:1|253|253|75314032|61
369.3968|include_secondary_view|55.41761|18.04481|2048|2048|True|1:1|253|253|75314032|61
369.4151|include_secondary_view|54.76303|18.26049|2048|2048|True|1:1|253|253|75314032|61
369.4334|include_secondary_view|54.5378|18.33591|2048|2048|True|1:1|253|253|75314032|61
369.4517|include_secondary_view|54.57951|18.3219|2048|2048|True|1:1|253|253|75314032|61
369.4697|include_secondary_view|55.40504|18.0489|2048|2048|True|1:1|253|253|75314032|61
369.4879|include_secondary_view|55.20043|18.1158|2048|2048|True|1:1|253|253|75314032|61
369.5062|include_secondary_view|54.5667|18.3262|2048|2048|True|1:1|253|253|75314032|61
369.5244|include_secondary_view|55.01428|18.1771|2048|2048|True|1:1|253|253|75314032|61
369.5425|include_secondary_view|55.10886|18.1459|2048|2048|True|1:1|253|253|75314032|61
369.5604|include_secondary_view|55.20196|18.1153|2048|2048|True|1:1|253|253|75314032|61
369.5788|include_secondary_view|55.35168|18.0663|2048|2048|True|1:1|253|253|75314032|61
369.5969|include_secondary_view|55.2923|18.0857|2048|2048|True|1:1|253|253|75314032|61
369.6154|include_secondary_view|54.40666|18.3801|2048|2048|True|1:1|253|253|75314032|61
369.6335|include_secondary_view|54.35817|18.3965|2048|2048|True|1:1|253|253|75314032|61
369.6517|include_secondary_view|55.16055|18.1289|2048|2048|True|1:1|253|253|75314032|61
369.6701|include_secondary_view|54.23022|18.4399|2048|2048|True|1:1|253|253|75314032|61
369.6885|include_secondary_view|54.65615|18.2962|2048|2048|True|1:1|253|253|75314032|61
369.7067|include_secondary_view|54.57444|18.3236|2048|2048|True|1:1|253|253|75314032|61
369.7251|include_secondary_view|54.78582|18.2529|2048|2048|True|1:1|253|253|75314032|61
369.7433|include_secondary_view_optimized|54.62271|18.30741|256|256|True|1:1|253|253|75314032|61
369.7598|include_secondary_view_optimized|59.8885|16.6977|256|256|True|1:1|253|253|75314032|61
369.7772|include_secondary_view_optimized|58.15612|17.1951|256|256|True|1:1|253|253|75314032|61
369.7937|include_secondary_view_optimized|60.66082|16.4851|256|256|True|1:1|253|253|75314032|61
369.8108|include_secondary_view_optimized|58.69785|17.0364|256|256|True|1:1|253|253|75314032|61
369.8275|include_secondary_view_optimized|59.79324|16.7243|256|256|True|1:1|253|253|75314032|61
369.8441|include_secondary_view_optimized|59.79145|16.7248|256|256|True|1:1|253|253|75314032|61
369.8604|include_secondary_view_optimized|60.56312|16.5117|256|256|True|1:1|253|253|75314032|61
369.8774|include_secondary_view_optimized|60.24061|16.6001|256|256|True|1:1|253|253|75314032|61
369.894|include_secondary_view_optimized|59.96823|16.6755|256|256|True|1:1|253|253|75314032|61
369.9112|include_secondary_view_optimized|58.35938|17.1352|256|256|True|1:1|253|253|75314032|61
369.9274|include_secondary_view_optimized|60.9812|16.3985|256|256|True|1:1|253|253|75314032|61
369.9442|include_secondary_view_optimized|59.56459|16.7885|256|256|True|1:1|253|253|75314032|61
369.9607|include_secondary_view_optimized|59.74929|16.7366|256|256|True|1:1|253|253|75314032|61
369.9776|include_secondary_view_optimized|60.05646|16.651|256|256|True|1:1|253|253|75314032|61
369.9942|include_secondary_view_optimized|60.26746|16.5927|256|256|True|1:1|253|253|75314032|61
370.0108|include_secondary_view_optimized|60.40142|16.5559|256|256|True|1:1|253|253|75314032|61
370.0274|include_secondary_view_optimized|60.50814|16.5267|256|256|True|1:1|253|253|75314032|61
370.0439|include_secondary_view_optimized|60.59651|16.5026|256|256|True|1:1|253|253|75314032|61
370.0605|include_secondary_view_optimized|59.14325|16.9081|256|256|True|1:1|253|253|75314032|61
370.0771|include_secondary_view_optimized|61.16918|16.3481|256|256|True|1:1|253|253|75314032|61
370.0941|include_secondary_view_optimized|59.30635|16.8616|256|256|True|1:1|253|253|75314032|61
370.1104|include_secondary_view_optimized|61.005|16.3921|256|256|True|1:1|253|253|75314032|61
370.1272|include_secondary_view_optimized|59.26242|16.8741|256|256|True|1:1|253|253|75314032|61
370.1447|include_secondary_view_optimized|58.56482|17.0751|256|256|True|1:1|253|253|75314032|61
370.1613|include_secondary_view_optimized|58.7382|17.0247|256|256|True|1:1|253|253|75314032|61
370.1778|include_secondary_view_optimized|59.85334|16.7075|256|256|True|1:1|253|253|75314032|61
370.1948|include_secondary_view_optimized|60.00599|16.665|256|256|True|1:1|253|253|75314032|61
370.2118|include_secondary_view_optimized|58.60772|17.0626|256|256|True|1:1|253|253|75314032|61
370.2283|include_secondary_view_optimized|60.31074|16.5808|256|256|True|1:1|253|253|75314032|61
370.245|include_secondary_view_optimized|60.01753|16.6618|256|256|True|1:1|253|253|75314032|61
370.2614|include_secondary_view_optimized|60.99904|16.3937|256|256|True|1:1|253|253|75314032|61
370.2779|include_secondary_view_optimized|60.03157|16.6579|256|256|True|1:1|253|253|75314032|61
370.2952|include_secondary_view_optimized|58.42895|17.1148|256|256|True|1:1|253|253|75314032|61
370.3117|include_secondary_view_optimized|60.25586|16.5959|256|256|True|1:1|253|253|75314032|61
370.3284|include_secondary_view_optimized|60.36351|16.5663|256|256|True|1:1|253|253|75314032|61
370.3451|include_secondary_view_optimized|60.02111|16.66081|256|256|True|1:1|253|253|75314032|61
370.3615|include_secondary_view_optimized|60.8058|16.4458|256|256|True|1:1|253|253|75314032|61
370.3778|include_secondary_view_optimized|60.233|16.6022|256|256|True|1:1|253|253|75314032|61
370.3947|include_secondary_view_optimized|60.05681|16.6509|256|256|True|1:1|253|253|75314032|61
370.4111|include_secondary_view_optimized|60.67298|16.4818|256|256|True|1:1|253|253|75314032|61
370.428|include_secondary_view_optimized|59.57842|16.7846|256|256|True|1:1|253|253|75314032|61
370.4449|include_secondary_view_optimized|58.70509|17.0343|256|256|True|1:1|253|253|75314032|61
370.4621|include_secondary_view_optimized|58.417|17.1183|256|256|True|1:1|253|253|75314032|61
370.4785|include_secondary_view_optimized|59.96823|16.6755|256|256|True|1:1|253|253|75314032|61
370.4955|include_secondary_view_optimized|59.82721|16.7148|256|256|True|1:1|253|253|75314032|61
370.5121|include_secondary_view_optimized|60.21703|16.6066|256|256|True|1:1|253|253|75314032|61
370.5288|include_secondary_view_optimized|60.01248|16.6632|256|256|True|1:1|253|253|75314032|61
370.5455|include_secondary_view_optimized|59.69614|16.7515|256|256|True|1:1|253|253|75314032|61
370.5621|include_secondary_view_optimized|60.51183|16.5257|256|256|True|1:1|253|253|75314032|61
370.5785|include_secondary_view_optimized|60.02797|16.6589|256|256|True|1:1|253|253|75314032|61
370.5954|include_secondary_view_optimized|59.91647|16.6899|256|256|True|1:1|253|253|75314032|61
370.6122|include_secondary_view_optimized|59.84083|16.711|256|256|True|1:1|253|253|75314032|61
370.6289|include_secondary_view_optimized|60.0918|16.6412|256|256|True|1:1|253|253|75314032|61
370.6452|include_secondary_view_optimized|60.74707|16.4617|256|256|True|1:1|253|253|75314032|61
370.6622|include_secondary_view_optimized|59.0061|16.9474|256|256|True|1:1|253|253|75314032|61
370.6785|include_secondary_view_optimized|60.32055|16.5781|256|256|True|1:1|253|253|75314032|61
370.6953|include_secondary_view_optimized|60.42733|16.5488|256|256|True|1:1|253|253|75314032|61
370.7118|include_secondary_view_optimized|60.61634|16.4972|256|256|True|1:1|253|253|75314032|61
370.7288|include_secondary_view_optimized|59.52097|16.8008|256|256|True|1:1|253|253|75314032|61
370.7453|include_secondary_view_optimized|60.08354|16.64349|256|256|True|1:1|253|253|75314032|61
370.7628|include_secondary_view_optimized|58.17877|17.1884|256|256|True|1:1|253|253|75314032|61
370.7786|include_secondary_view_optimized|60.97745|16.3995|256|256|True|1:1|253|253|75314032|61
370.7961|include_secondary_view_optimized|50.00002|19.99999|256|256|True|1:1|253|253|75314032|61
374.1458|include_secondary_view_optimized|50.00002|19.99999|256|256|True|1:1|134|134|40884658|61
374.1573|include_secondary_view_optimized|87.29659|11.4552|256|256|True|1:1|134|134|40884658|61
374.3081|include_secondary_view_optimized|6.658881|150.1754|256|256|True|1:1|253|253|75314032|61
374.4399|include_secondary_view_optimized|7.60764|131.4468|256|256|True|1:1|253|253|75314032|61
374.5071|include_secondary_view_optimized|14.76754|67.7161|256|256|True|1:1|253|253|75314032|61
374.5268|include_secondary_view_optimized|50.00002|19.99999|256|256|True|1:1|253|253|75314032|61
389.0509|include_secondary_view_optimized|50.00002|19.99999|256|256|True|1:1|134|134|40884658|61
389.0616|include_secondary_view_optimized|92.37361|10.8256|256|256|True|1:1|134|134|40884658|61
389.3074|include_secondary_view_optimized|4.098213|244.0088|256|256|True|1:1|253|253|75314032|61
389.3263|include_secondary_view_optimized|49.727|20.1098|256|256|True|1:1|253|253|75314032|61
389.3457|include_secondary_view_optimized|50.71483|19.7181|256|256|True|1:1|253|253|75314032|61
389.3664|include_secondary_view_optimized|50.1321|19.9473|256|256|True|1:1|253|253|75314032|61
389.3857|include_secondary_view_optimized|49.7874|20.0854|256|256|True|1:1|253|253|75314032|61
389.4055|include_secondary_view_optimized|50.2051|19.9183|256|256|True|1:1|253|253|75314032|61
389.4259|include_secondary_view_optimized|49.85144|20.0596|256|256|True|1:1|253|253|75314032|61
389.4455|include_secondary_view_optimized|50.2356|19.9062|256|256|True|1:1|253|253|75314032|61
389.4655|include_secondary_view_optimized|50.37048|19.8529|256|256|True|1:1|253|253|75314032|61
389.4853|include_secondary_view_optimized|50.17133|19.9317|256|256|True|1:1|253|253|75314032|61
389.5017|include_secondary_view_optimized|60.7936|16.4491|256|256|True|1:1|253|253|75314032|61
389.5185|include_secondary_view_optimized|59.59726|16.77929|256|256|True|1:1|253|253|75314032|61
389.5351|include_secondary_view_optimized|60.36277|16.5665|256|256|True|1:1|253|253|75314032|61
389.5519|include_secondary_view_optimized|58.31755|17.1475|256|256|True|1:1|253|253|75314032|61
389.5691|include_secondary_view_optimized|59.07792|16.9268|256|256|True|1:1|253|253|75314032|61
389.5857|include_secondary_view_optimized|60.25295|16.5967|256|256|True|1:1|253|253|75314032|61
389.6024|include_secondary_view_optimized|59.82112|16.71651|256|256|True|1:1|253|253|75314032|61
389.6193|include_secondary_view_optimized|59.36303|16.8455|256|256|True|1:1|253|253|75314032|61
389.6361|include_secondary_view_optimized|59.49936|16.8069|256|256|True|1:1|253|253|75314032|61
389.6526|include_secondary_view_optimized|60.41422|16.55239|256|256|True|1:1|253|253|75314032|61
389.6691|include_secondary_view_optimized|60.04419|16.6544|256|256|True|1:1|253|253|75314032|61
389.6864|include_secondary_view_optimized|58.27946|17.1587|256|256|True|1:1|253|253|75314032|61
389.7035|include_secondary_view_optimized|58.55315|17.0785|256|256|True|1:1|253|253|75314032|61
389.7201|include_secondary_view_optimized|60.28891|16.5868|256|256|True|1:1|253|253|75314032|61
389.7366|include_secondary_view_optimized|60.27619|16.5903|256|256|True|1:1|253|253|75314032|61
389.7534|include_secondary_view_optimized|59.80573|16.72081|256|256|True|1:1|253|253|75314032|61
389.7697|include_secondary_view_optimized|60.72088|16.4688|256|256|True|1:1|253|253|75314032|61
389.7863|include_secondary_view_optimized|60.5316|16.5203|256|256|True|1:1|253|253|75314032|61
389.8035|include_secondary_view_optimized|58.50108|17.0937|256|256|True|1:1|253|253|75314032|61
389.8201|include_secondary_view_optimized|60.33691|16.5736|256|256|True|1:1|253|253|75314032|61
389.8365|include_secondary_view_optimized|60.57999|16.5071|256|256|True|1:1|253|253|75314032|61
389.853|include_secondary_view_optimized|60.90729|16.4184|256|256|True|1:1|253|253|75314032|61
389.8695|include_secondary_view_optimized|59.86698|16.7037|256|256|True|1:1|253|253|75314032|61
389.8864|include_secondary_view_optimized|59.79752|16.7231|256|256|True|1:1|253|253|75314032|61
389.9029|include_secondary_view_optimized|60.64943|16.4882|256|256|True|1:1|253|253|75314032|61
389.9201|include_secondary_view_optimized|58.25875|17.1648|256|256|True|1:1|253|253|75314032|61
389.9366|include_secondary_view_optimized|60.47304|16.53629|256|256|True|1:1|253|253|75314032|61
389.9533|include_secondary_view_optimized|59.78787|16.7258|256|256|True|1:1|253|253|75314032|61
389.9701|include_secondary_view_optimized|58.71853|17.0304|256|256|True|1:1|253|253|75314032|61
389.9874|include_secondary_view_optimized|59.36938|16.8437|256|256|True|1:1|253|253|75314032|61
390.0037|include_secondary_view_optimized|60.72824|16.4668|256|256|True|1:1|253|253|75314032|61
390.0205|include_secondary_view_optimized|59.43677|16.8246|256|256|True|1:1|253|253|75314032|61
390.0372|include_secondary_view_optimized|59.86124|16.7053|256|256|True|1:1|253|253|75314032|61
390.0539|include_secondary_view_optimized|60.02295|16.6603|256|256|True|1:1|253|253|75314032|61
390.0707|include_secondary_view_optimized|58.52401|17.087|256|256|True|1:1|253|253|75314032|61
390.0877|include_secondary_view_optimized|60.32674|16.5764|256|256|True|1:1|253|253|75314032|61
390.1042|include_secondary_view_optimized|60.09254|16.641|256|256|True|1:1|253|253|75314032|61
390.121|include_secondary_view_optimized|59.60079|16.7783|256|256|True|1:1|253|253|75314032|61
390.1375|include_secondary_view_optimized|60.10086|16.6387|256|256|True|1:1|253|253|75314032|61
390.1548|include_secondary_view_optimized|58.37508|17.1306|256|256|True|1:1|253|253|75314032|61
390.1709|include_secondary_view_optimized|60.64391|16.4897|256|256|True|1:1|253|253|75314032|61
